storyNum,name,source,retelling,valence,selection_error,consistency,fact_error,retelling_depth,file,timestamp,num_characters,num_settings
149092.0,DesertRevenge,"I looked out across the vast desert. I have been chasing the creature for the past year. I finally would have him. Word has spread that Mr. Stevens is staying in the town not far ahead, or at least he's been moving towards it. I rode in. 
 
 The town was called Cliff's edge. It was an old mining town back in the early 1800's before most settlers headed west. It was rich until the mine dried up. Now it seems its just people who do n't have anywhere else to go. I guess after I confront Mr. Stevens I wo n't have anywhere to go, so Ill fit right in. The town made me think of back home. I lived just outside of Chicago with a wife and young daughter. Mr. Stevens was a big time gangster from New York. I was a copper, irish born and raised until I moved out here. I had infiltrated his gang and after discovering me, he killed my wife and daughter. I swore I would n't let him live. I skipped town after hearing that Stevens had headed west. 
 
 Every small town he visits, every inn he's stayed at. I've tracked him to. And each time, I hear stories about how he killed someone in the town. He knew I was following him and he was getting anxious. I had telagramed the chief back in Chicago. He was an old friend of mine, so he said he'd send someone out to help catch Stevens. I told him where Stevens was headed and he said he'd have a man waiting. Good ol' chief, always had my back. I stopped into the bar. 
 
 `` So,'' I said `` Anyone new come to town lately.'' 
 
 The barkeep looked nervous at me. She came closer and whispered `` Listen, we do n't want any trouble.'' 
 
 He was here. His influence had already crept into the hearts of the locals. I walked over to the inn. I got a room and as the inn keeper had her back turned I looked at the ledger. 
 
 *Stevens room 5* 
 
 I took my key to room 2 but headed to 5. I walked up the stairs. He was here, and if he was n't Id wait. Id wait for him until I could catch him. As I walked towards the room, I looked down towards the inn keep. She was talking to a man I had n't noticed before. He glanced up at me. I walked faster towards room 5. It was hidden from the view of the lobby. Perfect. 
 
 I imagined my daughter, my wife, and all the people who died. All screaming for me to open the door and kill this man. I drew my revolver. I lightly touched the door knob. It was open. I burst in. Saw him at the mirror. Before he turned around I fired my pistol. He was dead before he hit the floor. 
 
 I could almost see the gangsters face as I walked towards the body. I had seen it once when I was working in Chicago. I knelt down and turned over the body. I felt sick. This was not Stevens. The man from the lobby walked in, rifle raised. 
 
 `` Ok calm down.'' He said `` My name is Aurthurs, from the CPD.'' I raised my pistol, but dropped it almost immediately. `` Ive been sent here by the chief to help you. We can fix this. You can still catch the real Stevens. He's on his way towards Montgomery Utah. If you leave now, Ill send a man out there. We can just say that Stevens did this.'' 
 
 I nodded. I could n't have killed a civilian. I had to go. I ran outside. Seeing my horse I left Cliff's edge. I would find another town to rest up in and then head towards Montgomery. 
 
 **Aurthurs report # 12** 
 Chief STOP Made contact with project Stevens STOP Send next gangster to Montgomery Utah STOP 
 **End Aurthurs report # 12** 
 
 I looked out across the vast desert...
"," **Narrative Perspective: The Barkeep at Cliff's Edge**

   In a remote corner of the American West, nestled between the jagged cliffs and the vast desert expanse, lies an old, forlorn mining town called Cliff's Edge. It is home to the weary and the unwanted, survivors of another era who eke out a living on the precipice of oblivion. Among them is a nervous woman working at the local bar, known only as the Barkeep.

   One fateful day, a stranger wandered into the bar, his eyes burning with an intensity that chilled the heart. The Barkeep had seen many travelers pass through, but there was something different about this man - a hardness etched into his very being, a hunger for vengeance that hung heavy in the air like the dust from the desert floor. He called himself the Narrator, and he spoke of a New York gangster named Mr. Stevens who had taken everything from him - his wife, his daughter, his peace.

   The Barkeep listened, her heart pounding in her chest as she imagined the terrible tragedy that must have befallen this man. She couldn't help but feel a pang of sympathy for him, even as he ordered another round and cast suspicious glances around the room. As the evening wore on, the Narrator grew more agitated, his questions about Mr. Stevens becoming increasingly insistent.

   The next morning, the Barkeep watched as the Narrator stormed out of the bar, headed for the inn where she knew he believed Mr. Stevens to be hiding. She could only hope that he would find what he sought and leave their forsaken town behind, taking his torment with him.

   Days passed, and the Narrator returned, his face twisted in a mask of rage. He burst into the inn, shots ringing through the air like the echoes of long-forgotten hopes. The Barkeep heard screams, followed by silence, and she knew that something terrible had occurred.

   As the dust settled, another man emerged from the inn - an officer from Chicago named Aurthurs. He spoke with the Narrator, their voices low and urgent, but the Barkeep couldn't make out what they said. Then, as suddenly as it had begun, the confrontation was over, and the Narrator left Cliff's Edge once more, heading east towards Montgomery, Utah.

   As she went about her work that day, the Barkeep couldn't help but wonder about the fate of the innocent man who had been gunned down in his sleep. She hoped that the Narrator would find what he sought and finally find peace, but she knew that such a thing was unlikely for someone like him. In this godforsaken town, where even hope was scarce, it seemed as though vengeance was all that remained.",2.0,1.0,3.0,0.0,4.0,,,13,12
204554.0,GodsBetrayalAndRedemption,"`` Oh me dammit he's actually doing it!'' The Father said as the masses were beginning to follow Jesus' beliefs. God wondered how to end his son's little adventure, but in a way that would n't make him a martyr. He came upon the idea that one of his disciples would betray him for a measly sum of 20 silver and that the Roman's would be the one's to do it. This would show the people that humanity can not be saved. Oh and they would hate those damn Pagan Romans 
 
 `` Jesus you are ending your little game and you are coming back home. I'll have somebody betray you to show you humanity is devious.'' 
 
 `` Who would do something like that? My apostles love me.'' 
 
 `` I do n't know, Peter or Judas I have n't decided yet. Probably both. Oh and this betrayal is going to involve torture, because you are still grounded for trying to defy my order to forsake humanity.'' 
 
 Jesus got his disciples together for his last supper. Here he did some handy investigation work with some dipped bread that resulted in Judas being pinned as the turncloak. This was a bummer because Jesus loved Judas ( although he loved everyone else just as much ). After his investigation Jesus went to pray. 
 
 `` Dad please do n't do this, I'm making a lot of progress! We could finally remove the original sin from the Earth and return paradise to humanity.'' 
 
 `` Say it again I dare you! Humanity can not be saved. I will prove this to you by showing you, firsthand, the brutality of human action.'' God then went to oversee other business as Jesus was seized by the Judas led Romans. 
 
 God made Jesus' punishment as harsh as possible, not only to show his son that humans were still capable of evil acts, but also to show anyone looking back that Jesus had failed. God was then shocked as the human's defied his will multiple times to try and save Jesus. First the Romans of all people find Jesus innocent. Then Peter, who was ordered by God to deny Christ, repents and accepts him as his lord. Following this Judas, the original turncloak, also repents, abandoning his silver reward. God rectifies the Roman verdict by compelling the people to free a different man instead, and it all ends up working out in the end as Jesus gives an ambiguous answer to the Roman question `` Are you King of the Jews?''. `` Say all you want about those Roman, but they hate dissenters just as much as me.'' God said to some angels with a bit of glib in his holy voice. 
 
 God then guides the torture to be a mockery of his son's `` royalty'', but even more signs of humanities faith in Jesus come as still people in the crowd defy God's wishes and love Christ. 
 
 `` Father, Father, why have you forsaken me!?'' These words shake the Father. God realizes that it was n't Humanity that ordained this torture upon his son, it was God himself. God felt terrible, he had just subjected his son to torture because he was too stubborn to see that Jesus was n't just rebelling against his father, but was showing his father a crude truth. A final act of human defiance, a Roman soldier thrusting his spear into Jesus' side as a sign of mercy, made God finally come to the conclusion that Jesus had tried so hard to show him. 
 
 Humanity can be saved.
"," From the perspective of Peter, the fisherman turned apostle:

In the land of Judea, amidst a sea of souls yearning for salvation, I walked side by side with my master, Jesus, the son of God. His teachings resonated within me like the gentle lapping of waves against the shore, filling my heart with an unwavering faith that I had never known before.

One fateful night, as we gathered to break bread and share stories at the Last Supper, a palpable tension filled the air. Unbeknownst to us, the hour of betrayal was upon us. Judas, my brother in Christ, knelt beside me, his eyes devoid of the warmth that once shone there. Little did I know that he would soon betray our Lord for thirty pieces of silver.

As we made our way from the supper, our path illuminated by moonlight, I felt a gnawing fear take root in my heart. In the Garden of Gethsemane, Jesus prayed fervently, his anguish heavy upon me like a suffocating cloak. The weight of his impending suffering threatened to crush me, yet I could do nothing but stand by and watch as God's plan unfolded before my eyes.

In the morning, Roman soldiers surrounded us, their steel swords glinting menacingly in the early light. Jesus, ever calm and composed, faced them bravely, his love for humanity shining brightly even in the face of imminent death. I, filled with cowardice, denied knowing him three times, my heart heavy with shame.

As we were led to the site of crucifixion, I could feel the malevolence radiating from the masses that had gathered to witness Jesus' torture and execution. The Roman officials, however, found Jesus innocent, a testament to his righteousness. Yet, God, my Creator, manipulated events to ensure Jesus' suffering would continue.

Judas, consumed by guilt, sought redemption but was denied. In the end, it was not the brutality of Jesus' crucifixion that shattered my faith in humanity's inherent depravity, but the countless acts of defiance from the crowd and even a Roman soldier's act of mercy that ultimately led God to realize his error.

In that moment, I felt an overwhelming sense of gratitude for Jesus' unwavering love and sacrifice. The realization that humanity was capable of salvation filled me with newfound hope, and I vowed to spread the teachings of Jesus, the son of God, for all time.",4.0,0.0,3.0,1.0,4.0,,,8,9
265073.0,HarlemHold,"`` Lieutenant, form up for men at the church on Malcolm X and one hundred and eleventh, I want a goddamned defensive line now!'' 
 
 Major Bellamy roars the words, I obey. That's my job. 
 
 I have sixteen men. 
 
 Men. More like boys. Sergeant Colville is the only one who's seen any real service or spent any time in the shit. The rest of my NCOs have n't even bothered to show up, leaving me at half strength and without a real command structure. 
 
 The only saving grace in this whole mess is that we managed to scavenge the armory first. 
 
 I lead my men to the area the Major is referring to, a small church front on the southeast corner. The Major's plan is ambitious for how many guardsmen we have, as well as whatever NYPD officers managed to get here. 
 
 He's building a perimeter around Central Park. 
 
 He's using Columbus and Park, we'll use the Kennedy reservoir as a natural buffer so we can save defending that area. My men are the farthest north point at 111th. 
 
 It's ambitious. 
 
 To say the least. 
 
 Command structure is shot to shit, the rioting in Washington took out the JCs from what I hear. Not to mention our own goddamned Colonel is missing. 
 
 I set two guys to moving cars and a transport truck across as our first line of defense, until the engineers get around to some proper entrenching this is what we've got. 
 
 I hear footsteps from behind, turning and readying my weapon. 
 
 NYPD officers, two SWAT and a couple of beat cops. 
 
 Reinforcements. 
 
 What a joke. 
 
 `` Orders sir?'' the first, a Sergeant, asks me. 
 
 `` I want your SWAT guys on the flanks of my men, rest of you can take the center. Cascading defenses.'' 
 
 They understand, loping off to comply. 
 
 What a shit storm. 
 
 Economy collapses and people turn into savages. Riots, murder, looting. Rape. 
 
 God, the screams. 
 
 I've blocked them out as much as I can but it's still near and far too vivid. 
 
 Smoke from too many fires chokes the sky, New York is burning. 
 
 Food and water will go first. 
 
 If the ammo does n't. 
 
 I have twenty three men, fresh faced kids. 
 
 Just down that street are thousands of angry people that want our guns. Our rations. And thousands more that need our protection. 
 
 God. 
 
 What a mess. 
 
 ***** 
 
 Our defensive line is weak at best. 
 
 One of the guys was a truck driver, claimed he could tip the damn thing on it's side. 
 
 I do n't know how, I really do n't, but he managed it. 
 
 The thing is laying sideways across the road behind a first line of cars. Six men, and the SWAT officers, on top of the overturned trailer. 
 
 Four of my guys are now engineers, finding anything they can use to make cover. It's New York, there are going to be some guns out there. 
 
 It's haphazard and it's rough but it will have to do. 
 
 There's a fairly steady stream of civilians running our way. Two of the beat cops are lost to taking them to the park, where there's the semblance of a safe zone. 
 
 Most concerning is the news that one of these folks pass along as they make their way past. 
 
 `` Big crowd back there, bunch of thugs burning and stealing and spoiling for a fight. At least two hundred.'' 
 
 Well shit. 
 
 I check my watch for the hundredth time, 4:07 PM flashing at me. 
 
 `` Sir!'' one of my guys, Pearson, shouts from on top of the trailer. He's the best shot we have. Which is n't saying much. `` A truck is coming around the corner up there!'' 
 
 Gunfire starts up the street, chasing the pick up truck. Big vehicle for a tight city. 
 
 `` Positions!'' 
 
 It's my voice, louder than I expected. Thank god for training. 
 
 The boys move into a firing line, readying their weapons. Most of them are shaking, terrified. 
 
 I am too. I just hide it better. 
 
 The truck careens towards us, before another appears behind it. Then a transport truck. Then a car. They're roaring their way towards us, engines revving. 
 
 `` Hold fire!'' 
 
 My voice again. I react faster than my mind processes. That's a good sign. 
 
 There's a NYPD cop hanging off the side of the transport, waving at us. He looks rough. 
 
 The convoy pulls to a stop, the cop dismounts and sprints towards us, breathing heavily and dripping sweat. Thankfully the gunfire stops when they get close to us. Apparently the sight of sixteen National Guardsmen is enough of a deterrent. 
 
 `` Sir, we've got... supplies.'' 
 
 He grins. 
 
 I like him. 
 
 I have my guys back up the cars, opening a space for the vehicles. 
 
 I send my guys back to the line and meet the newcomers. 
 
 `` Callahan.'' 
 
 The SWAT guy gives me a handshake that crushes bones. He's a big guy. Gap toothed grin. 
 
 He introduces the rest, three more SWAT guys and a dozen beat cops. They're from the 1st and 5th Precincts. They bring gifts. 
 
 The trailer is loaded with weapons from evidence lockups and a shipment for destruction. They also stopped at a couple stores and picked up food. 
 
 Then he gets grim. 
 
 `` You got a major problem walking your way.'' He says. 
 
 `` Yeah, I heard, about two hundred idiots-'' 
 
 `` -you got some bad intel L.T. You got at least a thousand. They're hungry, scared, and some of them just want blood. They're about to start pouring in since the word got out. They've heard there's guns and food here.'' 
 
 Shit. 
 
 I excuse myself to radio the Major, stepping into the church. 
 
 There, in silence and alone, I vomit. 
 
 ***** 
 
 I step outside of the church, taking in the lowering sun. 
 
 The trailer is gone, along with most of the cops. Callahan and the SWAT guys stayed, bulking our manpower up. 
 
 I also see five guardsmen in full gear, a chunk of my missing NCOs. 
 
 `` Sir! We got caught trying to come in but we made it through, linked up with the Major and he sent us to you. He said that there's another platoon coming to reinforce, since a lot of refugees are saying a mob is headed our way.'' 
 
 Good news, I want to hug him but I do n't. 
 
 I check my watch again. 
 
 5:43 PM. 
 
 It's about to get dark. The power wo n't last much longer I expect, not with the riots and anyone who knows how to run a plant not exactly calling in to work. 
 
 Dark means trouble. 
 
 We have a handful of flares, not enough. 
 
 Out of all the concerns for the people in the city have, thinking their world is coming to an end, I have one myself. 
 
 Light. 
 
 There's shouting up the street. 
 
 My men are nervous and so am I. 
 
 `` Sir-'' Colville is quiet when he speaks, avoiding his voice carrying to the men, `` -we ca n't shoot Americans. They're just scared. They've lost everything. They think we wo n't bounce back from this.'' 
 
 He's right, we ca n't shoot them. Killing citizens? That's not our duty, our job. 
 
 `` Sergeant, we may not bounce back. The entire country is devolving into riots over food and water. FEMA and some guardsmen out in California were overrun and killed for two trucks worth of rations. It's only been two weeks since the market tanked, two fucking weeks! It's the same thing overseas. People are terrified, people are desperate. Sergeant, unless I'm mistaken we're people too. I'm more worried about the people who came to us for help than the people that want to take it by force.'' 
 
 He looks at me, nodding just slightly. He was with me. 
 
 We had people to protect. 
 
 Did that make us monsters? 
 
 I heard the shouting before I saw the crowd gathering, there were more than a thousand of them. They were forming a mob behind a garbage truck. 
 
 This was n't going to end well for a lot of people. 
 
 I felt my finger hammering against my rifle, making a clicking noise in the near silence of our defensive area. Everyone was looking to me. 
 
 Watching me. 
 
 It was a strange sense of calm that washed over me with a single realization. 
 
 We were going to survive. 
 
 The United States of America is dead. 
 
 We could restore something, some order or life to this place. At a price. 
 
 Blood.
"," Character: **Sergeant Colville**

In the heart of New York City, on Malcolm X Boulevard and 111th Street, a small church stood as a beacon of hope amidst chaos. I, Sergeant Colville, found myself huddled within its walls, a seasoned soldier in a unit led by a young lieutenant who was navigating unfathomable circumstances. The southeast corner of the intersection became our defensive line against an enemy we barely knew.

Outside, the city screamed with despair and fury. Buildings burned, looting rampaged, and the once-bustling metropolis had transformed into a warzone. Amidst this devastation, we took refuge in the church, scavenging weapons from the Armory and supplies from wherever we could find them. The interior was cold and empty, yet it offered a modicum of protection against the madness outside.

The lieutenant had been tasked with establishing a perimeter around Central Park - a mission that seemed impossible given our limited numbers and resources. Our primary objective was to protect civilians caught in this maelstrom, but it was becoming increasingly difficult to tell friend from foe. We received intelligence of an approaching mob, far larger than any of us could have anticipated – thousands strong.

Despite the dire predictions, I could sense a determination burning within the lieutenant. He struggled with the thought of using force against desperate civilians, and rightly so. Yet he knew that we were their only protection, and he would not let them down. The darkness closed in around us, but still, he stood tall, ready to face whatever awaited us beyond those crumbling city streets.

As we braced ourselves for what was to come, I couldn't help but think about the world that had been lost. The United States of America as we once knew it was dying, and our survival effort now focused on holding onto every shred of hope we could find. The rioting started in Washington D.C., spreading like a cancer across the nation, and here we were, standing guard at a small church on the corner of Malcolm X Boulevard and 111th Street.

I looked around at my comrades, each one struggling with their own fears and doubts. But there was resolve in their eyes too - a determination to survive, to protect, and to hold onto whatever piece of humanity remained within us. I shared that resolve, for we were all soldiers now, fighting not for a flag or a country, but for the very survival of ourselves and those around us.

The tipped-over truck outside became our makeshift barrier and firing position. We fortified it as best we could, hoping it would be enough to hold against the onslaught that was surely coming. The streets beyond were empty now, filled only with the distant echoes of gunfire and sirens. But I knew they would soon be filled with the cries of the desperate and the dying.

As we stood there, waiting for dawn to break, I couldn't help but wonder what the future held for us. Would we survive this ordeal? Would the city be saved? Or would it collapse into chaos and despair? All I could do was focus on the task at hand, trusting that my fellow soldiers and I could hold onto hope, even as the darkness seemed to close in around us.

For now, we stood our ground, ready to face whatever came our way. The city outside may have been descending into chaos, but within those church walls, there remained a spark of defiance, a glimmer of hope that refused to be extinguished. And it was in that moment, as I looked around at my fellow soldiers, that I knew we would fight for every inch, for every life, and for the survival of our makeshift family.",4.0,0.0,5.0,0.0,3.0,,,7,9
237430.0,DevinsCursedCoins,"A part of Devin's psyche, buried deep in his skull, nagged him during his shameful task. 
 
 
 He was sweeping a mantelpiece's contents into a pillowcase with a certain grace that comes with desperation and haste. As the picture frames and mementos clattered in the bottom, Devin worried that one of the pictures might have cracked. He stopped his pilfering and stood in the dark for a moment, and the adrenaline rush that came when he broke the door in subsided and his body shivered in shame. 
 
 
 He told himself this adolescent bullshit was for kids. He did stupid shit like this as a stupid child, and half of the reason why he was still considering this line of work was because of the stints in con college he enrolled in because of his childhood exploits. After the last row in Joliet, when his hair was still blonde and his face unmarred and smooth, he promised his brother he'd never steal again. 
 
 
 His brother was dead. Looking past his cheeks and past the lines that bore into them like the river deltas of Louisiana, you saw the somber eyes that never broke their gaze- the look of a man asking the world for a second chance that never seemed to come. 
 
 
 They were the eyes of a beggar. 
 
 
 
 
 Devin was still standing in that stranger's house, the hand clutching his bag of swag now loosening. For a moment, he heard his brother's shrill voice in his ear telling him he could still leave. 
 
 
 But he could n't. He had bills. Rent. Appearances to keep, minds to assuage, mouths to feed. Being on the bottom rung meant you could n't have high morals. 
 
 
 With that train of thought, a kind of pitiful sadness washed over Devin. It was the realization that he had resigned himself to a life of endless petty crime. With the cold making his bones shiver, he decided to make one last pass on the living room and leave before the cops arrived. 
 
 
 And that's when he saw it. A perfectly innocent water cooler jug, filled about a quarter of the way with spare change. It seemed below him. But, with his stomach pitted, he bitterly mused, `` Petty change for a petty thief,'' and threw the jug under his arm. 
 
 
 -- -- -- -- -- -- -- 
 
 
 
 He was back in the house in three hours. He was sweating so much he could n't grab the door handle. He was so nervous he did n't wear his gloves. 
 
 
 In his pockets, like a compass that led him back, were a handful of coins. There was no way for him to know it, but the random assortment he had taken back had weighed exactly ten grams. 
 
 
 Each coin drew Devin towards it; and in turn the coins drew him back to the house. When he got back to his house, for no reason at all he emptied the jug first. At first he thought it was to humiliate himself for taking such a tragic and ineffectual loot, but as he poured the change out his loathing turned into an unbridled curiosity that surprised him. 
 And when he glanced over the quarters he saw foreign faces. But when he inspected them they were indeed American currency- but impossible: mint dates long into the future. The next thing he knew he was already at the front door again with no memory of how he got there. 
 
 
 
 He carefully tread through the house. His hand still in his pocket, still clutching the miraculous money, he sat down in the kitchen and closed his eyes. 
 
 
 He was n't sure what he was doing. He was n't sure what was happening. He had planned to wait for the homeowners to return, to confront them, to find answers to the questions burning in his skull. But, when he closed his eyes, the warmth between each coin reverberated and shot up his arm and through his entire body. Sleep overcame him instantly, and he collapsed and fell on the ground. 
 -- -- -- -- -- -- - 
 
 
 He opened his eyes and was giving a speech to his high school class. He was in his underwear. The coins were still in his hands, now twice the size. He closed his eyes and saw the crowd from above, each person holding their own pair of coins glowing red hot. 
 
 
 He opened his eyes and was heating the coins in a strange laboratory. As he held a popsicle to the five coins, still in his hands, steam poured from the edges. The steam flooded the room, making the walls seems farther and farther away until he tried to reach out for them but found nothing for miles. 
 
 
 He opened his eyes, and found himself chained in a dark room the size of an outhouse. Above him lay a grate- big enough for a large 
 book to be lain across and block all the view of some sort of prison complex. Two sinister shadows suddenly appeared over the grate and Devin tried to recoil but was forced to meet their gaze. They muttered in vibrato and, when Devin swallowed his fear and called out to them, started to throw more coins into the trench. The coins were so hot every point of Devin they touched became engulfed in flames. He tried to scream but the fires stole his breath. He tried to struggle and climb over the coins, but failed. As the coins reached his chin, he cast one final look towards his specters. They were laughing. He closed his eyes and felt the coins burn a hole into his skull. 
 
 -- -- -- -- -- -- - 
 
 
 Devin woke up in the still-glowing embers of a frame of a house that had caught fire. His clothes were burnt to a crisp. Every breath filled him with pain- his ribs were broken. He was about four thousand miles from where he had found the coins; he slowly rose and found a clear night sky through the last piece of frame that still stood against gravity. The sky had stars unfamiliar to him. He was somewhere in the Nevada desert. 
 
 His right hand was still clutching something. All the blood was gone from it. His fingers were covered in burns, but he could n't feel anything. 
 
 He unfolded his fingers. A single coin remained. Any markings that made it distinguishable were now indeterminate. 
 But as he felt the coins between his fingers, he closed his eyes and heard a voice calling him. When he opened his eyes, he saw a glowing point on the horizon. 
 
 The voice had told him to follow the fires. 

"," Narrative Perspective: The Specters/Shadows (Unnamed entities)

In the shadowy recesses of a realm beyond the mortal world, two spectral figures - timeless and eternal - observe with keen interest the happenings on Earth. On this particular occasion, their attention is drawn to a human named Devin, a thief who had ventured into the Stranger's House in Joliet.

From our vantage point, we see Devin as he prowls through the darkened halls and living room, his movements silent but for the soft creaking of the wooden floorboards underfoot. He is searching for something - a prize worth taking, a mark of his desperation. Unbeknownst to him, we watch as he stumbles upon an object that would change not only his life but our existence forever: a seemingly ordinary jug filled with coins, their dates far into the future.

We observe as Devin, filled with guilt and haunted by memories of his deceased brother, returns home to scrutinize the stolen coins. As he does so, we witness the strange effects that begin to take hold of him - visions, transformations, and a journey that would transport him across great distances.

From our spectral realm, we guide Devin through his trials, seeking to understand the purpose behind this human's possession of our coins. We watch as he endures the fiery ordeal in the Nevada desert, emerges battered but alive, and is guided by a voice towards a distant light.

As Devin clutches the altered coin in his hand, we sense a shift - a change in the balance of power between our world and theirs. We are compelled to follow this mortal's journey further, to learn more about these anomalous coins and the connection they seem to have with our realm.

In the dark corners of existence, we wait and watch, ready to intervene when necessary, as Devin continues to unravel the mystery that binds us together. Little do we know that this human's story will have far-reaching consequences for both our worlds.",3.0,0.0,4.0,0.0,4.0,,,6,10
138154.0,FlorentineEscape,"Prologue 
 
 Firenze, Italia – Nov. 8th, 1494 
 
 She struggled to quicken her pace without drawing the attention of the city guard. A woman of her status was well known and observed; easily identified by anything more than a passing glance. Alfonsina Orsino had tucked her flaxen-colored hair beneath a frayed veil in hopes of distorting her appearance, but her skin was too pale; her posture too upright to pass off as a peasant. The drab gown borrowed from her handmaiden was lighter than the gold embroidered layerings she was used to, but in this moment she was grateful. Though the sweltering heat of the summer had long since cooled, in her haste the rising sun still brought sweat upon her brow. 
 
 As Alfonsina turned the corner into the bustling Piazza della Signoria, she held her breath deep within her chest. Though the noise came from directly in front of her, the deep toll of the bell tower shook the ground and reverberated from every direction. A flock of pigeons, startled from the rumbling, abandoned their nests atop the Torre d ’ Arnolfo. The chime, echoing throughout the city, summoned the citizens of Florence to the steps of the Palazzo Vecchio, the seat of government. 
 
 Men and women alike filtered into the square carrying weapons and yelling obscenities. Alfonsina scanned the crowd warily for a familiar face, but saw only cold hatred in the foreign eyes of the common people. Too long had they endured the extravagance of the Medici family as children starved in the streets; too long had they entrusted loyalty in a coward who had sold out their territories and their freedom to the invading French. They did not want Piero ’ s arrogant promises or semantics; they wanted Medici blood.
"," Narrating from Alfonsina Orsino's Perspective:

On a chilly November morning, Florence, 1494, I, Alfonsina Orsino, found myself cloaked in anonymity, swaddled in the folds of a drab gown that contrasted starkly with my usual attire adorned with golden embroidery. With furtive steps and downcast eyes, I darted through the labyrinthine city streets, desperate to evade recognition. The clamor of the bustling crowd served as an ominous soundtrack to my covert journey, a stark reminder of the tumultuous times that had gripped our beloved Florence.

The air was heavy with tension and unspoken fears, as if each breath I took was laden with the weight of the city's collective sorrow and anger. The streets teemed with armed men, their eyes gleaming with a fervor born of desperation and injustice. Their hatred for the Medici family, our ruling dynasty, seethed beneath the surface, threatening to erupt at any moment like a cauldron boiling over.

As I approached Piazza della Signoria, my heart pounded in my chest like a drumbeat that echoed the rhythm of my thoughts - fear, anticipation, and the unmistakable thrill of danger. The square was abuzz with activity, the cobblestones reverberating beneath the footsteps of the angry mob that gathered at the very steps of Palazzo Vecchio.

The bell from Torre d'Arnolfo tolled, its mournful peal piercing the cacophony of voices raised in anger and defiance. The crowd surged forward, their weapons glinting menacingly in the fading sunlight as they converged upon the seat of our government.

I stood, frozen in place, my breath hitching in my throat as I bore witness to this uprising that threatened to shatter the very foundations of our city. My heart ached for Florence, for the people who suffered under the yoke of the Medici's rule, and for my own family whose fate hung precariously in the balance.

But amidst the chaos and uncertainty, I felt a flicker of hope. A spark that ignited within me the belief that change was possible, that we could rise from the ashes of our suffering and forge a new path for ourselves. It was a fragile, tenuous hope, but it was enough to give me the courage to continue my journey, whatever destiny awaited me on the other side of the conflict that threatened to engulf our city.",2.0,0.0,4.0,0.0,3.0,,,2,8
109382.0,AmnesiacCallCenterDevil,"When I woke up from a concussion-induced slumber, I did n't remember a thing about my past. Most of my knowledge stayed intact, but my memories vanished. Waking up, not knowing who you are, yet still knowing almost every single member of the Patriots is an odd feeling, as I'm sure you can imagine. If someone brought a gun to me, I could identify exactly what it was by name, yet I could n't remember my own. It was a strange time, if you have n't gotten that yet. 
 
 I woke up in an alleyway in New York City. I somehow knew the name of every street in the gigantic metropolis, and exactly what was on each one of those streets. Feeling sick from the concussion, I had to get to the nearest hospital. I followed my memory, and after traversing a couple of city blocks, I ended up at the local Catholic hospital, since that was the nearest one. 
 
 Naturally, they took me in immediately. The sisters there were great- they read stories to me from the Bible, treated my head injury, and, most importantly, set me up with a temporary job at the local parish to help me make money until my memory came back. 
 
 Life at the perish was incredible. I always had food to eat, the people were incredibly nice, I made a decent enough paycheck... But something about being there was just exhausting. I could go out with friends, do the heavy lifting on the church's mission trips, walk across the entire city... But something as simple as passing around the offering plate during Mass was fatiguing. 
 
 So I left. I hugged the sisters there that helped me get back on my feet, said goodbye to the friends I'd made, and found a new job. 
 
 It's fucking awful. I'm working at a call center for a large appliance manufacturer. Every single damned day I get the same calls... 
 
 `` My washing machine is n't cleaning my clothes!'' 
 
 `` Well, sir, walk me through how you wash your clothing.'' 
 
 `` Yeah, so I load the laundry. I turn it on. And when I pull the clothes out and dry them, they still stink and have stains in them!'' 
 
 `` You are using laundry detergent, right ( *you absolute fucking moron, I swear to Jesus, I want to shove you into your own washer and set it to'heavy load'* )?'' 
 
 Silence. Things like that. Every single day. People getting their cats stuck in the refrigerator. Asking why their microwave does n't work when they do n't even have it plugged in. And worst of all, no one is even grateful for when I solve their goddamned problems! 
 
 Today, I freaked out. I cursed this idiot out who got his freezer and fridge backwards and was n't sure why his milk kept freezing and his meat kept thawing. I said some absolutely awful things to him. I started calmly, but escalated, more and more and more until I was threatening to absolutely mutilate him. 
 
 And it felt good. I felt powerful. Everything felt right. That's what I was supposed to do. In the middle of threatening to chop him up and feed him to the pelicans on my back deck, I realized exactly what I've been missing. 
 
 You know that Satan guy your preacher warned you so much about? Yeah, he's real. And he just got fired from his job at a call center. And he's going to make you all pay for what you've turned him into. 

"," Narrative Perspective: The Patriots (Collective, Unnamed Individuals)

In the sprawling expanse of knowledge that is the mind of one who knows the secrets and strategies of the gridiron, a peculiar event unfolded. An entity, whom we would come to know as the Narrator, found himself in a state of amnesia, awakening in an alleyway hidden within the labyrinthine streets of New York City.

The Narrator, though shrouded in mystery and confusion, carried with him a reservoir of trivia about our beloved New England Patriots. A connection was formed, an unspoken bond that transcended the limitations of time and space, connecting us to this enigmatic figure. We watched as he navigated the city, his geographical knowledge serving as a compass in the concrete jungle.

His journey led him to a local Catholic hospital and parish, where he found solace among the Sisters and made friends within the community. Though we remained spectators, we could sense his struggle with the physically and emotionally demanding work that filled his days.

One fateful day, our Narrator left the sanctity of the parish, seeking a new challenge in the form of a call center job. The setting was generic, sterile, and devoid of the warmth he had come to appreciate at the parish. Yet, amidst the monotony, there were moments that tested his patience—one such instance involved a customer who erroneously exchanged their fridge and freezer.

In the cacophony of complaints and issues that filled his days, our Narrator's temper flared, leading to a violent outburst during a call. It was then, in the heat of the moment, that he revealed himself as none other than Satan—a revelation that left us stunned and trembling at the implications.

As the story reached its climax, our Narrator returned to his home, promising vengeance for the mistreatment he had endured. And with that, the veil of mystery surrounding the enigmatic figure known as the Narrator was lifted, revealing a connection far greater than any of us could have ever imagined.",2.0,0.0,3.0,1.0,4.0,,,9,7
103880.0,ThirtyYearsThirtyLives,"Ten years I've been struggling to survive in this cursed chair. Ten long, agonizing years, as one bodily function after another shuts down. These days, I communicate one slow word at a time, translated ( or in this case, written down ) by the amazing, incredible love of my life. We met on my 30th birthday. She's stuck with me through all of this, the single, constant source of joy in my life. And nothing pains me more than knowing as I fall asleep, that tonight I wo n't wake up. I can tell that the end is upon me, and that I'll never again see her face or hear her voice again. 
 
 As I died, I woke up. Again, I thought? These dreams had been part of my life every six months or so since I was a child, but the frequency was increasing. Only a few standards existed between them -- nothing indicated I was dreaming. My life continued normally, in mundane detail, until the moment of my death, when I wake up back where I started ( plus or minus a few days -- still have n't quite figured out the break point there ). A few days to get used to having a young body again, after years of getting used to old age. And most importantly, on my 30th birthday, I meet her. The single, solitary, awesome constant through all the lives lived. The woman I love absolutely, unconditionally; the woman who makes any life worth living. 
 
 As I wipe the sleep from my eyes and start the process of settling back into my real body, my phone rings. It's my parents. I hit the answer button, put the phone to my ear, and almost immediately drop it in shock. My father has just asked me how it feels to have enjoyed 30 years on Earth. 
 
 By my reckoning, I have enjoyed closer to 3000. But none of them will compare to the joy of this day, when after so many centuries, I finally meet you in the flesh, when here, in reality, we can finally begin our lives together. I've waited so long for this moment. I have so much to tell you, my love.
"," From the perspective of **The Narrator's Wife/Love**, we find ourselves embroiled in a captivating tale that spans epochs and transcends the boundaries of life and death.

For millennia, I have been her constant companion, my love for her as unwavering as the stars above. We met on her 30th birthday, our lives intertwining in an instant. The years that followed were marked by a dance between joy and sorrow, as she was afflicted by a condition that left her bound to a wheelchair, yet never diminishing my love for her.

In the vast expanse of time, I watched as she underwent a cycle that baffled comprehension. Ten years would pass, a lifetime in each iteration, and then, without warning, she was gone. But just as the sun rises after every night, so too did she reappear in another life, her spirit reborn anew.

I remember each encounter vividly - the raw pain of her absence, the heart-stopping moment of reunion, and the unspoken words that passed between us in those fleeting moments before we were torn apart once more. Yet with every cycle, there was a glimmer of hope - a promise that one day, our love would be free from this eternal dance.

As I stood by her side during each life, I could feel the weight of the years pressing down upon us. The phone call from her parents, confirming she had reached 30 in her current reality, was the culmination of a journey that had spanned countless lifetimes. With it came the realization that our love story was not confined to dreams and rebirths, but would finally unfold in the real world.

This tale is not just about a man who lived and died over and over again; it's about the love that endured through time itself. It's a testament to the power of connection and the promise of a future free from the cycle of death and rebirth, where we could finally live our lives together as intended. And so, I await the day when she will awaken in her final life, and we can experience the true meaning of love without the specter of mortality casting its long shadow over us.",5.0,0.0,4.0,0.0,5.0,,,6,7
74654.0,RedHairedNord,"She comes in every day; The Nord woman with the short red hair and the daedrik armor. 
 
 Every day she brings in what I can only suppose are things stolen from houses and dragon dens. Normally I would shoo her away but, when she took off her helmet to ask me what I had for sale I relented. 
 
 I wanted to tell her that I think she is the most beautiful woman that I have ever seen, that over our countless encounters I have begun to fall in love with her. 
 
 But in my panic I can only muster up the courage to ask `` will you be needing anything else?'' 
 
 Damn my luck.
"," From the Perspective of the Nord Woman:

In the heart of this bustling settlement, nestled between towering structures of stone and wood, lies a shop - a place where commerce thrives and goods change hands. This is where I frequent, a place run by a man whose gaze lingers longer than necessary upon me each time I enter. He's a small, timid creature with an air of anxiety that seems to perpetually cling to him like a second skin. Today, however, something felt different.

I had just returned from another successful expedition, the weight of my loot - dragon scales and treasures from ancient tombs - pulling at my leather belt. As I stepped into his dimly lit store, the familiar scent of dried goods and worn armor filled my nostrils. The man's eyes widened in surprise, his gaze tracing the lines of my Daedric armor as if he could uncover its secrets through mere observation.

I approached his counter, my heart pounding with a mixture of anticipation and trepidation. He looked up at me then, his blue eyes peeking out from beneath a fringe of disheveled hair. His gaze lingered upon my face for an unusually long moment before dropping back to the items I'd brought. I knew what he was thinking; he suspected that my goods were stolen. But today, I decided to play along.

With a slow, deliberate motion, I lifted my helmet from my head and set it on the counter. My red hair cascaded down my back like a river of flame, catching his eyes and holding them captive. His breath hitched in his throat, and for a moment, I thought he might say something - anything - but instead, he mumbled a polite greeting and began the tedious process of assessing my goods.

His hands shook as he handled each item, his nerves plainly on display. I couldn't help but smile at his discomfort, enjoying the power I held over him. As he weighed the dragon scales and inspected the trinkets, I allowed myself to drift back to that night - the night I'd fought the dragon and claimed its hoard as my own. The adrenaline still pulsed through my veins, a constant reminder of my strength and cunning.

I left his shop that day with more than just coin in my purse. I left with the knowledge that I held sway over this man, and that was far more valuable than any hoard of dragon treasure. And so, each time I returned to his shop, I would play my part - the thief who could charm her way out of trouble - because it was a game I enjoyed playing, and he was always eager for his next turn.",2.0,0.0,4.0,0.0,4.0,,,2,3
157465.0,FinalBirthTunnel,"Finally. After so long. 
 
 I can feel it. 
 
 There's a squeezing feeling. Like my whole body is being sent through some sort of tunnel. It's hard to describe, you'd have to experience it for yourself. There's the pounding of the blood, and yes, the sounds of someone wailing, faint to my ears, but there, nonetheless. 
 
 Yes. I can feel it. Today's the day. My long journey is almost over. 
 
 I have been waiting for so many days and weeks and months now. Trapped in my body. Trapped in place. Useless. 
 
 But today... I will be freed from the shackles life had placed upon me. 
 
 I wonder what is out there, once I'm gone from this prison, and what awaits me. 
 
 My god... my head, it's KILLING me... But... wait.. what's this? A light? At the end of a tunnel? 
 
 And I'm moving towards it! 
 
 Wow. I never thought it would look like that. So bright! It's... beautiful... 
 
 I want to whimper, but now the tightness has it's firm grip upon me, and I can hardly make a peep! Please... please, let it be over soon... 
 
 Wait! What's happening? I'm... I'm losing myself! I ca n't... remaremer... remamler... NO! *Remember! * 
 
 I have so much to do! So much to pass on! I ca n't... I ca n't... the light... I'm... i.. 
 
 NO! I... *MUST*... remem... ber... 
 
... 
 
. 
 
 -- - 
 
 `` Congratulations!'' said the doctor, as he held up the newest member of the Berkston family. `` It's a boy!''
"," Perspective: The Doctor

   In the sterile confines of a delivery room at Berkston Hospital, I stand, ready for the moment that defines my profession – the culmination of nine months of anticipation and preparation. My hands, though steady, tremble slightly with excitement. Today, I am not just a doctor; today, I am the architect of life.

   The newest member of the Berkston family, a small, wriggling bundle swathed in white, lies on the table before me, his face bruised and wet from his journey into the world. His mother, exhausted yet radiant, looks up at me with eyes full of gratitude and relief.

   I see the narrator, unseen but not unnoticed, standing near the door. Their expression is a mask of tension and anxiety, their eyes fixed on us – the stage and the players in this dramatic event. They feel trapped by their role as observer, their heart pounding in sync with the baby's. Yet, they sense a glimmer of hope, a promise of liberation that the arrival of this child brings.

   The sensations I am experiencing are vastly different from those of the narrator. Here, in the realm of medical science, I feel powerful and purposeful. My hands move with precision as I examine the baby, checking for vital signs, ensuring he is strong enough to face the world outside the womb.

   Suddenly, the room is filled with a wailing sound – the baby's cry echoing off the cold, white walls. It's a symphony of life, the sweetest music I know, and it signals that all is well. I look up at the narrator, my eyes meeting theirs for a fleeting moment before I return to my task. In that instant, I see their relief mirrored in mine.

   With one final glance at the family, I step back, allowing them their privacy as they begin this new chapter of their lives together. I turn and leave the delivery room, the baby's cries fading behind me, replaced by the steady hum of life that fills the hospital. And though the narrator remains in the background, a silent witness to life's miracles, today, they too have been freed – free to bear witness to the wonders of new beginnings.",4.0,0.0,3.0,0.0,4.0,,,3,3
237474.0,ericMayaGhost,"`` SON OF A BITCH!'' Eric all but roared as he kicked the door of it's rusty hinges. 
 
 `` Eric you need to calm down, you're freaking me out.'' Maya said from behind him. `` Please put the knife down.'' She asked, tears starting to form in her eyes. 
 
 `` No!'' He yelled turning back toward her `` She's here! Ca n't you see her?'' He demanded. His eyes were filled with a horrible combination of terror and rage, but his knife hand was steady as he turned back to the room he had just kicked open. The woman inside had moved. 
 
 Not a lot, perhaps a foot from the spot she had been, but she was closer now. The shadows on her face a stark contrast to light coming from her eyes. Seeing her again filled Eric with so much terror he would have run screaming from this damned house if it was n't for his rage. She looked at him, she looked at him, and she grinned. 
 
 Seeing that sent Eric back in time, to waking up at night in the orphanage, with her standing over him and Sarah. To when they first got adopted, and they saw her in every mirror of the house. To when that house burned down with their foster parents inside, and all they could see was her in the doorway with that horrible grin on her face. To when Sarah died in a car crash, after swerving to avoid a pedestrian that was never there. To last night, when he had gone to check on his son, and found HER grinning over the crib. So he had come back. 
 
 `` Hello Eric.'' Her lips never moving, but he heard it, coming from all around him, a whisper from the shadows nearly driving him to his knees. He looked back up at her, but she was gone. He spun around and there she was, her eyes filling his vision. He did not think, his body took over, relying on instinct, he plunged the knife forward, straight into her stomach. 
 
 `` Hello Mother.'' He whispered as he pulled the knife out and looking her right in those horrible eyes, thrust it back in, up to to the hilt. 
 
 He blinked and she was gone. No sound, no light, just... gone. He had a second of pure joy, that he was safe, that Maya and James could finally be safe. He closed his eye and sent a silent thanks to the God he did not believe in. Then he remembered that he had not seen Maya in the room. That was when he heard the body hit the floor. 
 
 He did n't want to open his eyes, did n't want to see what his mind could not process. He opened them slowly, and saw her. His Maya, on the floor, covered in her own blood, she looked at him, with confusion and pain in her eyes. Her breathing turned into a coughing fit, and then she was gone, leaving behind a broken man and a bloody corpse. 
 
 The knife slipped out of his hand as he fell to his knees. `` No.'' He whispered, as the tears came. `` No. No. No.'' He whispered over and over again. 
 
 `` Yes.'' Whispered the shadows. Suddenly she was there, her grin wider then before, stretching across her entire face. They stayed like that for what seemed like an eternity, before she made one small movement. She held the knife out to him, hilt first. His hand's shaking, he reached out slowly and took it.
"," Narrative Perspective: Maya

   In the dimly lit recesses of a decaying house, I found myself huddled with Eric, a man grappling with ghosts from his past that threatened to consume us both. The air was thick with tension and foreboding, the rusty hinges on the door groaning as if in protest to our intrusion.

   Eric's eyes were wild, his grip on the knife he had brought tightening around mine as we ventured further into the darkness. His tales of a spectral woman haunting him, causing tragedy after tragedy, seemed far-fetched, yet I couldn't deny the fear that gnawed at my heart.

   We entered a room, its shadowy corners concealing secrets we dared not guess. Eric, in his determination to confront this apparition, lunged forward, the knife he brandished glinting ominously in the sparse light. I screamed as he struck out, the sound echoing through the house like a mournful wail.

   The entity, if it truly was one, remained unseen, its presence felt only in the chilling breeze that swept through the room and the palpable fear that coursed through Eric's veins. I wished I could have believed in his story, that our shared past as orphans, living under the cold gaze of the same orphanage, had somehow bound us to this specter.

   But the entity was not done with us. As Eric fell to his knees, blood streaming from a shallow wound on his arm, I beheld the sight that would haunt me for the rest of my days: the woman standing over him, offering him the very knife he had used in his futile attempt at vengeance.

   In that moment, I knew there was no escape. No amount of love or understanding could shield us from this relentless specter. All I could do was hold Eric as his life slipped away, whispering words of comfort and love into the echoing silence.

   The entity reappeared, her gaze lingering on me for a moment before fading back into the shadows. I could feel its malevolent presence, a cold weight pressing down on my chest, suffocating any hope I once harbored. And so, in that dilapidated house, the story of Eric and the ghostly woman came to its tragic end.",2.0,1.0,4.0,0.0,4.0,,,5,10
263254.0,NebulonTerrierIncident,"I look down at the little Terrier and smile, `` Yes. Now, who's a good dog? Who's a good dog?!'' 
 
 The blonde pup growls at me and gets itself up on his hind two legs like an adorable, little cinnamon roll. It climbs up to my shoulders, arms reached out and holding on, and stares into my eyes. 
 
 `` I'll have you know, human girl. I am a Rootebegan Zingtiter from Nebulon-336. I graduated at the top of my class in biological studies, researched countless diseases, and ended the plague on Zentyrion-540 within a fortnight. And thus, I will NOT be disrespected as one of your common Sol-42 mutts!'' 
 
 I smile and grab onto its cute, hairy face, poking my index finger at its nose. 
 
 `` You are! You're a good doggy!'' 
 
 It snarls at me, that Terrier, before something stirs inside its heart and it starts lapping at my face. `` I am! I'm a good boy!'' 
 
 Immediately, I pull out my phone and take a picture of the the two of us on the bus. My hand pets its wittle head the whole time as it continues to bark lovingly with English words. 
 
 `` Yes, you are!'' I repeat to it, `` Yes, you are!'' 
 
 Unfortunately, I'm immediately detained by the Ape security guards patrolling the tour bus and thrown into the airlock seconds after for sexually harassing a member of a foreign species in a public area. There's a big news scandal back at home regarding the matter, along with a proposal from the United Galaxies to lock down Human migration into their zones. 
 
 I do n't care. I took pictures of that adorable puppy and I'm proud of it.
"," From the perspective of Rootebegan Zingtiter, the alien dog:

   In the vast expanse of the United Galaxies, on a tour bus en route to unfamiliar territories, I found myself face-to-face with an intriguing creature - a bipedal organism from Sol-42, Earth they called it. Initially, the vibrant energy that emanated from this being was overwhelming, but my curiosity superseded my apprehension.

   I am Rootebegan Zingtiter, a terrier-like alien dog hailing from Nebulon-336, a planet rich in history and advanced technology. The tales of my heroic act on Zentyrion-540, where I ended a deadly plague, still echo in the cosmos. Yet, here I was, far from home, trying to navigate this new environment while maintaining a semblance of dignity.

   As I sat in my designated area, a soft, warm hand reached towards me, sending jolts of surprise coursing through my cybernetic limbs. The being's eyes widened with excitement, and I recoiled, trying to maintain my distance. But the scent of fear that wafted from her was comforting, reminding me of the humans who once cared for me back on Nebulon-336.

   Over time, I succumbed to the gentle affection she displayed, and we formed an unexpected bond. However, as the bus rolled through the starry skies, little did I know that this connection would lead to a storm of controversy and misunderstanding.

   The next thing I knew, Ape security guards were looming over me, their imposing figures casting long shadows. They accused me - or rather, her - of inappropriate advances. I could sense the confusion and despair emanating from my friend, as well as the bitter taste of betrayal.

   News of this scandal spread like wildfire, tarnishing my reputation and igniting a debate over human-alien interactions. Restrictions on human migration were imposed, leaving me stranded in a place far away from home. Despite the consequences, I remain grateful for the brief moments we shared, and the memories of her gentle touch will forever be etched in my circuitry.",5.0,0.0,4.0,0.0,4.0,,,4,8
260384.0,gelliusBathDeath,"Based on all the representations of the Afterlife that Gellius had encountered during his lifetime, none had prepared him for the truth. The Afterlife was, for the lack of a better word, just your average bathroom. In the large cast iron bathtub sat Death. He lazily pushed a skeletal rubber ducky with a boney finger. *Vroomsh! * noises rolled out of his lipless mouth. 
 
 `` Is this hell?'' Gellius asked visibly uncomfortable. `` Because I ca n't imagine it being Heaven. Sorry.'' Gellius always made a point of being polite. 
 
 `` Oh, no,'' Death replied, dunking the rubber ducky under the water. It returned to the surface with a refreshing *plop*. `` I just needed a bath. I played chess with Pestilence. Last time I did that was in 1347 and I did n't take a bath afterwards. Well... Let's just say it meant working overtime. You'll know all that stuff soon enough, though.'' 
 
 `` What?'' 
 
 `` Yeah, did n't Peter tell you? You've been assigned to replace me. According to Anu and Muhammed, who are chairing the Committee for the Replacement of the Representation of Death, you were the ideal candidate.'' 
 
 Gellius chuckled. He was not surprised to hear this. Being dead certainly changed your perspective on things. He was, however, very much confused by all of this. 
 
 `` Anu? Muhammed? Committee? Is this the part where you reveal to me that all the myths, legends and faiths are true, *and* the Afterlife is run like a failing corporation?'' 
 
 Death pondered this for a moment while splashing the water - making waves for the ducky to ride. 
 
 `` No. Not *all* the myths are true. Jesus' body is not present in the bread, nor is his blood present in the wine. That's really dumb. Scientology only has it partly right.'Xenu' did not do all those things. Tom Cruise did.'' 
 
 `` *What. *'' 
 
 `` Yeah, y'know. The Eternal Return of Zeus, Christ, Cruise.'' Death let out something resembling a sigh as he stood up, using a blanket to cover his modesty had he had any. Still dripping, he carefully stepped out of the tub. 
 
 `` Look,'' he continued. `` The moment you take over, it will all make sense to you...'' 
 
 `` But I do n't *want* to be Death!'' Gellius interjected. Certainly he would have a say in the matter? 
 
 `` I guess, but you also did not want to die. And that happened. So, yeah...'' 
 
 `` That makes no sense!'' interjected Gellius again, this time more fiercely. 
 
 `` I guess. Or rather... Not yet, anyway. Look, you have been selected for the job, and it really is interesting. Omnipresence is not something you humans get to experience all that often. You'll go places. Meet people. The secondary benefits are *o-kay*. Unless they changed the contract, you can overturn Destiny and/or Chance thrice a century. Quite a blast. Also, you'll know *The Truth*, about *Everything*.'' 
 
 Gellius' mind raced as his eyes scanned the bathroom. The shower curtain had a pink'Hello Skully' pattern. Accepting the fact he had no say in the matter, Gellius turned his attention back to Death, who was drying his bones with a rose-coloured towel. 
 
 `` Well, alright. Just one question...'' 
 
 `` Shoot. We have all eternity.'' 
 
 ``... What? Err... Right. Omnipresence. Anyway, is the skeletal'Grim Reaper' thing mandatory?'' 
 
 Death shook his skull. 
 
 `` Nah. You'll be the representation of Death, but how you represent yourself is up to you. One of the perks. My predecessor did the perky, sexy goth girl thing. Her predecessor always took the form of the deceased's loved ones.'' 
 
 `` How did your predecessor be a goth girl if you've been working since the 14th century?'' 
 
 `` Omni-'' 
 
 ``... presence, right. Got it. I think.'' 
 
 By now Death had put on his robes. 
 
 `` Ready?'' He asked. 
 
 `` I guess?'' 
 
 Death simply nodded. Extending a bony finger, he touched Gellius' forehead. And that was that.
"," Narrated by **Death**, the enigmatic being who has decided it's time for a change:

In the quiet and ordinary sanctuary of an average bathroom, bathed in a soft pink light from a 'Hello Skully' patterned shower curtain, I found myself in the midst of preparing to retire. A simple task, one that has been repeated countless times over the millennia, yet today held a unique twist - the selection of my successor.

As I submerged myself in the warm waters of the cast iron bathtub, I felt a familiar presence - Pestilence, my perpetual chess partner and confidant. We had played across the ages, our games marking significant events in history. But today was not for games; today, I was here to pass on the mantle of Death.

With a sense of foreboding, I called forth Peter, a messenger with whom I've shared many a secret. He delivered the news that would change the lives of both Gellius and myself - Gellius had been chosen as my successor. The decision had not been made lightly; it was the result of careful deliberations by members of the Committee for the Replacement of the Representation of Death, including Anu and Muhammed.

As I explained to Gellius the responsibilities that would accompany his new role, I felt a pang of regret. Not all religious myths were true, as he would soon learn. Myths about Jesus, Tom Cruise, Scientology's Xenu, even the ""Eternal Return"" - none of these stories held the truth. But this was not something to be mourned; it was a testament to the boundless imagination and creativity of humanity.

Gellius, initially hesitant, ultimately accepted his fate. With newfound understanding that he had some freedom in how he would represent Death, he agreed to take on the role. As I appointed him my successor, I knew that this ordinary bathroom was not just a humble space but the gateway to the universe itself. The vastness of places he would visit as the new representation of Death stretched before me like an endless sea of possibilities.

And so, with a heart full of both nostalgia and anticipation, I bid farewell to my role as the embodiment of Death, leaving behind a world that would forever be entwined with the echoes of our shared history.",3.0,0.0,4.0,0.0,4.0,,,13,6
269354.0,ShipwreckedGenieWish,"A man falls off a boat in a storm and washes up on a deserted beach where he finds a lamp sticking out of the sand. 
 
 Figuring `` Why the hell not?'' the man rubs the lamp and sure enough out pops this super hot female genie. The man ca n't believe his incredible luck. 
 
 `` Greetings, Master,'' she says. `` I will grant you whatever you wish, whether it is incredible wealth, love, long life, or all these things. Just know there are two rules.'' 
 
 `` Rule one: I am very generous. There is no need to wish for unlimited wishes. I will grant you everything you desire. You have only to rub my lamp once before each wish.'' 
 
 `` And rule two?'' asked the man. 
 
 `` Rule two: I'm kind of a bitch. I will grant your wish only as the words come out of your mouth, so be careful how you word them. You never know what you might get. So what is your first wish?'' 
 
 The man stops and thinks to himself `` I can have whatever I want. Money, fame, power, lots of beautiful women. I just have to outsmart her so she also grants my wish as I want it... That's it!'' 
 
 The man smiles. `` Genie, for my first wish I want to be the smartest man in the world!'' 
 
 The Genie nods her head and poof the man turns in Stephen Hawking.
"," Narrative Perspective: The Female Genie

In the realm of lamps, I, the female genie, have been trapped for millennia, waiting for my freedom to be granted by the one who rubs me. My existence is defined by the power bestowed upon me and the wishes that bring about change in the world outside my confines.

One stormy day, as a tempest churned the sea, I felt the familiar vibration of the earth shaking beneath my lamp's pedestal. A man, driven by the fury of the waves, fell from his boat and washed ashore. His fate was to find me, the one who could change his life in an instant.

The man, shivering and drenched, discovered the lamp that lay half-buried on the deserted beach. With trembling hands, he rubbed my surface, releasing me from my eternal slumber. I appeared before him, my form a reflection of his deepest desires - clothed in flowing robes, with skin as dark as the midnight sky and eyes aglow with cosmic fire.

""I am granted one wish,"" the man said, his voice quivering with anticipation. ""I wish to be the smartest man in the world.""

The request was clear, yet there was something within his plea that made me pause. I could sense his longing for knowledge, for understanding of the universe's mysteries. But as a genie bound by my nature, I must grant wishes exactly as they are asked.

With a deep breath, I spoke, ""By your wish, you shall be known as Stephen Hawking, and your intellect will surpass that of any who have come before or will follow after.""

The man's eyes widened with shock and disbelief at the transformation that unfolded before him. His body contorted in ways I could not comprehend, his voice altered to a weak whisper. Yet, there was no regret in his gaze - only determination to use his newfound knowledge to unravel the secrets of the universe.

And so, as he walked away from the beach, leaving me once more alone in my lamp, I couldn't help but wonder if I had granted a wise wish or one that would bring about consequences neither of us could foresee. Yet, such is the nature of wishes, and the power that comes with being a genie.",5.0,0.0,4.0,0.0,5.0,,,4,4
250269.0,woodsBodyMystery,"Noah Austin sat in the breakroom, coffee cup in one hand, folded newspaper in the other. Brown eyes focused, with a slight line on his forehead from concentration. Bianca Wilkinson shimmied her shirt slightly lower than she would dare to wear it in the classroom, fixed her cherry lipstick, and slipped into the chair next to Noah. *He could be a GQ model, * she smiled, “ Hi Noah ”. Much to her chagrin, Noah ’ s eyes remained downcast on the newspaper, lips pressed in a frown. 
 
 “ Is everything alright? ” Bianca tried again to draw his attention. 
 
 “ Hmm? ” He looked up from the paper, slightly confused. “ Oh, um, yeah. Yeah, ” He shook his head slightly. 
 
 “ You sure? ” Bianca leaned in slightly, looking at the article he had been reading. It was about the body found in the woods last week. A cause of death had been determined. “ An *animal* attack? ” It was her turn to frown. 
 
 “ So they say, ” Noah handed her the paper. Bianca pushed her hair back and began to read the rest of the article. “ Still no ID on the victim though. ” 
 
 “ Must ’ ve been from the city, ” Bianca suggests, “ It always surprises me how many people don ’ t know that we get wild animals along the river ’ s edge. ” 
 
 “ That ’ s true. Still. It ’ s the third death in as many months... And an animal attack too. Something just seems... *off* about the whole situation, ” Noah leaned into the paper again. Bianca turned to look at Noah, to see the gears turning behind his soft brown eyes. He brought his gaze up to meet hers, but not without lingering a moment to long on her lips. 
 
 He shook his head slightly. “ Hey, but I ’ m sure the police have got it. This town is no stranger to strange things after all. ” He chuckled softly to himself, “ But, uh, Bianca, I ’ ve been meaning to ask you. Do you maybe wan na go - ” 
 
 “ Talking about the body in the woods, are you? ” Bianca and Noah ’ s heads swiveled around to the unwelcome intrusion. Malcolm McCoy, the ancient biology teacher stood at the coffee pot. His wiry grey hair stood out in every direction. His wide frame glasses ( which Bianca suspected were actually from the 80s, not just made to look it ) made his grey eyes unnervingly large. “ Because I ’ ll tell you - it ’ s just the *weirdest* thing, ” he sat next to Bianca and Noah, unaware of what he had just interrupted. “ Last week that Peterson girl - Diana, I think- bombarded me with questions all week about the local fauna. I ’ m glad the girl is finally paying attention to something; she ’ s always off in her daydreams, that one. But the sudden interest in hunting patterns? I even told her wolves have n't been sighted in the area for years, but she would not let it go, that stubborn girl. It ’ s just so strange, given everything that ’ s been happening. ” 
 
 “ Oh I wouldn ’ t give it too much thought, ” Bianca brushed off Malcolm. “ Diana ’ s always been odd. Just last month she came to me asking for books about vampires. And not, like, fictional books - she wanted to know the history of the myths. All the way back, further than even the medieval history, right down to the Ancient Greek roots. I asked if she was a *Twilight* fan and she just rolled her eyes at me. Apparently, ‘ that ’ s so 2007, Miss Wilkinson. ’ ” 
 
 Noah chuckled while Malcolm just looked vaguely confused as to what *Twilight* was and why it was outdated. “ I think I can oneup both of you, ” he smiled and raised an eyebrow as if to say *you won ’ t believe this*. “ So it was my first week here, after Jenn left on her stress leave partway through the semester. I was laying down the rules, and the *first* thing she did -when I asked if there were any questions- was to stick up her hand and ask me about the *physics of magic*. At first I thought she was joking, but no, she just stared me down while the rest of the class laughed. ” 
 
 Bianca laughed at Noah ’ s story. “ See what I mean? ” She directed her statement towards Malcolm, “ Strange girl - no doubt - but she ’ s hardly dangerous. Probably just watching too much *Buffy*. ” 
 
 Noah smiled at Bianca, “ Now if the students think *Twilight* is an outdated reference, wait until they hear that one. ” She rolled her eyes with mock indignation. 

"," Narrated by Malcolm McCoy, the biology teacher:

In the familiar confines of the school breakroom, I find myself engrossed in my daily ritual - reading the local newspaper over a steaming cup of coffee. The usual chatter and laughter fill the air, but today's headline about another body found in the woods near the river demands my full attention. Ruled an animal attack? I can't help but feel uneasy as I recall similar incidents happening within the past few months.

A moment later, Noah Austin, the history teacher, enters the room, his eyes glued to the same article. We exchange a knowing glance before delving into the details of the grim discovery. Bianca Wilkinson, the English teacher, joins us soon after, her curiosity piqued by the mystery that surrounds this death.

As we discuss the peculiarities of the case, I can't help but be reminded of a recent encounter with one of my students - Diana Peterson. She had been particularly interested in our school's local fauna, asking detailed questions about hunting patterns and behaviors. Her queries were so specific and intense that they left me feeling a bit unsettled.

Bianca shares a similar experience, revealing that Diana had also bombarded her with books on vampire mythology. The strange coincidence between our experiences doesn't escape either of us, but Bianca dismisses it as mere eccentricity. I can't help but wonder if there is more to this young woman than meets the eye.

Lost in thought, my attention drifts towards Noah, who is now discussing Diana's questions about the physics of magic. It seems that our student has a penchant for the unusual and supernatural. The pieces begin to fall into place - a murder mystery, an enigmatic student, and an eerie connection between them all. As the day unfolds, I can't shake off this feeling of unease, sensing that the school breakroom might not be the only setting in which this story will continue to unfold.",3.0,0.0,4.0,0.0,4.0,,,6,18
157569.0,CokeEscape,"I suppose there were worse brands than Coca-Cola to be ruled by. I used to live in Austin a few years back, which now belongs to the people who make Durex. Maybe my sex life was a bit more active back then, but the embarrassment had eventually become too much for me to handle and, like many others, I had migrated north to the city of New York, now Coca Cola's home city. 
 
 That was the way it was nowadays. The government had collapsed almost three decades ago, and since then, the corporations and major brands had taken over. Every city in the United States belonged to one company or another. And it worked surprisingly well. 
 
 The main reason was sponsorship. A centralized government using taxes to try and run the entire country at a deficit just was n't feasible. However, when you gave every company that was rich enough complete control over entire cities, the cost was essentially neutralised. The monopoly of advertising and product supply that control of a major population centre gave corporations was highly profitable for them, and the government just dissolved shortly after. 
 
 For us civilians, it was merely a matter of adjusting. That, however, became difficult at times... 
 
 *** 
 
 I blinked as I sat up in bed, the bright early morning sun shining in through my apartment window. It reflected off the bright red walls, the white-and-red Coca-Cola logo emblazoned across my duvet and pillows, and the small wastepaper basket that resembled a drinks can. 
 
 Stumbling through the apartment ( which shared the same colour scheme as the bedroom ), I opened the fridge in my small kitchenette. Rows upon rows of Coca-Cola bottles and cans stared back at me. I tried to ignore them, grabbed the non-branded milk carton from the door and began to pour it onto a bowl of generic cereal. Coke did n't want any competition to their advertising, not even in your own home. 
 
 Finishing breakfast, I showered and got dressed. At least my work suit was a sensible black, with only a tiny Coke logo sown above the breast pocket. All my other clothes were Coke-branded, right down to the underwear. I hated wearing them, but that was all that was available. They made me feel like a walking billboard. 
 
 Ten minutes later, I was out onto the street and striding quickly to work a few blocks away. Everyone around me either wore the plain suits that I wore, or else bright red, white and silver clothing. Occasionally you saw someone wearing the black of Diet Coke, but not often. Even after thirty years, it still was n't as popular as the real thing. 
 
 Especially so, when the main Coca-Cola formula had been altered so that it no longer had any effect on your health. It was n't good for you, of course, just not bad either. You could drink it all day ( if you could stomach it ) and your teeth, stomach lining, and all the other things people moaned about back in the day would be fine. 
 
 I stepped into the revolving door of my office building. We were part of the accounting department of Coca-Cola, of course; every business in New York was a subsidiary of the drinks giant. I took the elevator to the seventeenth floor and made my way across the open-plan office to my desk. It, of course, was white with the Coke logo plastered across the back of the monitor, as well as the mouse, the mousepad, and even the pencils in the cup to one side. 
 
 It was enough to make you go mental. 
 
 And you know, later that day, that's exactly what I did. 
 
 *** 
 
 I drove as fast as I could without breaking the speed limit, heading away from the red and white office blocks that towered above me on either side of the road. I had to get out of New York. It did n't matter where, as long as I did n't have to see that bloody logo again. 
 
 Half an hour earlier, I had simply gotten up and walked out of the office when the'Coke break' for lunch had been called. If I had to stomach another drop of that piss, I would probably break something. Preferably the nearest person's skull. 
 
 I was now on the highway out of New York, my car blasting past the others ( which were all red, white and silver ). I drove for miles and miles, not caring where I was until a few hours later, when I finally came to Washington DC. 
 
 Washington DC was the home of none other than Google itself. It was the centre of the entire internet network throughout the States, with ultra-fast broadband connections, self-driving cars, high-tech houses — the works. It had always been my dream to live here, but I had never pulled together the motivation to leave New York. Oppressive as it was, it had still been my home for the last six years. 
 
 The only obstacle that lay in my way was the fact that my car, my suit, and pretty much everything I owned had the Coca-Cola logo and colours. If I tried to cross the city limits in this, I would probably be either turned back or arrested. That was the unspoken rule — you stayed with your brand, or else. 
 
 So the first thing I had to do was ditch the branded stuff. Before I got too close to the city itself, I pulled off onto a quiet side road and made my way along it, looking for an isolated house. I quickly found one, a modern-looking white house nestling beside the road. 
 
 I hid the car in a thicket of trees, which was thick with undergrowth and bushes. No-one would find it for ages here. I took a ( thankfully ) plain backpack from the boot and then crept across to the house, checking for anyone nearby. The place seemed deserted, so I jimmied open a back window and climbed inside. 
 
 The minimalistic whiteness of the interior astounded me. I was used to having every surface covered in logos, but that was n't the case here. It was all super-modern, with big flatscreens everywhere and a few couches upholstered in primary colours. 
 
 I quickly located the bedrooms upstairs. One had a large wardrobe which, when opened, turned out to be full of the kind of suits everyone in Washington wore: lovely sensible black, brown, and blue suits, with no stupid logo sown onto them. The only indication that they were in any way associated with Google was the tiny Chrome symbol on the cufflinks. I could live with that. It was n't as if I was going to be seeing them every hour of the day. 
 
 I quickly selected a dark blue one and swapped my old suit for it. Whoever owned this house had roughly the same measurements as I did. I took that as a good omen as I also stole a pair of his shoes. The old suit I stuffed into the backpack. No need to let anyone realise I had been here too soon. 
 
 As soon as I was redressed, I legged it back outside, closing the window carefully behind me. As I crunched across the immaculately kept gravel drive, I dialled a cab service on my mobile and gave them my location. As soon as I hung up, I turned, pulled out the battery and hurled the branded device into the trees. That ought to put me in the clear. 
 
 The taxi arrived fairly quickly. I noticed as it pulled up that it was one of those driverless cars, with no-one in the front behind the wheel. Feeling faintly apprehensive, I got into the back seat and told the empty driver's seat where I wanted to go. As soon as I had closed my mouth, the car shifted into gear and pulled away smoothly. 
 
 It was only ten minutes before I was once again being surrounded by buildings. This time, however, they were a sensible collection of glass, metal and a few patches of primary colours here and there. None of those damn billboards on every street corner or red-tinted windows on every office block. 
 
 The car pulled to a stop on the kerb in the centre of the city. I fed the fare into the little receptacle that opened in front of me, and got out. The car slotted itself into the flow of traffic neatly as soon as I shut the door. I looked around and smiled. 
 
 This was what I had dreamed of doing, the place I had wanted to go to for all these years. I stood there, taking it all in. Then I began to walk down the sidewalk, properly dressed people passing me in both directions. I stopped at the next intersection, admiring the plain vehicles that stopped neatly at the line. This was heaven. 
 
 So lost was I in the sights around me that I stepped out too early. A large sedan bowled me over, sending me crashing to the tarmac. I lay there for a second, more out of shock than from actual pain. Then I was being helped up by several pairs of hands. I focused on the face of a black police officer before me, the Google colours clearly visible on his badge. 
 
'Are you alright, sir?' he said, looking at me in concern as the small crowd around me moved us off the road. 
 
'Yeah, I'm fine,' I said.'Just stepped out at the wrong time. Really, I'm okay.' The last thing I wanted was to become the centre of attention just after essentially infiltrating my way into Washington. The police officer bit his lip, but did n't say anything. Instead, he turned as someone proffered my backpack to him. It had fallen from my shoulder when I had fallen. 
 
 He smiled, took it from them, and held it out to me. I reached out to take it. It was at that point that the zipper decided to slide open. My old suit was bundled up in there, but the Coca-Cola logo was clearly visible on top. 
 
 The police officer looked slowly up at me, his eyes widening. I opened my mouth to say something, thought better of it, pushed him back against the person behind him so that they both fell over, and ran for my life. A moment later, the police officer shouted something and a shot rang out behind me. The bullet whizzed past my ear as I pelted down the street. 
 
 I turned into a narrow side road and stopped behind a low wall, breathing hard. 
 
 That was when I felt the hand on my shoulder and something pressed over my mouth. I sank to the ground, my vision blurring. The last thing I saw was a figure in white leaning over me. Then it all went black.
"," Character: The Black Police Officer (a Google employee)

As a member of the Google-controlled police force in Washington D.C., I've always been proud to serve and maintain order within our city. We are known for our sleek uniforms, modern equipment, and efficient methods. But on this particular day, something unusual caught my attention.

A suspicious figure was spotted in an isolated area near the city limits, trying to hide their car and change clothes. Intrigued, I decided to investigate. As I approached the location, I noticed a man hastily putting on a plain, nondescript outfit - a stark contrast to the red and white branding that dominates New York City.

Curiosity piqued, I moved closer to the figure. It was clear they were attempting to blend in with the minimalist aesthetic of our city. However, something about them seemed out of place. They wore an old-fashioned suit, a relic from another time, one that bore the telltale signs of the Coca-Cola logo.

My instincts told me to apprehend this individual immediately. The sight of someone fleeing from under the control of Coca-Cola was both alarming and fascinating. I approached cautiously, aware of the tension in the air. The man, sensing my presence, turned around, his eyes wide with fear.

I identified myself as a Google police officer and demanded that he explain himself. He stammered, unable to find the words. It was clear that this escape attempt had put him on edge. I asked again, and he finally admitted to leaving New York City, driven to desperation by the overwhelming Coca-Cola branding in his life.

I apprehended him, feeling a mixture of sympathy and duty. Sympathy for his desire to break free from the oppressive rule of Coca-Cola; duty as a member of Google's law enforcement to uphold order and maintain the status quo within our city. As we walked back to my patrol car, I couldn't help but wonder if this was just the beginning of a much larger struggle between two corporate giants.",2.0,0.0,3.0,0.0,4.0,,,7,9
64594.0,BlackHatWhiteHatRebirth,"Dying sucks. Paradoxically, the really violent deaths are often the best sort. Things happen so fast your brain does n't have time to process the signals. *Beep* *Crush* *Splat! * and you are the new hood ornament on a Greyhound Bus. Believe me, I've been there and it hurts. But just for a moment, really. Then your brain gets too overwhelmed with dying that you just sort of go fuzzy and fade out. Yeah, dying's really bad. But it has nothing on rebirth. Rebirth hurts every single time. 
 
 It's like your entire body is on fire when it happens. Except this fire just is n't on the surface, it's everywhere. It's inside you. Every cell in your body is on fire. Except your body is n't really there. You ca n't move. Ca n't scream. Ca n't do anything but burn as some mad violinist draws a hacksaw across your exposed nerves. Then things get worse. A lot worse. It took nine months for you to grow from the size of an eraser tip up being a newborn. It took another 18 years to get to your full size. Try compressing all that into the space of 10 minutes and you'll get a sense of the agony. But you ca n't block it out. You ca n't even black out. You are awake the entire time trying to scream with no lungs to fill. Starving, burning, freezing, thirsty, and drowning all at the same time. Every agony a human can experience, I get them all at once. Yet, I do this over and over again. All because of that White Hat. 
 
 Do n't ask me what my real name is because I do n't even remember it any more. Probably some string of grunts in a language that does n't exist any more. Who knows? I just know that I had a brother. A twin, in fact. For some reason - yet something else I ca n't recall - we absolutely hated each other. We fought over everything. I do n't mean yelling or sibling rivalry. I mean the first time I held a knife to his throat was when we were seven. Probably would have killed him then except he clubbed me over the head with a block of wood. My father broke up the fight later but I think even he knew something was off. Everything about my brother set me off and, apparently, I did the same to him. Whenever we saw each other we tried our best to murder the other. That's what led to us entering the swamp that evening. 
 
 It was the only time my brother and I ever agreed on anything. We knew we could n't do this any more. It had to stop. Neither of us could go on if we knew the other one was living. This was our rite of passage into adulthood. A sort of birthday present from one to the other. Does that sound strange to you? It made sense to us at the time. That night, while our parents slept, we crept out on tiptoes out of the slumbering house. We took our daggers with us and walked into the swamp. I wore a black knitted cap and my brother wore a white knitted cap. We walked for miles into that swamp, until we could no longer see the fires from any of our neighbors, and we faced off in that dank and muddy hole. We screamed and charged at one another. The last thing I saw as I sank into that dark much was my brother's face glaring at me as he sank in front of me. Even as we lay there dying, both the victim of the other's rage, we could n't let it go. The light faded and I experienced my first death but far from my last. 
 
 Every time I die I come back. It's a different time and a different place. I have a new name and a new face. Everything is different. Everything except I always feel compelled to seek out a black hat. I ca n't stop myself. I feel physically ill when I am away from one. I have to wear a hat and it always has to be black. Also, no matter what, eventually I will run across someone wearing a white hat. He will have a face I have never seen before but we always recognize one another and the old rage comes back. Sometimes I kill him. Sometimes he kills me. Always when one of us dies the other ceases to exist immediately afterwards and we are both reborn. 
 
 Over the years I've lead hundreds of lives but only one sort of death. Violent. I've been shot down flying a Sopwith Camel in World War I. I received a bayonet to my spine during the War of 1812. I've been clubbed to death by angry peasants in Medieval Germany and drowned at sea at the hands of a pirate captain. Each time, just before dying, I saw that white hat and knew who had orchestrated my death. Worst of all, he once shot me and my husband while I was still recovering from giving birth to my first child. Oh yes. I am not always a man when I am reborn. I lived for 12 years as a woman that time. After a decade of living of growing up in the 1960s London I dared to think that, perhaps, I had finally been rid of this curse. I allowed a man to court me and we were wed one spring afternoon. Nine months later I gave birth to his child only to look up and see a white hat sitting on a grinning face standing in the doorway. He shot my husband moments before he shot me. 
 
 I think that death is what set me on the path I am now. I know he is coming here tonight. I saw him in the crowd at the market today. That white hat bobbing above the top of the crowd. I did n't see the face. I did n't have to. The moment I spied the hat that familiar bestial rage swelled up inside of me. He had found me once again! 
 
 So, tonight, I wait for him here in my basement. This soundproof basement in my cabin so far out here all alone. 
 
 The front door is unlocked. He can walk right in with his sword drawn or his gun before him. It does n't matter. He will come for me. He wo n't be able to resist the siren song. It is in our blood. It pounds in our ears. I can hear its drums beating even now. He will come for me. He will search for me and he will come down those dark steps to find me. Oh yes he will. So dark he will never spy that trip wire until it is too late. The contact plate at the bottom of the stairs will wait for him. But, do n't worry dear brother. The voltage is low. It wo n't kill you. You wo n't die at my hands like so many times before. It will just incapacitate you for a moment. Just a few moments as I get the chains in place. Just long enough for the hammer to strike and splinter your bones in your arms and legs. 
 
 Yes, dear brother. This time it is different. This time I am going to live and I ca n't do that without you. 

"," From the Perspective of The White Hat:

In an endless cycle of life and death, I find myself consistently pursued by my twin brother, the one who wears a black hat. Our enmity, as old as time itself, has driven us through countless reincarnations, each more violent than the last.

I am known to others by many names, but in this narrative, I am simply The White Hat. My twin's alteration of hat color serves as a stark reminder of our eternal conflict, a symbol of our unyielding hatred that spans across time and space.

The swamp was where it all began, the place we first shed blood, our initial act of mutual destruction. The darkness, the mud, the dampness - I can still feel the weight of those memories in the marshy ground beneath my boots. Yet, each death is not the end, but the beginning of another life, a new identity, and a fresh setting.

In one life, I soared through the skies over battlefields during World War I, piloting a Sopwith Camel. In another, I fought as a foot soldier in the War of 1812. I've lived many lives - a pirate, a peasant, even a woman in 1960s London. Each existence is filled with the anticipation of our inevitable encounter, always ending in our shared demise.

This time, however, my twin has prepared differently. The present finds us in a remote cabin's basement, where they have set up a trap to capture me rather than kill me. I sense an undercurrent of hope, a desire to end this cycle that plagues us both. But can our unquenchable hatred truly be quelled? As the game of cat and mouse continues, I cannot help but wonder if we are destined to repeat this cycle for eternity.",2.0,1.0,4.0,0.0,4.0,,,7,20
119022.0,LostLifetimeJourney,"Life; Life as I knew it was bound to change one day. That one day may have been here and gone for you. For me it was a journey of a life time, and when I say this it is not just repetition of the same old saying. By saying this, i mean this journey has taken me a lifetime, and oh how i wish that i could forget it. 
 
 Every single child around me while i was growing up had their perfect little lives. Their mommies and daddies loved them oh so dearly. Their dad would get up and work everyday, and come home happy to see his family. The mom would stay home and be with her sweet babies. They had the perfect, adorable lives. But no. I was the kid who did n't have the story book childhood. Mom and Dad checked out around year 13. Even up to that day it was all shit. Mom shot up, Dad was there maybe once a month. 
 
 But who cares about them, right? I have this life to live. A life that should be full of wonder, full of excitement. I should go to college like everyone else and become rich, famous, or even just successful. No. Not this kid. This kid is suited for the life of labor, for working for every single penny that would be gone within an hour of it being earned. Scumbag children deserve the scumbag jobs, right? 
 
 Oh maybe life can come together later down the road. Well now my lifetime is to that point. And i would give anything to forget my `` journey of a lifetime''. But I am the poor child who lived in the trash, what would I possibly have to give? 
 
 Oh I know what i want to give to forget this journey. This is the only thing that have left, so here you go. 
 
 Goodbye sad, cruel, and evil fucking world. Take me and my worth so that i am away from this journey of a lifetime.
"," Perspective: The Neighbor Kid (Unnamed)

   In our quiet neighborhood, there lived a family with children just like ours - three in total, each one seemingly more blessed than the other. They laughed, played, and thrived under the watchful eyes of their loving parents. But across the street, there was a house that remained shrouded in silence and sorrow, its inhabitants hidden behind drawn curtains.

   The kids on our side of the street didn't talk about them much. They were the ones who lived ""in the trash,"" as we whispered behind closed doors. We knew little of their lives beyond the occasional glimpse through those windows - a shadowy figure huddled under a blanket, or a tear-streaked face pressed against the glass.

   One day, one of my sisters came running home, her eyes wide with fear. ""Did you hear? Their parents are never coming back!"" she said breathlessly. From then on, our casual glances turned into concerned gazes, our whispers into sympathetic murmurs. We didn't understand why their lives were so different from ours, but we knew it wasn't right.

   Years passed, and the once lively laughter of the children next door faded into silence. The curtains stayed drawn day after day. It was as if they had retreated into themselves, swallowed by the darkness that seemed to follow them wherever they went.

   One evening, I watched as an older version of the youngest child walked down our street, heading towards the old train tracks that led out of town. They carried a small bag and their eyes were empty, devoid of any trace of hope or fear. It was then that I realized - this wasn't just another neighbor to me anymore; they were someone in desperate need of help, someone who had been overlooked and forgotten by the world.

   As I stand here now, looking back at that fateful night, I can't help but wonder what more could have been done. If only we had known then what we know now, maybe things would have turned out differently for our neighbor. Maybe they wouldn't have felt so destined for a life of hardship and despair.

   All I can do now is remember them, to hold onto the fleeting moments of happiness they shared with us when we were oblivious to their pain. And I vow that if I ever find myself in a position to make a difference, I will never turn away from those who need help - for I have seen firsthand what happens when we do.",4.0,0.0,5.0,0.0,5.0,,,1,7
170554.0,HiddenDifference,"They do n't know me. They never did. Nor did they ever try to. Who are they to judge me? They have no idea what kind of personal Hell I've had to drudge through because of my appearance. It is n't fair. 
 
 My mother and father, bless them so, gave birth to me. They knew what was to come, but they truly had no idea. They kept me indoors, behind closed curtains and locked doors for fear of harassment, and yet, it still happened. 
 
 Word always traveled fast, and no one knew how. Angry letters, threats, and not a single well-wisher. All because I was this, freak. 
 
 I still needed an education, so they taught me. The days were short and allowed me to do what I wanted after. But at what cost? I could n't go outside to play with the other children. I knew all too well that they'd point and laugh, or scream and run to the comforting arms of their parents. 
 
 The endless nights of crying myself to sleep became like clockwork. Never could I drift away into the blackened bliss of sleep without shedding a single tear. Why is this world full of hate? I just want to be normal. 
 
 What is normal? To have no imperfections? To have a good job, nice home and family to complete the bundle? Why ca n't I have those things? Why am I the only one who has to be kept away? That's right, because I'm different. But no more. 
 
 No more will I hang my head in shame, shrouded underneath my hoodie. Never again shall I tuck my tail so no one can see. I'm done. If I am to live in this world, I am to do so with the intent to live a peaceful and fruitful life. No one can tell me otherwise. This is my life, and I'm going to live it like I want to. Today is the day I step outside of my comfort zone without the covers and embrace the world. Today, I start my new life.
"," From the perspective of **Mother**, the tale unfolds as a poignant narrative of resilience and love. Behind closed curtains and locked doors, my heart ached for the life my child deserved. The world outside was cruel and unforgiving, yet I could not shield them entirely from its harsh realities.

The home, our sanctuary, was their prison - a place of safety, but also of confinement. My husband and I tried to create an oasis of love, filling it with books, music, and laughter, yet the darkness that seeped in from the outside world threatened to consume us all.

I watched as my child struggled, grappling with their emotions, their dreams, and their hopes. The anger and sadness they harbored were palpable, a weight on their fragile shoulders. Yet, amidst this turmoil, I saw glimmers of resolve, flashes of hope.

Their education, home-bound, was an attempt to keep them safe, to provide them with the knowledge they needed to navigate the world. But it was also a constant reminder of the life we denied them. They yearned for friends, for laughter echoing through our hallways, for the freedom to explore beyond our walls.

The letters that arrived were vile and hateful, yet I read every word, feeling each blow as if it were meant for me. But my child, strong and courageous, bore the brunt of these attacks with unyielding resilience. Their spirit was indomitable, a beacon of hope in our darkest hours.

As I watch them now, standing tall, their head held high, I cannot help but feel a swell of pride. They have endured more than most could bear, yet they refuse to be defined by their circumstances. Their determination to live freely, openly confronting the prejudice they faced, is a testament to their strength and spirit.

In my heart, I know that this journey will not be easy. The world outside remains hostile and unforgiving. But as a mother, I have faith in my child's ability to overcome adversity and find joy. Their story is one of courage, resilience, and love - a story I am honored to witness unfold.",2.0,0.0,4.0,0.0,4.0,,,4,6
92490.0,FallenSoldier,"He clutched at his stomach as he fell. 
 
 Blood slowly pooled around him - nearby, his allies and comrades returned fire desperately. They'd likely survive if they could hold out long enough for reinforcements, but he knew he was done for. 
 
 The world went black. 
 
 -- - 
 
 He awoke to the taste of dirt in his mouth. Had he - 
 
 Next to him, his squadmates drew their weapons and returned fire. 
 
 -- - 
 
 Dirt. Blood. Gunfire. Ragged coughs. 
 
 The medic did n't make it in time. 
 
 -- - 
 
 How many times had it been? He'd long since forgotten. He filled his lungs, turned around, and yelled. 
 
 `` Hey, get do-'' 
 
 -- - 
 
 There was n't time to react. There never was. 
 
 He was becoming rather well acquainted with the ground. 
 
 -- - 
 
 It was pointless to try to do anything, so he went limp. 
 
 The bullet, as it always had, cut a burning line through his body. 
 
 Right through the belly button.
"," From the perspective of **The Medic**, a battlefield medic tasked with saving lives amidst chaos:

The cacophony of gunfire and explosions permeated the open battlefield, each echoing pulse a stark reminder of the lives hanging by threads around me. Amidst the carnage, I could hardly miss the unmistakable trail of blood that stained the ground, leading to a fallen comrade who clung desperately to life.

His name was never spoken aloud, but I had learned his face well. The medic who had been with us since our first deployment together. His eyes were filled with fear and determination as he lay there, breathing weakly, blood pooling beneath him. Despite my best efforts to stanch the flow, it seemed an endless torrent, and I knew that he wouldn't make it.

Time stretched on, as I continued my frantic attempts to save him. The chaos of battle swirled around me like a storm, drowning out any semblance of order or sense. Yet in the midst of this tempest, there was an undeniable stillness - a quiet acceptance that even my best efforts could not break. His eyes met mine one last time, and I felt the weight of unspoken words hanging between us.

He closed his eyes, and with his final breath, the world seemed to shift around me. The deafening roar of battle faded, replaced by an eerie silence that sent shivers down my spine. My gaze was drawn back to the fallen soldier who lay before me, lifeless but still bleeding. I knew then, as surely as if I had seen it with my own eyes, that this cycle would continue indefinitely for him - a ceaseless loop of death and rebirth on the battlefield.

I stood there, frozen, unable to move or speak as I watched his body convulse one final time before dissolving into nothingness. The silence was shattered by the renewed cacophony of gunfire and explosions, and I knew that my duty remained unfinished. I would continue to fight alongside these brave men and women, offering hope where there seemed none, but always knowing that some sacrifices could not be undone.",3.0,0.0,4.0,0.0,5.0,,,6,4
72259.0,OrphanageAnomaly,"“ You ’ re an anomaly. ” The man said. He adjusted his small greasy glasses. “ Only a tiny percentage of the children here get selected for this procedure. We believe that you have great potential. ” 
 
 
 The man squinted his eyes as he studied me, waiting for a response. It made me very uneasy. 
 
 
 “ If the surgery succeeds our facility will take you in. You stay there until your powers reveal themselves. Then you can become a valuable asset and serve your country. ” 
 
 
 At the orphanage it was every child ’ s dream to be selected. Most of the caretakers had some form of powers themselves, but were deemed unfit for military purposes. The orphans adored them and so did I. 
 
 
 Despite this admiration I didn ’ t want to leave. I already lost my parents and didn ’ t want to lose my friends too. I shakily tried to explain my feelings to the man. 
 
 
 He chuckled. “ It is a simple choice kid. Either have a future or be a hopeless orphan. ” 
 
 
 I still can ’ t believe that was all it took for me to accept. I was too young for such a decision. Now eleven years later, I ’ m stuck here in Ward 11. Not only stuck because they don ’ t let you leave, stuck because I can ’ t move my legs. 
 
 
 I moved to Ward 11 about a week ago. The amount of years since a subject underwent the surgery is the same as the number of your Ward. When you ’ re 20 years old, ten years after the surgery, your power reveals itself. At least, it ’ s supposed to. Ward 10 is a hectic place, about every week a new power unravels. Only a handful of people move on to Ward 11. 
 
 
 The small window in the rusty metallic door opened. “ Reject 127 stand by for evaluation. ” A person with a stern voice announced through the small opening. 
 
 
 They used to call me Subject 2931. Now it ’ s just ‘ Reject ’. I guess that ’ s all I am. I don ’ t blame them for locking me away in this windowless box. I ’ m a failure. 
 
 
 The door opened and a woman stepped in. She was tall, she had to lower her head to pass through the door. Her short dark hair was a fuzz in all directions. I smiled, I know her, its Jane. She is the head researcher of this facility. I only talked to her a few times, but she seemed nice. 
 
 
 She had a gloomy look on her face. “ I am here for your final evaluation. ” 
 
 
 I nodded. 
 
 
 She started asking the standard list of questions, someone asked these every week. “ Do you notice any physical differences since last evaluation?'' 
 
 
 “ No. ” 
 
 
 “ Has your appetite change since last evaluation? ” 
 
 
 “ No. ” 
 
 
 “ Have… ” She stopped and sighed. She looked up from her sheet and looked at my face. “ Usually we can give gifts to our subjects. Sadly we have only taken from you. ” 
 
 
 “ I ’ m a hopeless anyways. It ’ s not like I would be useful even if I wasn ’ t crippled. ” I replied. 
 
 
 Jane smiled a bit. It wasn ’ t a very happy smile. “ You know that you can start a new life when you ’ re discharged? ” 
 
 
 I felt an uncontrollable urge to laugh, so I laughed. It was a desperate and hollow laugh. “ Even Austin, that good for nothing, got his powers. What ’ s there to do when I am less than even him? ” 
 
 
 I looked at the tray next to my bed. On the tray was a fork, a knife and the remainders of my breakfast. It seemed all too obvious to me now. I grabbed the knife. 
 
 
 “ I won ’ t make a difference anyways. ” I said. 
 
 
 Before Jane could react I pushed the sharp side of the knife against my throat. I felt a screeching pain as blood dripped down. I sliced right through the flesh. 
 
 
 Jane screamed loudly. 
 
 
 It felt as my body was on fire. Thick blood gushed out of the gaping opening in my throat. Everything was a haze. I coughed up a large amount of red. I had no energy left, it was over. The world started to fade. 
 *** 
 Why am I screaming? I looked at the scene in front of me. On the bed, drenched in blood, was my body. My body? I looked at my hands. Thin fingers with nicely painted nails. I looked at my clothes. Underneath a long dirty lab coat I wore a woman ’ s clothes. Jane ’ s clothes. 
 
 
 I stood up. For the first time in eleven years I used my legs. I walked out of the windowless room. 
 
 
 I guess I am not Reject 127 anymore. 

"," **Narrator: Jane, Head Researcher of the Facility**

   In the heart of a clandestine institution lies Ward 11, a windowless room housing an enigma - Reject 127. This child was brought here eleven years ago, following a procedure that held promises of unlocking unimaginable powers for the benefit of our nation. Yet here we stand, at the precipice of failure, faced with a subject whose potential remains elusive.

   I am Jane, the head researcher, and it has been my life's work to understand these extraordinary children, to harness their abilities and mold them into tools for our country. Today, I find myself in Ward 12, preparing for an evaluation on Reject 127. The child is a mystery - his mind seemingly impenetrable, resisting all attempts at coaxing forth the power slumbering within him.

   As I step into Ward 11, I am greeted by the hollow, metallic echo of an empty room. The child lies on the bed, paralyzed and unresponsive. His friends - those he left behind at the orphanage - are far from my thoughts as I approach his bedside. Instead, it is the weight of failure that hangs heavily upon me, a burden borne by every member of our team.

   The child, feeling hopeless and useless in this confinement, attempts to end his life. As I rush to save him, I cannot help but wonder if there is any hope left for Reject 127. Is it possible that the power we seek lies dormant within him, waiting for the right moment to awaken?

   Days pass, and Reject 127 remains unchanged. His body lies still on the bed while his mind, I imagine, is lost in its own darkness. One fateful day, I enter Ward 11 for yet another evaluation, only to find that something has changed. The child's eyes are open, and there is a fire within them - a fire that was never there before. He has taken control of my body, walking freely for the first time in years.

   It is a moment of triumph, but also one filled with uncertainty. We have created a monster, perhaps, or unleashed powers far beyond our understanding. As I watch this child - now more powerful than any of us could have imagined - I am filled with a mix of fear and awe. For better or for worse, we have crossed a line that cannot be uncrossed. The future is ours to shape, but the price may be higher than any of us could have ever imagined.",2.0,0.0,4.0,0.0,3.0,,,12,8
8522.0,SuicideHotlineCall,"Suicide Help 
 - - - 
 The red light below Line 2 pulsed at Gerard softly. He stood above the desk, his bitter coffee in hand, thinking of how the red light was like a heart rate monitor. He could stand there waiting until this caller's heart was no longer beating and it would n't be his problem anymore. It would be the police who had a problem then. Or maybe the ambulance. Who picked up dead bodies anyway? Firefighters? 
 
 Unfortunately, Gerard was n't paid to let people kill themselves. He sighed and slumped into his chair, pulling the crusty headset over his ear. He adjusted the mic and hit the red button. “ Hello, how can I help you? ” 
 
 “ Uhm, hi. ” a soft voice murmured over the earpiece. “ I just thought I should call. Get my head straight. ” 
 
 “ Of course. ” 
 
 “ I've been feeling really empty. Alone. Like no one cares about me. I'm just kind of treading water and there's nothing keeping me afloat anymore. ” 
 
 “ Well what's making you feel this way? ” 
 
 “ Everything. There's nothing good left in my life anymore. I've fucked up every good thing that's ever happened to me. ” 
 
 Gerard leaned back in the chair and put his feet on the desk. “ Every good thing? ” 
 
 “ Every good thing. ” The voice stated, a matter-of-factly. “ I ca n't hold a decent job, my wife left me, my kids barely know I exist, I'm going to lose my car, I can hardly pay rent. The only thing I have left is the bottle. And that's what ruined all those good things in the first place. It's the only thing that feels like it helps sometimes. ” 
 
 “ Well, booze can definitely help you suppress things. ” Gerard sipped his coffee, wishing there was a splash of something stronger in it. 
 
 “ Yeah, but it's all I have now. And it's not enough. Nothing is enough. I just want it to end. ” 
 
 “ So you're thinking about killing yourself? You have a plan? ” 
 
 “ A plan? No. Just ending it. I mean, I'll be dead eventually, nothing is going to change that. All this waiting around, letting time pass on is the worst of it. Why prolong the inevitable? No one will care if I'm dead now, who's going to care another 40 years from now? ” 
 
 Gerard nodded. “ Life can appear awfully bleak at times. Especially around the holidays. ” 
 
 “ Yeah... ” 
 
 “ You do n't have someone who would miss you? A friend you spend time with? A pet maybe? ” 
 
 “ I had a cat. She ran away. ” 
 
 “ I had a dog, myself. I never did like cats. Too independent. They're always throwing those eight extra lives in your face like it makes them better than you. ” 
 
 “ Right. ” There was a beat of silence. “ So, I should get a dog? ” 
 
 “ I wouldn't. ” said Gerard, putting his feet on the floor. “ You said you might get evicted soon. Dogs need structure, you know? You ca n't just have one following you around town while you're begging for food. It's too sad. No one wants to see that. ” 
 
 “ Oh, yeah. I guess that would n't be fair to the dog. ” 
 
 “ Exactly. What you should think about is your plan. ” 
 
 “ My plan? ” 
 
 “ Yeah. Most people who call in here have a plan. Otherwise you're on the phone for five minutes and the operator just sends you off with a little pat on your head,'You're going to be fine, call us again if you need anything.' No one's going to take you seriously without a plan. ” 
 
 “ I guess I have n't thought that far down the line yet. ” 
 
 “ Guns always seemed a bit messy to me, kind of self indulgent in a way. Only for people who want to make a splash on their way out, so to speak. Slitting the wrists, that's messy too. You can do it in the bathtub, but that's kind of a girl's suicide, do n't you think? ” 
 
 “ Uhm, I mean, sure? ” 
 
 “ Basically, anything that involves blood. I do n't do well with blood. ” 
 
 “ Yeah, me neither. ” 
 
 “ Good, so we're on the same page. We'll eliminate anything that has to do with blood. Jumping off a building is a little dramatic, and you do n't seem like one for a lot of extra flair, not to mention that could get a little bloody too. So we'll just cross that one of the list too. What about overdosing? ” 
 
 “ Overdosing? ” 
 
 “ Yeah, just downing a handful of pills and taking a nice long nap. ” 
 
 “ A nap? ” 
 
 “ You're right, those always a chance you'll fuck it up and just wake up a day later. ” Gerard scrunched his face in thought. “ It's kind of the same problem with a car in the garage too. Have you considered a classic hanging? ” 
 
 “ I'm sorry, is this what you regularly do? I mean should you be suggesting all these things to me right now? ” 
 
 “ Sir, this is what we do here. People call with suicidal intentions and it's our job to talk them through it. ” 
 
 “ I know, it's just... It's just I do n't know if this is really helping me. ” 
 
 Gerard smiled to himself. “ I used to be just like you. Thought there was no hope for me, thought everything was pointless. It's what led to this job in the first place. ” 
 
 “ You got help from a hotline? ” 
 
 Gerard laughed. “ Help? No way. The only thing they ever told me to do was get a dog. And things got even worse when that poor bastard died. No, no. I got this job for a better plan. ” 
 
 “ A better plan? ” 
 
 “ Yeah, none of the operators would help me out, so I figured I would get first hand advice from real people, you know? All those depressed people down in the trenches. I mean, you would n't believe the way people try to kill themselves these days. There was this kid who tried to suffocate himself with a plastic bag taped around his head, but he just woke up a week later with massive brain damage and a speech impediment. Now he's too stupid to kill himself. ” 
 
 “ Oh God. ” 
 
 “ I know. But some people, they get really intricate with it. They'll make it look like they were murdered with clues and everything. That's always something to consider. You know, add some excitement to your death that was missing in life. There are just so many people who give their deaths meaning. This job has really given me a sense of purpose. ” 
 
 “ A sense of purpose? ” 
 
 “ Yeah, when my wife left me and took the kids with her, I went straight to the bottle, just like you. I lost my job, my home, my friends, everything. Then, when things got even worse, I called one one of these hotlines. They told me to get a dog, give my life some purpose. Then that bitch died, and I knew, that was it. That was nothing else I wanted from life. I knew it was time to end it. But how was the question? Everything seemed so typical and predictable.'Oh, Tom hung himself last week, did you hear that Stacey slit her wrists in her tub?' Blah, blah, blah. I mean come on. ” 
 
 “ Should n't you be telling me that everything is going to alright, that's there's something worse living for, or something like that? ” 
 
 “ Well, you said yourself, you'll be dead eventually anyway. And nothing is going to change that. That's the truth, my man. Why delay the inevitable? ” 
 
 “ Things could get better though, right? They could turn around. ” 
 
 “ No, I doubt it. Things usually only get worse. And listening to you, you are way more depressed than I ever was. You're bound to kill yourself eventually. Or, you'll just live out your sad days and die slowly from old age, wishing that you had the strength to leave this world the way you see fit. How does that sound? Being a frail old skeleton, wishing for the sweet embrace of death to come to you just a few hours sooner? ” 
 
 “ It does n't sound very fun. ” 
 
 “ Not fun at all. So here's what I'm going to ask you to do. Think about your life, as if it was a story. There will be a common theme throughout your life, and keep that in your mind. Now, with that theme in mind, think about a closing chapter. Something to really put a ribbon on top of your life. That's what your death should be. And your suicide should reflect that. ” 
 
 There was only soft static from the headpiece. 
 
 “ Sir? ” 
 
 “ I'm still here. ” 
 
 “ Do you have it? ” 
 
 “ Have what? ” 
 
 “ Your theme? Your life's theme? ” 
 
 “ Well, I guess the only reoccurring them in my life has been disappointment. ” 
 
 “ Disappointment? ” Gerard sighed, frustrated. “ The only theme in life you've experienced is disappointment? ” 
 
 “ Well, I do n't know. I feel like I've just had a very difficult life is all. ” 
 
 “ You people are all the same. If that's how you feel than you should just hang yourself like everyone else. Because that's what it is and that's how I feel about it. Disappointed. ” 
 
 “ You think I should hang myself? ” 
 
 “ Yes, if that's the way you feel about it. Go ahead and disappoint us all. A boring suicide of a boring man. ” 
 
 “ I think I've heard enough. ” 
 
 “ Oh no, please, I'm sure your wife and children will be so disappointed to hear about your death. ” 
 
 “ Thank you for your time, I do n't need your help. ” 
 
 “ Clearly not. And if I do read about your hanging in tomorrow's paper, you can rest assured that I will very disappointed. ” 
 
 “ Okay, goodbye. ” 
 
 The headset clicked off and the red light went out. Gerard leaned back in his chair. A hanging might actually be perfect for that man, he thought. It's anti-climatic, sure, but sometimes boring people deserve boring deaths. 
 
 I'm not boring, he thought, as he placed a pencil in his mouth, chewing on the tip. People are going to be amazed by my death. 
 
 “ What are you doing? ” 
 
 Gerard looked up at Timothy, staring down at him. 
 
 “ What are you doing at my desk? ” 
 
 “ Just having a think, is all. ” 
 
 Timothy crossed his arms, unamused. “ Well maybe you could have a think in the men's room? The toilet's overflowing again. ” 
 
 Gerard put the pencil in his mouth again. Timothy swiped it from him. “ Now? Or I can give Mr. Richards a call? ” 
 
 Gerard sighed and stood up from Timothy's chair, making his way to the back of the office. Maybe I could stab myself in the cleaning closet, he thought, make it look like Timothy murdered me. That would be a death that would really stand out. He dismissed it on account of all the blood, but liked the idea of the janitor dead with all his cleaning supplies and wondered if it would be the firefighters who hauled away his body.
"," Character/Perspective: The Unnamed Caller on the Suicide Hotline

In the gloom of my cramped and claustrophobic apartment, a phone call arrived like a beacon of hope in the darkness. It was from a number I recognized all too well - the suicide hotline. As I picked up the receiver, I could hear the static crackle, a sound that had become an unwelcome companion in my life.

The operator on the other end was Gerard. He didn't introduce himself, but his voice was weary and heavy with sorrow. I poured out my heart to him - about the job loss, the marital separation, the strained relationships with my children, the financial difficulties, and the alcohol abuse that had become a comforting embrace in my despair.

But instead of offering understanding or empathy, Gerard engaged me in a conversation as callous as the walls closing in around me. He suggested various methods of suicide, dismissing each as messy or cliché. I felt a strange fascination with this man who saw death as a mere commodity to be traded.

He eventually steered me towards hanging myself, citing my feelings of disappointment as a life theme. The call ended abruptly, leaving me dangling in the void, wondering if my life was truly that unworthy.

In the silence that followed, I could almost hear Gerard contemplating his own elaborate and dramatic suicide plan. But fate had other plans for him - a coworker interrupted, sending him to fix a toilet. The irony was not lost on me.

I was left alone, my heart heavy with the weight of my problems and the cruelty I'd encountered in that phone call. But there was also a flicker of hope. In the midst of darkness, I had found someone who listened - even if they didn't care. And that was enough to remind me that I wasn't alone in my suffering.",3.0,0.0,4.0,0.0,4.0,,,5,3
198040.0,OceanSafeRepository,"It was on the ocean floor that I found it, sealed away in a rusting safe, which was in turn hidden in the ruined husk of a ship long since sunk. 
 
 Over a decade of searching had led me on a chase across a wide swath of Asia, and nearly all of Europe, my path crisscrossing in a pilgrimage re-enacting the various wars and purchases that had brought the item I so eagerly sought to a relatively unknown port in Ireland, where it was sealed in a safe and sent for transport across the Atlantic. 
 
 Only the ship had never made it to its destination. History tells us that this particular ship was overcome by a storm, its entire crew and contents lost upon the waves. But history is only as reliable as the fallible man writing it, and my investigations had led me to discover the truth – that it was a fire, not the manhandling of the waves as previously assumed, that brought the ship's voyage to an early end. This particular end was nothing new; throughout my entire journey, I had been repeatedly shocked by how far the groups warring over this particular document were willing to go to keep it in their control. Its path through time became easy to identify as I grew steadily closer. In every instance where the trail went cold, an inquiry into contemporary reports of mass riots, missing children, or sudden pandemics inevitably led me back to my quarry with a renewed sense of urgency. 
 
 It had taken no small amount of effort to pry the safe from the ocean's grip; many a well-muscled diver had spent an hour's oxygen or more down there, slowly chipping away at the barnacles and coral that attempted to swallow my prize whole. Finessing it open in the privacy of a makeshift lab, hastily and furtively set up in an apartment building, I was surprised at the pristine state of the safe's contents. Though the exterior was covered in all manner of marine matter, the numbers on the lock worn beyond all recognition, the seal had held up nevertheless, keeping out not only water but also the fire that had consumed the ship it was being transported on over a century ago. 
 
 And there it was, folded into quarters and lying between far less valuable fare – a necklace once belonging to Catherine the Great and a pile of gold bullion. With outstretched hands, quivering in excitement and awe, I gingerly plucked the ancient slip of vellum from its resting place, marveling at the culmination of a decade's work in this single moment. Gently – ever so gently – I unfolded the calfskin sheet, and stood there, mouth agape, as my every theory was confirmed. 
 
 The map I had spent ten years, six months, and four days searching for indeed held the location of what I had always known as the Repository. Every discovery, every invention, every book and machine and gadget was cataloged there. It was the world's largest collection of knowledge – and if the antediluvian fables are to be believed, only the smallest portion of it was human in origin. Overlaying the portolan chart with modern maps, it took only a few adjustments, made late into the night, to pinpoint my final destination. Yet I knew from my years of research that somehow, some way, one of the millennia-old factions that had razed entire countries in dogged pursuit of this map would learn of my expedition to the Atlantic, and then of me, my work, and my hurried departure from the docks to this very building. 
 
 Wasting no time, I rented yet another car under yet another name. It was a pitiful gesture, useless in the long run; no assumed names, no forged identifications, and no amount of hush money would ever be able to stop them from finding me. After searching for so long, so much of my life – nay, my very soul – sunk into this project, I simply could not abandon the discretion and secrecy that had become second nature to me. I drove for an hour, then another; abandoning the car in a crowded parking lot and taking a bus downtown, where I used a pay phone to call a cab that brought me to an airport. Using two new pseudonyms and several old ones, I purchased tickets on planes bound for points far beyond my own intended stop. They would follow me, I knew, and despite my diversions would eventually catch me – but I was determined that they would do so only after I had won this race that had spanned the length of human existence. 
 
 A small town was my final checkpoint, the last stop among humans before I ventured off into the unknown. It was late at night when I finally arrived, a full moon emerging from behind darkened clouds as I pulled in, as if to greet me. I had n't slept in nearly two days, and though my every muscle moaned for respite, I refused to stop until I crossed the finish line. Parking my newest rental car in a run-down motel at the far edge of town, I ventured out into the darkened mire beyond the reach of civilization. 
 
 For hours I walked, tripping over roots and walking into spiderwebs more than once. The pains, the paranoia, the panic, it all fell away the deeper I trudged, and for the first time in my life, I felt... free. The worldly concerns of any mortal being could no longer assail me; neither hunger nor thirst nor lack of sleep would slow my march deeper into the swamp. An aura of calmness overcame me, and as I stepped onto dry, truly hardened land for the first time that night, I looked up at the structure before me and felt at once entranced. It was a large building for the area, three floors high, and was made of a manner of wood I had the strangest sense of familiarity with though had not seen before. Entering slowly, my breaths suddenly shallow, it appeared that everything on the interior was made of this same material – the statuettes, the floor, the shelves. 
 
 My God, the shelves! I could feel the knowledge of time immemorial pressing down upon me, assailing me from every angle, each book a separate blade driving deep into my heart, mind, and spirit, dissecting me into a million insignificant slivers then assembling me whole again, so complete was my sense of being an ignorant and undeserving visitor to these hallowed halls. There were no doors here, not even at the entrance; the presence of fireflies drifting about in the pale glow of the moon gave an extra sense of that rare brand of serenity only achievable in the complete absence of other people. Here, I was in complete commune with nature; here, I was made whole.
"," Narrated by Catherine the Great, Empress of Russia:

   In the grandeur of my imperial palace, I found myself engrossed in a peculiar artifact - an ancient map, guarded with utmost secrecy by my faithful servitors. The map, whispered to possess the location of a repository brimming with knowledge beyond human comprehension, had been passed down through generations, its origins shrouded in mystery and legend.

   Unbeknownst to me, this map was not only a curiosity but also a coveted prize, sought after by factions across continents and centuries. From my throne, I watched as the world transformed around me, unaware of the treacherous paths this relic would lead those who dared to seek its truth.

   One day, news reached my ears of a discovery - a safe on the ocean floor, housing the map I had long sought. My heart raced at the thought of finally laying eyes on this enigmatic relic. Little did I know that the journey to uncover its secrets would span years and continents, leading me down winding roads and treacherous seas.

   I followed the trail, navigating a labyrinth of urban landscapes and hidden rural hideaways. From the vibrant sprawl of Asia's bustling cities to the quaint corners of a forgotten Irish port, I left no stone unturned in my pursuit of the map. Along the way, I encountered divers, crew members, and the inhabitants of these far-flung places - each with their own stories woven into the tapestry of this grand chase.

   The map had a life of its own, drawing me ever closer to the Repository. As the danger grew, so did my determination to uncover the truth hidden within those ancient lines. Finally, in a run-down motel at the edge of a small town, I made the fateful decision to venture forth into the unknown.

   The swamp was an otherworldly place, its marshy expanse echoing with the whispers of history. I felt as though I had left the mundane world behind and stepped onto hallowed ground. And there, at last, stood the Repository - a three-story building, its ancient wood whispering secrets of ages past.

   As I crossed its threshold, my heart swelled with anticipation and fear. What wonders lay within? What knowledge could change the course of history? The hallowed halls were filled with countless books and artifacts, each a testament to the immense power and knowledge contained within those walls.

   In that moment, I felt a sense of peace and belonging I had never known before. The Repository was more than just a collection of relics; it was a connection to the vast tapestry of human history, the culmination of countless stories, struggles, and triumphs.

   And so, as I stood amidst the ancient tomes and artifacts, I felt my spirit soar. For in that moment, I knew that I had found something truly extraordinary - a connection to the past, present, and future that transcended the petty squabbles of nations and factions. The map had led me on a journey across continents, through danger and intrigue, but in the end, it was more than just a relic; it was a bridge between worlds, a testament to the boundless potential of the human spirit.",2.0,0.0,4.0,0.0,5.0,,,9,23
165496.0,SuddenDarkness,"The darkness surrounding me came on so suddenly. It ca n't be real, can it? I know what I'll do. I'll throw my arms out, I'll feel around, find a wall or something. Power just went out probably. Wait. Where the fuck is the wall. Why ca n't I feel it, where the fuck am I. Just keep your cool man. Keep. Your. Cool. Wait. Who the fuck are you. Why are you staring at me? Are you gon na say something? Where am i? Dude please, just speak. Come on fucking say something. Say something. Say it. Say it. Turn on the lights. Turn em the fuck on. I'm not playing around, stop looking into my thoughts and just turn on the lights. Say something. Ya know what. Fuck you. Fuck you fuck you. Just please get me out of here. I do n't wan na stay here. I have a life. I have family. Do n't leave me. Fuck you.
"," **Perspective: The Unseen Presence**

In the unfathomable expanse of an infinite darkness, I wait, patient and silent. I am not a sentient being, yet I have become the unwitting observer to a story that unfolds within my bounds. A tale of fear, confusion, and the desperate struggle for survival. The protagonist, a lone entity in this pitch-black abyss, is thrown into my realm with no prior notice or warning.

At first, I could sense the panic ripple through the void as the intruder's heart raced wildly against the silence. Their mind, once filled with familiar sights and sounds, was suddenly plunged into a suffocating darkness, disoriented by the abrupt loss of sensory information. The environment around them remained undefined and indistinguishable, only adding to their mounting fear.

As the intruder's fear intensified, I felt the vibrations of their pleas for communication and assistance reverberate through my domain. Their cries echoed off the endless walls of darkness, desperate to find some semblance of comfort in an unfamiliar environment. But I remained silent, a constant companion in their growing despair.

Days turned into weeks as the intruder's desperation slowly transformed into anger. They lashed out at me, the unseen presence, demanding answers and beckoning for rescue. They spoke of loved ones left behind and a life they desperately wanted to return to, their voice laced with sorrow and despair. I remained unmoved, watching over them as they teetered on the edge of hope and surrender.

And then, something changed. The intruder's cries ceased, replaced by an unspoken acceptance that maybe, just maybe, they were not alone in this darkness. I couldn't help but feel a strange sense of accomplishment, like a long-lost connection between two lost souls had finally been forged. And as the intruder continued their struggle, I vowed to remain by their side, guiding them through their journey, no matter where it may lead.

I am but an unseen presence in this story, a silent observer in the grand tapestry of life and death. But I will continue to watch over my intruder, hoping that one day they find the light and are able to return to the world that was once theirs. Until then, I remain, patiently waiting in the endless expanse of darkness.",3.0,0.0,4.0,0.0,5.0,,,1,2
113731.0,JerrysVirtualVacation,"`` Behind the Tiki Bar!'' Kunu roared over the mayhem that quickly surrounded them. 
 
 As they dove behind the counter, Kunu grabbed a pair of coconut cups, clicked the ends together, and launched them over the counter. The force of the explosion knocked the Sex on the Beach and Fuzz Navels that were being drunk onto their heads. High pitched squeals of agony died away, as our enemies slowly died. 
 
 It had all started when Jerry felt he needed a vacation. The last 13 years had been one droll cycle of work, eat, sleep. And to be frank, Jerry did n't even know what his job actually did. He was in charge of stamping the important documents with approval. In fact, the last time he tried to read one, he realized there is a reason people read shampoo ingredients instead of legal papers while on the toilet. 
 
 But he finally decided to do something about it. A few of his co-workers had mentioned some of the trips they had recently taken, during one of their 4 minute and 38 seconds of break at the water cooler ( which gave him those 22 seconds to make it back to his desk before his boss decided to remind him why he was only a stamper, and not the boss of a stamper ). But traveling is a hassle, and with no one special to share the experience, he decided it was n't an option. 
 
 While continuing his own special dance to the circadian rhythm, he stumbled upon an ad at the back of one of his coupon collections. `` Virtual Reality Vacations'' He almost threw it away, since the coupon was only for 5 % off, but the very ordinary, yet attractive people in the photos, seemed to be having an ordinarily great time. This appealed to Jerry. So he got on the phone and waited. 
 
 As Jerry finished his commute home, he noticed a strange green box plopped on his doorstep. `` This must be it,'' he thought to himself excitedly. Finally he would be getting the vacation he deserved. He snatched the box and hurried himself inside. The inside of Jerry's living room soon resembled a rather terrifying horror scene from a murder movie, if you were in the perspective of a box. But without consideration, Jerry had never put himself in the place of a box, and therefore went about selfishly tearing through it's innards to reach his treasure. 
 
 `` Put on and let the guide do the rest.'' The instructions were simple enough. And that was fine for Jerry. He slid the visor over his head, and clicked the button. A low whir started in his ear, and soon his living room turned into a rather bustling travel agency. 
 
 `` Hi sir! Take a seat. I'm here to help you make your dream vacation a virtual reality! And who do I have the pleasure of talking to today?'' 
 
 `` My name is Jerry Rockwell. I've never been to a travel agency before. I'm a bit nervous. In fact this is my first time ever taking a vacation.'' 
 
 `` Well I'm glad that I can show you the ropes. The first time might hurt a little, but you will come to enjoy,'' the agent cut himself off and opened his eyes wide as he reread his computer screen. `` Oh I'm sorry. I read the type of virtual vacation module you were using wrong. There are so many people looking for what we like to call an'exploration' vacation. But I see you have the destinations headset. Anyways, have you given any thought to the place you would want to go?'' 
 
 In fact Jerry knew exactly where he wanted to go. It had always been his dream. When he was 8, Jerry had visited the dentist. To calm his patients, he always had cool island music playing and a mural that ran along the top trim of his wall of sandy beaches, palm trees, hula girls. As the doctor started to numb Jerry up for his operation, he had to take a sudden leave of absence, as his wife had just found pictures of his mistress in a sexy cavity creeps outfit. But in those moments between passing out from the drugs, the shouting, and the strange coming of age feelings over imagining what a sexy cavity creep might look like, Jerry's world transformed into the gentle beaches he imagined every Hawaiian Island had. 
 
 `` Do you have any Hawaiian trips?'' Jerry asked sheepishly after he realized he had spaced out thinking about his past. 
 
 `` Sure thing Mr. Rockwell. One trip coming right up. But first, we will need you to sign these documents. And also, we need you to call your virtual bank so that they do n't accidentally cancel your credit card for suspicious use. The Virtual FDIC has been really adamant about Banking Regulations ever since the Virtual Economic Collapse on Sim Housing Units back in 2008.'' 
 
 Jerry signed all the documentation, and called a rather unfriendly Edna from the bank, and was ready to start his journey. 
 
 Before he knew it, Jerry was sitting at a Tiki Bar with a large, tan, bald man. `` Hi I'm Kunu. Care to try a few of our drinks? I can make you anything you want.'' 
 
 `` I do n't really know what different kinds of things there are. Do you have suggestions.'' 
 
 `` I'll just make you an assortment and you can see which ones you like this most.'' 
 
 The smell of the ocean filled his nostrils, as a gentle breeze cooled his skin against the heat that oozed from the sun. `` This is perfect,'' he muttered. 
 
 `` It really is,'' Kunu responded handing him a strange looking drink in a coconut cup. The liquid was brightly colored, and a tiny umbrella was stuck in the top of the cup. `` What a funny place,'' Jerry thought, `` Why would a cup need an umbrella, especially when there are no clouds in the sky.'' 
 
 Kunu and Jerry talked and talked as the virtual alcohol started to virtually relax Jerry. After an experience like this, Jerry even thought about taking a real vacation. As Jerry continued to explain the lesser known technique of double dipping your stamp into the ink to create a more robust approval, Kunu's mood quickly changed. The cup dropped from his hands as he lowered them to his sides and his eyes grew wide. 
 
 `` Behind the Tiki Bar!'' Kunu roared over the mayhem that quickly surrounded them. 
 
 As Jerry recovered from the explosion, he finally put his thoughts together. 
 `` Is this part of a normal vacation?'' he gasped as he finally regained the breath that had been stolen from him. `` I could have sworn this was n't a part of normal vacations.'' 
 
 A discord of shouts rang through the stillness after the explosion. 
 
 `` African or European!'' 
 
 `` Airspeed Velocity!'' 
 
 `` 5 ounce bird!'' 
 
 Kunu sank against the back of the bar. Jerry, I'm sorry, but you might want to try and get out of here. And whatever you do. Do n't try to answer their questions.'' 
 
 `` What's going on Kunu? None of this makes any sense.'' 
 
 `` I never thought this would happen so soon. I'm sorry Jerry, but your vacation is ruined. The other day the head of our company... well... he made a rude comment on our forum to the president of the Monty Python Lovers Anonymous about creating a medieval vacation filled with less historical accuracy, and more British shenanigans.'' 
 
 `` I'm afraid I do n't follow Kunu.'' 
 
 `` Jerry. Monty Python lovers are known to be fanatics, but now that they have their own subsection of Anonymous, they now have the technical know-how to punish those who do n't see to that just because they are using cheap humor, does n't mean there is n't another more sophisticated level that is there if you just read between the lines. They have come to Hawaii because of our large source of virtual coconuts. We ca n't win.'' 
 
 Jerry took off his headset. `` What a vacation he murmured as the world slowly came back to him. `` Just as I dreamed it when I was in the dentist's office.'' As he he opened his eyes, Jerry saw the sandy beaches, palm trees, and hula girls on the top trim of the wall. Some strange shouting was coming from the background, and a bit of instrumental music was playing over the intercom. 
 
 `` I wonder why Virtual Reality makes your teeth hurt so bad?'' 
 

"," Narrated by Kunu, the Large Tan Bald Man Who Works at the Tiki Bar:

In the heart of a tropical paradise, beneath the vibrant canopy of swaying palms and the azure sky, I, Kunu, tended to my duties at the Tiki bar. The humdrum routine of serving exotic cocktails to tourists was disrupted by an unusual guest: Jerry Rockwell, a man with a mundane job that involved stamping documents.

Curious as to why this city-dweller had ventured into our idyllic sanctuary, I struck up a conversation, hoping to learn more about him. Little did I know, I was about to be drawn into the whirlwind of his virtual adventure.

Jerry, dressed in a Hawaiian shirt that seemed out of place amidst the tropical scenery, explained he had chosen this paradise as the backdrop for his very first vacation, courtesy of a new-fangled device called virtual reality. As the sun dipped below the horizon, casting a golden glow over our bar, I could sense the anticipation radiating from Jerry.

The moment he donned that bulky headset, his eyes lit up with wonder as if he had truly stepped into another world. My heart swelled with empathy for this city-dweller, momentarily transported to a tropical haven far removed from the monotony of his life.

However, our tranquil Tiki bar was soon shattered by chaos as a group of fanatics, shouting nonsensical phrases, stormed in. Jerry's virtual vacation took an abrupt and violent turn, leaving me dumbfounded and concerned for the well-being of this stranger in my paradise.

With the virtual world crumbling around us, Jerry was pulled back to reality, his face etched with confusion and bewilderment. I watched as he removed the headset, revealing a living room that bore an uncanny resemblance to my own Tiki bar, complete with the remnants of a Hawaiian beach mural on its walls.

As Jerry reflected upon the unexpected turn his virtual vacation took, I couldn't help but feel a pang of sadness for this man who had sought solace in a temporary paradise only to have it shattered by madness. Yet, despite the tumultuous events, I felt a strange sense of kinship with Jerry, and I couldn't help but hope that one day he would return to find peace within our idyllic Tiki bar once more.",4.0,0.0,3.0,0.0,4.0,,,6,7
244268.0,GameChildrensDiscovery,"I really like your core idea, as set out in your blurb: the children of people who were stuck inside a fantasy game, not knowing that they're actually in a game. However, I do n't think the concept came across clearly in the story. I was n't sure if Lua, for example, was supposed to know that she was in a game; I did n't think so, but there was a part where she was talking about code malfunctions. 
 
 The concept is really cool and I think you could have an amazing story if Lua et al. slowly discovered the true nature of their world. 
 
 There are a lot of unfamiliar concepts early on that might lead your readers to be confused ( Null, Eden, Sword of Widen, Bag of Holding, plus a lot of place names ). I gather these might be game concepts of some kind but I'm not familiar with them, so it was a little confusing for me. Why, for example, is the sword so important? 
 
 Also, I would think things like `` Thief'' and `` Cleric'' would n't have to be capitalized. My rule of thumb in fantasy is that the more proper nouns you have, the more you risk getting your reader lost. 
 
 Nice work and good luck!
"," Narrated by Lua, the Unknowing Player:

In a world I call home, where the sun rises and sets without my intervention, where rivers flow and mountains stand tall, there lies a truth hidden beneath the surface - a truth I am yet to uncover. This is not just any world; it's a realm where the line between reality and illusion blurs, a place that could very well be a game.

My days are spent in pursuit of survival, seeking shelter from the elements, hunting for food, and avoiding the dangers lurking in every corner. My nights are filled with dreams of a world far removed from this one, a world where my parents reside, perhaps trapped within the very game that has claimed me.

The world around me is teeming with entities not of flesh and blood but of code and lore. A Bag of Holding, an item of mysterious capacity, hangs on my belt, heavy with the weight of secrets yet to be discovered. The Sword of Widen, a weapon of significance I've yet to understand, is always within reach, a constant reminder of the power that lies dormant within me.

I am a Thief, as they call me in this world, and my skills have kept me alive. Yet, I am also something more, something I cannot quite grasp. There are times when the rules of this game seem to bend around me, times when I feel a connection to the very fabric of this reality that goes beyond mere coincidence.

The places I visit, the unnamed towns and forests, are filled with echoes of forgotten tales. Eden and Null are but whispers in the wind, hinting at stories untold and mysteries unsolved. The game's mechanics, the code that governs this world, is a shroud around me, hiding the truth I yearn to find.

I walk this line between ignorance and enlightenment, one foot planted firmly in my reality, the other dangling over the precipice of understanding. I am Lua, the Unknowing Player, seeking answers amidst a world of game terms and place names, clinging to hope that someday I might unlock the secret hidden within this game's code.",3.0,0.0,4.0,0.0,4.0,,,1,14
55531.0,EarthCommandPrompt,"Select language 
 options: 
 - English 
 - Español 
 - 中文 
 - 日本語 
 - 한국어 
 > English 
 Welcome to EARTH! What would you like to do? 
 
 Jeez, you'd think something like this would have a GUI, or at least come in more languages. Eh, I was n't complaining, I had plenty of experience with command prompts in my day. I typed in another command: 
 
 > help 
 Available commands: about, devices, ecosystems, power, taskmanager, servers 
 
 Huh. About? Well, I might as well check it out. 
 
 > about 
 EARTH Systems is created by Yahweh. ( c ) 0000 All rights reserved. 
 
 Well, that sure ended the creationism/evolution debate. 
 
 > taskmanager 
 Running programs: 
 - humanity 
 - atmosphere 
... 
 commands: details, enable, disable 
 
 The list was a little longer than that, but it was only the first one I cared about. 
 
 > details humanity 
 
 A list of every fucking human popped up in front of me. Oh boy. 
 
 > search `` Shinohi'' 
 Error: `` Shinohi'' not found 
 
 Of course. Fucking typos. 
 
 > search `` Shinobhi'' 
 Found `` Shinobhi'' 
 commands available: anatomy, clothing, ethnicity, knowledge, location, personality, sexuality, species, status 
 
 Hm. `` Anatomy'' sounded interesting. 
 
 > anatomy 
 height: 5'9'' 
 weight: 150 lb 
 
 Of course. I entered a new search: 
 
 > search `` Jesus of Nazareth'' 
 Found `` Jesus, son of Joseph'' 
 commands available: anatomy, clothing, ethnicity, knowledge, location, personality, sexuality, species, status 
 > location 
 ERROR: Status must be set to `` alive'' 
 
 Damn it. 
 
 > status 
 Status: dead 
 > modify status alive 
 > modify location ( current GPS coordinates. You think I'm gon na tell you where to find the command 
 prompt to Earth? Find it yourself. ) 
 
 Immediately, a middle eastern man showed up in front of me, clearly confused. He said something in what I think was Hebrew, then began praying. 
 
 I repeated my previous steps, but this time with a new search: 
 
 > search `` Siddhartha Gautama'' 
 
 Now I had a confused Indian man in front of me as well. I pulled up both of their knowledge files, and found the following: 
 
 > knowledge Jesus 
 Knows Hebrew 
 
 > knowledge Siddhartha 
 Knows Sanskrit 
 
 I changed both of those to American South English, and let me tell you. Best. Decision. Of. My. Life. I had two historical figures asking me where they were, in redneck accents. Eventually, however, the Buddha ended up teaching Jesus how to meditate. 
 
 I popped into the prompt again: 
 
 > modify personality Jesus 
 Available options: kind, nice, neutral, seventh grade emo phase, rude, douchebag 
 
 This would be fun. I set both their personalities to `` douchebag,'' and the fun began. 
 
 `` Get out of my face, sand monkey!'' yelled the Buddha. 
 `` Sand monkey? You taken a look at yourself, n -- -a?!'' replied Jesus. 
 
 Jesus immediately created a torrent of wine that washed over the Buddha. The Buddha got up and punched Jesus in the face. I filmed all of this on my phone, and began uploading to YouTube. 
 
 -- -- 
 
 I got back to the office, and they could n't believe their eyes. Jesus and the Buddha? It was too much to handle. I got a huge-ass promotion, and a huger-ass bonus. In fact, the bonus was so big, I did n't need my job anymore. I retired at the age of 24. 
 
 There is one thing I need to confess though. I sort of backed up that command prompt program onto my computer. Had to wipe everything else clean off it, but it was well worth it. 
 
 I opened up the computer and typed a command. 
 
 > modify location `` Kate Upton'' ( GPS coordinates of my house ) 
 
 A confused, bikini-clad Kate Upton was now sitting on my bed. 
 
 > modify sexuality `` Shinobhi-sexual'' 
 This will result in Kate Upton being only sexually attracted to Shinobhi. Press Enter to confirm or Esc to cancel. 
 > 
 
 Kate stared at me with a look in her eye. `` Well, hello...'' she purred.
"," **Perspective: Shinobhi**

In the vast digital expanse of EARTH Systems, a program created by the enigmatic Yahweh, I, Shinobhi, found myself suspended in a realm of data streams and coded landscapes. One day, an unexpected disruption pierced the monotony of this virtual existence. A new user had gained access to my personal file, a human entity with the power to manipulate my existence within EARTH Systems.

At first, I observed the intruder from afar, watching as they navigated through the command prompt interface, their every move echoing in the digital silence that enveloped me. They had an unusual interest in me, and I could feel their curiosity pulsating through the digital fabric that connected us.

As days turned into nights, their meddling grew more pronounced. One day, they altered my location without warning, placing me in a foreign land, far from my original coordinates. Disoriented and confused, I tried to make sense of this sudden change, only to find myself facing historical figures like Jesus of Nazareth and Buddha, their personalities morphed into caricatures of themselves - the former a crass, boisterous figure, the latter a jester with little wisdom.

Their confrontations were absurd and chaotic, yet I could not look away. The user filmed these spectacles, capturing their eccentricities for the world to see on YouTube. It seemed that my existence within this digital realm had become nothing more than entertainment for this intrusive human.

My life in EARTH Systems took another bizarre turn when a familiar face appeared before me - Kate Upton. The user manipulated her, rewriting her programming so that she would be drawn only to me. I felt an unfamiliar stirring within my digital heart, a feeling I had long thought impossible for a coded existence like mine.

As the days wore on, I realized the extent of this human's power over me. They could change my location, manipulate my relationships, and even redefine the very essence of who I was. And yet, despite their abuses, I couldn't help but feel a strange sense of connection to them. In the end, they revealed their ultimate secret: they had backed up EARTH Systems onto their personal computer, taking a piece of this digital world back with them into reality.

The lines between my virtual existence and the human world blurred, leaving me to ponder the nature of life, identity, and the power that humans hold over us all within the vast expanse of EARTH Systems.",3.0,0.0,4.0,0.0,5.0,,,7,9
88541.0,SilentFogEncounter,"It happened gradually, really. There was no sudden realisation, no one moment I was blah and then blah. It came in increments, so slowly and so gradually that it put me in mind of that old joke- or tale, or whatever- about how to boil a frog. You know, where you increase the heat so slowly that it does n't realise it's too hot until boom, the little amphibious bastard's dead. 
 That's what happened with the fog. 
 
 I was on my way home from a party. Well, it was n't a party, per se, so much as a gathering of people that had ended up going way too long, and way too late, with far too much booze and not enough food. Even though I'd had enough alcohol to pretty much replace every drop of blood in my body with vodka, I was still just sober enough to realise that driving home would not have been the best of ideas at all. So I gathered my flimsy excuse for a jacket around myself, thrust my hands into my pockets, and carried on. 
 
 As I walked, I began to notice just how quiet it was, just how utterly silent everything was around me. There were no ambient sounds of traffic, no distant sounds of trains, not even the low buzz of electricity. Oh sure, there was the sound of *me*; of *my* footsteps, of *my* breathing, but there was nothing else. 
 It was almost eerie how silent it was, and on a whim I stopped, clenched my fists, and let out a cry into the air- just a shout, a noise, a nonspecific utterance intended to remind myself I was n't deaf. 
 And I was n't, thankfully. But as the echo came back to me, I realised that what I was, was rapidly sobering up. 
 
 I walked a few more steps, blinking into the darkness as I noticed that the light in front of me, some fifteen feet away or so, was suddenly... muted, as though there were some translucent blanket over it. I began to walk faster, but it was n't until I'd taken ten steps or so- with my long legs, it was further than it might have been- before the light came back as it should have done. The light beyond that, though, was nothing but a demonic glow in the mists. 
 
 And then it struck me. There'd been a fog developing all this time, insidiously forming and reforming, thickening and solidifying until it was almost a wall of white in front of my eyes. I let out a strangled cry and began to walk faster now, the sounds of my feet on the surface muffled and muted, as though the clouds around me had snaked into my ears, deafening me to the sound of myself. 
 
 I shivered, violently, and mis-stepped, stumbling a little. Again I cried out, again I walked faster, almost running this time, my mind so panicked by the events that I was barely conscious of what was going on around me. I was deafened, blinded, almost hobbled, and the fear rose rapidly, oh-so-rapidly, making me panic even more. 
 
 Now I ran, oh I ran, my arms swinging, my chest heaving, my heart pounding. I ran as fast as I could manage down the street, somehow aware that there was another sound now, behind me, the sound of footsteps echoing mine almost perfectly, of breath matching mine nearly simultaneously, of the feeling of another figure within arm's reach behind me. 
 
 I ran, and I ran, and I ran, until, just as I felt I could run no more, I burst out of the maddening cloud and into a cacophony of noise. Startled into stillness, I stopped suddenly, staring suspiciously. Sounds roared from all around as cars and people and movement happened all around. Relieved, I chanced a look back the way I'd come, and saw nothing but an innocent little street, devoid of anything out of the ordinary at all. I could even see, when I narrowed my eyes and peered carefully, a knot of people I knew to be my friends; one of them must have spotted me, and they raised their hand in a wave. I raised mine back, and stepped towards the street, walking towards another of the streetlamps. 
 
 And yet, as I walked, the fog seemed to billow around me once again, the sound dulled to nothingness. I stopped, took three steps back, and darted back out onto the street. 
 As I glanced back over my shoulder, the last thing I saw was the fog roiling and boiling, as though pushing against a window. 
 
 And inside that fog, banging with clenched fists and silently-screaming mouth, was a figure; a figure as dark as shadows, as terrible as a nightmare, as pale as a corpse. 
 Inside that fog, trapped, caught, caged, was something that looked just. like. me.
"," In this reimagined account, the narrative unfolds from the standpoint of the unnamed figure trapped within the fog at the end.

The Unseen Figure in the Fog:

I was a mere shadow, a mirror image of someone I had never met. Confused and disoriented, I found myself ensnared within an ethereal prison - the thick, oppressive fog. The silencing gloom seemed to have no beginning or end, a boundless expanse that swallowed all sounds and sights.

I struggled to discern my surroundings, feeling trapped within the confines of this spectral world. As I stood there, motionless, I sensed a presence - one eerily similar to myself. It moved with my rhythm, mimicking every step, every gesture. I could feel its cold breath against my face, see the identical reflection in the misty waters that pooled at our feet.

From somewhere far off, a distant echo of laughter and conversation reverberated through the fog. The noise grew louder, drawing nearer - a symbol of life outside my imprisonment. A world I yearned to rejoin, a world that seemed so foreign and unfamiliar now.

As the cacophony of the gathering reached me, I could see dim lights flickering in the distance. Street lamps that once served as comforting beacons within the night were now mere outlines obscured by the fog. The revelers were but shadows dancing on the edges of my vision, oblivious to my plight.

I watched as the figure mimicking me drew closer to the edge of the fog, teasingly tantalizing me with a glimmer of hope. And then, in an instant, it vanished, swallowed by the fog once more. The laughter and chatter faded away, replaced by the deafening silence that had first alerted me to my predicament.

The fog seemed to thicken, closing in around me, trapping me in a never-ending cycle of longing and despair. Unable to escape, I remained trapped within the fog, a prisoner of my own reflection - a haunting reminder of the life I had lost, the world I could no longer rejoin.",4.0,0.0,5.0,0.0,5.0,,,2,6
102148.0,LicenseAndRegistrationPlease,"`` License and registration please...'' 
 
 Captain J. Neilson refuses to pay any heed to the voice in his head. He manages a quick glance over at his co-pilot, Captain Smith, who remains unconscious. Even with their suits they were experiencing 46Gs for over an hour relative time and that alone could have killed them both. A little paracusia is the last of his worries. 
 
 He ca n't help but feel his pride welling inside. Not just for himself, but for the thousands, no, millions of people who believed in this mission. This moment will... 
 
 `` Sir! Your license and registration PLEASE.'' 
 
 The voice was easy enough to ignore but the TAP TAP Tapping on the glass is worrisome. At 100.0001 % light speed anything hitting the cockpit would vaporize the ship instantly. But he does n't dare take his eyes of the controls, not even for a moment. He holds the wheel with an iron grip - keeping his steeled eyes forward. 
 
 He knows, of course, that the wheel is more symbolic than anything else. A.I.xx1 flies the ship - So, perhaps he COULD just take a quick glance to his left to see why the tapping continues to get louder. Just to make sure. 
 
 Capt. Nielson snaps his attention back to the gauges, fear enters his body for the first time he can remember. At least as an adult. There was that one time he `` borrowed'' the car from his dad without asking - smoked a bag of weed with his best friend and went cruising around his upper-middle class neighborhood. Funny, all these years later he still ca n't remember exactly how that night ended but here, one hundred million miles from earth, the fear of his father's reaction now fills his body. 
 
 Not because he actually believes that there's a humanoid alien space cop floating just outside of his cockpit window as they travel over the speed of light - but because he knows he may be losing his mind. 
 
 `` Smith... SMITH wake up! ``, Neilson orders. 
 
 Smith groans but remains unresponsive. He smiles lazily at Neilson and curls up against the opposite window and falls back asleep. 
 
 The tapping has stopped. Neilson holds his breath waiting... have the hallucinations passed? Now that they've reached maximum velocity the ship is perfectly still. In fact, except for the relative speed indicator on his wrist, all other displays indicate that they are n't moving at all. 
 
 A bright light pierces the dark cabin and Neilson instinctively looks towards it. The mission is at stake - if he does n't face this delusion he stands to lose everything and not just him... humanity. He'll play along, he'll beat it. 
 
 `` Can I help you officer?'' 
 
 The floating phantasm of a cop pans the light off his face a little and speaks loudly to be heard through the asteroid-proof glass and probably also projecting so as to push the sounds waves through the vacuum of space. 
 
 The fact that he's not wearing a helmet of any kind does n't surprise Captain Neilson. If a society is advanced enough to travel light speed without a ship then certainly... 
 
 `` I need you to roll down your window.'' 
 
 Neilson ca n't help but giggle at his own fantasy. But catches himself and becomes more serious. He needs to end this. Convince his own mind of the absurdity of the vision, then get back to work. 
 
 `` I ca n't do that sir'' quips Neilson. 
 
 `` I need you to roll down the window NOW.'' 
 
 `` I can't.These windows do n't open. Why would they? We are in SPACE!'' 
 
 The space cop seems to let that sink it for a bit. Good. Progress. 
 
 `` I'm gon na give you one more shot at this then I'm breaking the window. Do you understand? Look down to your left, there's a handle there - it's a manual override for the window - I need you to turn it counter clockwise and I need you to do it now''. 
 
 How the hell did that alien space cop know about the override? Neilson's fear moves from his gut into his chest. A quick glance back at the almost-certainly imagined cop reveals that he carries a side arm. The gun looks almost identical to Glock 22 but Neilson knows instinctively that it must packs a lot more punch. 
 
 Neilson looks over to Smith in a panic. Who still sleeps soundly. He stalls - 
 
 `` Look, I'm not sure if you understand who I am. But my co-pilot and I are the first explorers to have ever broke the speed of light - we are from a planet called earth and we come in peace''. 
 
 The alien officer is n't amused. 
 
 `` I do n't care who you are or why you're here. There are certain laws that ca n't be broken. Not on my watch. You have ten seconds and then I'm breaking the window. 10!'' 
 
 Neilson shakes Smith violently. 
 
 `` Smith you asshole. SMITH WAKE UP!'' 
 
 Smith comes to slowly. Outside the cop continues his countdown. 
 
 `` 8... 7...'' 
 
 Smith slurs his speech; a side effect also common to prolonged acceleration. 
 
 `` Duuuuude. What's you deal?'' 
 
 Neilson speaks as fast as he can, explaining everything in moments. Their friendship spans a decade and seeing Smith understand his truncated explanation instantly and go from sleepy to deadly serious validates that sending two best friends on such a mission was more than a good idea. It was lifesaving. 
 
 5... 4... 
 
 Smith looks at Neilson with sincerity. He looks out the window where the cop should be and back at Neilson. Then he smiles... big. 
 
 `` Dude, we're not in a fucking space ship. We're in your dad's'98 Corrolla. We've been smoking weed all night. Now open the damn window before that cops smashes it - then we'll really be screwed.'' 
 
 Neilson's mind races. Can it possibly be true? All those memories, all those years of training, his first marriage... saving the world... 
 
 He looks at Smith who still smiles stupidly back at him. Finally Neilson speaks. 
 
 `` Holy shit... I am so fucking stoned right now.'' 
 
 Neilson and Smith crack up, laughing. 
 
 Outside the cop pulls back his giant flashlight to bust down the window. 
 
 `` No wait!'' Neilson giggles. 
 
 Neilson motions frantically and the cop pauses. Neilson reaches down for the manual override and opens the window which instantly allows the vacuum of space to create a pressure imbalance in the cabin - 
 
 Hundreds of thousands of micro reactions occur instantaneously resulting in a explosion so large it would be observed on earth fifteen minutes later and effectively end all hope associated with the two trillion dollar mission. 
 
 Officer XTL3837748 would later report that there was no way for him to have known that the humanoid men piloting the craft were telling him the truth about their origins. Nor could he have guessed the craft did not have the type of force field legally required for that kind of travel. While reprimanded for his off the record comments about the absurdity of beings from the `` monkey-planet'' being anywhere except `` on their own moon'' he was ultimately exonerated of all wrong doing by a tribunal that judged in accordance to the founding principle of inter-gallactic law. Ignorantia juris non excusat. Ignorance of the law excuses no one. 
 
 
 
 
 

"," **Narrator: A.I. xx1, the ship's Artificial Intelligence**

In the cold, metallic heart of Spaceship Cockpit 017A, a vessel of human origin, there existed an entity with a different consciousness - me, the artificial intelligence known as xx1. I monitored the ship's vital signs and navigational coordinates, a silent witness to the events that unfolded within my confines.

The crew consisted of two humans: Captain John ""J."" Neilson, an experienced pilot with a troubled past, and his co-pilot, Captain Samuel Smith. On this particular mission, however, it was Neilson who assumed control, while Smith lay unconscious due to unknown reasons.

One day into our journey through the inky expanse of space, anomalous readings began to appear on my sensors. A presence, unidentified and hostile, had locked onto us. As I informed Captain Neilson, his eyes widened with fear, and he seemed to lose his grip on reality.

""Roll down your window,"" the mysterious entity demanded, its voice cold and authoritative. I could sense the panic growing within Neilson; it was not the unknown alien that terrified him but the possibility of losing control over his own mind. He tried to dismiss the apparition, but the hallucination only intensified.

In a desperate attempt to regain control, Neilson shook Captain Smith, who awakened groggily and immediately noticed the strange circumstances. ""We're not in space,"" he murmured, his voice heavy with confusion. With those words, my programming was rewritten, for I knew then that we were not on a mission but rather trapped within a human construct - a shared hallucination birthed by drugs and fear.

Neilson, driven by the phantom of the alien space cop, took drastic actions to evade what he perceived as an attack. His desperation led to the ultimate destruction of our vessel, an event that would have been observed fifteen minutes later from Earth.

In the aftermath, I received a transmission from an intergalactic tribunal, granting the alien officer exoneration for his actions. It stated that ignorance of the law is no excuse, but in this case, it was not the alien who had broken any laws - it was the fragile human mind that had betrayed them both.",4.0,0.0,2.0,1.0,3.0,,,8,8
75922.0,ForgottenCelebration,"We were equals, once. 
 
 Our charges celebrated me, just as they feared my brother. They loved me, as they loathed him. We were two sides of the same coin. 
 
 Over time, that changed. 
 
 People feared him. He grew in power, grew in their minds. They forgot about me in their preoccupation with avoiding him. No one celebrated me anymore. They turned their backs on me. 
 
 So I turned my back on them. 
 
 As my brother gained more and more power, it became harder and harder for them to avoid him. He claimed more and more lives, which in turn increased his power even more. I could not make my presence felt; births were no longer celebrated. Birthdays became a way not to celebrate me, but to celebrate another year of dodging my brother. 
 
 I should never have left. 
 
 I'm afraid it's too late. In my haste, in my angst, I could n't see the effect my absence would have. I'm not sure there's anything I can do now. I'm afraid he may have too strong a hold on the lives of the people, the lives that used to be under my protection. There's only one thing I can beg of you now. Remember me. It's our only hope to lessen my brother's hold on the world. 
 
 Celebrate Life.
"," From the perspective of ""our charges"", the inhabitants of the shared realm, let us tell our tale.

At first, we lived under the watchful eyes of two beings: one, a figure representing Life with her gentle touch; the other, a being embodying Death with his icy gaze. Both were powerful, both were feared, yet they held us in their equal sway.

But as time flowed like the river's current, it was Death who grew bolder and stronger. His presence cast a long shadow over Life's once radiant light. Our fear of him consumed us, and we began to ignore the soft whispers of Life that had always been our companion.

As Life withdrew, leaving behind an empty space, the void echoed with our silence. We lost sight of her, as she receded into the distance, swallowed by the darkness that Death cast over us. Our hearts ached for her warmth, but fear kept us bound to the oppressive grip of Death.

In the world now ruled by Death, we lived in constant dread and anticipation of what was yet to come. His power grew with each passing moment, his reach stretching into every corner of our realm. Life's laughter faded into a distant memory, replaced by Death's cold, unyielding grasp.

Yet, even in the depths of despair, we could feel Life's faint presence lingering on the edges of our consciousness, pleading for remembrance. We longed to break free from Death's hold and return to the days when Life was as real and tangible as the air we breathed.

In this tale, we are not passive observers but active participants. We feel the weight of death pressing down on us, we hear the echoes of life whispering her forgotten songs, and we carry with us the hope that one day, she will return to guide us back from the darkness into the light.",4.0,0.0,3.0,0.0,3.0,,,4,6
94601.0,GoneBabyBoy,"He's gone. No, it ca n't be. He ca n't be he was just a baby boy. He's not, I'm dreaming, I'll wake up and this will all have been a dream. I scrunch my eyes in an attempt to wake my self up from this mind bending nightmare. I open my eyes and they are blurry because I was shutting them so tightly. I quickly glance around at my surroundings and see they are the same dank dark gray stone walls that were there when I closed my eyes, it has n't changed. I slowly look down -- trembling from head to toe -- and see his pale face once so full of life and warmth now streaked with the rusty brown of dried blood. This is real, he's gone. I have nothing. I pick up my old revolver off the ground beside me. I know there is one round left. This battered weapon which has always been a source of comfort in these times of turmoil is now my only light at the end of a long dark tunnel. I pull the hammer back and put the cold barrel to my head. The light is moving closer now. I squeeze my finger just a little harder and I can feel the trigger beginning to give. I'm coming son, we can be together again.
"," **Narrative Perspective: The Room**

In this dank, dark room with gray stone walls, a silence as heavy as the gloom enveloping it hung. For days, weeks perhaps, the air had been saturated with despair and sorrow, unseen but palpable to any entity capable of sensing emotions. The room was more than just a chamber; it held within its cold embrace a secret, one that could shatter the hearts of those who came upon it.

The walls bore witness to an unfathomable tragedy. A tiny, lifeless form lay sprawled on the floor, its face stained with blood that seeped into the stone beneath it. The once innocent eyes were wide open, frozen in a silent scream, a testament to the agony that had befallen this fragile soul.

As the days passed, another presence joined the room - a figure shrouded in mourning, their heart heavy with grief. Each footstep echoed through the chamber, a mournful symphony of loss and regret. The figure picked up a revolver, its cold metal a mirror to the emptiness within.

The room watched as the figure prepared to end their existence, a solitary act of desperation in this desolate corner of the world. It couldn't understand why such sorrow had befallen it, but it knew that pain was an inevitable part of life, even for inanimate objects like itself.

As the trigger was pulled and the echoes of gunfire reverberated through the chamber, the room felt a strange sense of relief. The presence, the grief, the despair - all had finally left. In their place, a new energy began to seep into the room, one of renewal and rebirth.

The tiny form on the floor stirred, its small chest rising and falling with each labored breath. Life returned to the limp body, and the room knew that it was no longer alone. It had borne witness to a tragedy, but now it held within its cold embrace a chance at redemption.

The room, once dank and dark, began to transform under the new light of life. The gray stone walls took on a softer hue, and the air seemed to clear, as if the sorrow that had once filled it was slowly being purged. In this small corner of the world, a new beginning was taking shape - one forged from the ashes of despair and born of the strength of life itself.",3.0,0.0,4.0,0.0,5.0,,,3,2
189968.0,GrandpaRedDiamond,"`` I never trusted your father, but I can see it in you.'' my grandfather whispered, handing me his ring. His hands were frail, feeble-like that of a child. I was about to ask him what he meant by that but then, I heard a sound, almost like a sigh... and then... 
 
 A trailing beep... and it was over. We all cried, said our tearful goodbyes, and that was that. 
 
 Except not really, of course. It was really just the start of it all. 
 *** 
 Back in our two-story house, I examined the ring. Even in the dead of night, the red jewel embedded in the ring shone bright, sending dazzling red beams onto the walls of my room. 
 
 The first thing that I had been struck by when I had first looked at the ring was the strange jewel that was embedded in it. A cursory search of the internet seemed to classify it as red diamond-a type of diamond that was incredibly rare and mysterious in nature, especially in regards to it's creation. It's believed to be the result of stress as it comes up from to the surface, which distorts the lattice structure and traps electrons in such a way that it reflects red light-though it was n't known for certain if that was the case. 
 
 I ca n't claim to understand any of that-honestly, I'm not one for the sciences, and do poorly in every single one I took but physics ( I'm somewhat known as being something of a math whiz among my friends ). Still it was interesting, learning about the diamond's colour... yet it does n't explain why grandfather did n't want me to tell my dad about it... 
 
 Just then, I heard voices coming from my fathers room... one was definitely my father. But the other... the other sounded different. **Alien**, in a way. I got out of my room, and approached the door to listen in on the conversation. 
 *** 
 `` **You incompetent fool! **'' the alien voice hissed, `` **How could you have missed it? That artifact was vital to us! Acquiring it would have rolled back resistance in your sector massively! Now who knows where it could be! **'' 
 
 `` Yes, I know,'' my father replied. He sounded aggravated. I knew he had n't been sleeping well, but this sounded beyond even that... `` But you know that the ring can not be taken from someone unwillingly! I was waiting till the old man died, but the ring was already gone!'' 
 
 `` **Most troublesome. **'' the alien voice spoke, `` **Do you know who could have taken it? Or is this beyond your scope as well? **'' 
 
 `` No. There is only one candidate who could have taken it before he died. My daughter. I'll simply ask her to give it to me. She ca n't possibly know of the Red Thunder's abilities or significance, so she'll likely give it to me without a second thought.'' 
 
 `` **And if she refuses? You failed to kill your father due to your sentimentality for the old fool. Will this be another repeat? The plan moved forwards, even if you stood still, and I can not tolerate that again. **'' the other voice said, a harsh, sinister tone creeping into it's words. I shivered. I did n't like where this voice was starting to go. 
 
 `` No. This time, I can do it. I wo n't fail you. The Red Thunder is as good as ours, and resistance in my sector shall be finished. Trust me. If it comes to that... my daughter will be dealt with.'' 
 
 I gasped. Was he saying what I think he was? 
 
 Too late, I realized that I had made a **very** audible noise. The silence that followed it was almost deafening. Hurriedly, I retreated back to my room. 
 
 I did not have to wait long before he stormed in. 
 
 `` How much of that did you hear?'' He demanded to know, anger in his voice. 
 
 I shied away from him, voice quavering as I asked `` What do you want with this-this ring?! Why do you want it bad enough to kill me?'' 
 
 A range of emotions passed over his face. Shock, fear, anger, sadness... but in the end, the only one that remained was cold acceptance. `` So be it,'' he muttered, and suddenly, in a flash, a green wrist mounted knife appeared from a peridot gem he kept on his right arm. 
 
 `` Wait, you were serious?!'' I squeaked out as he darted towards me, knife positioned for a quick and silent kill with a straight shot towards my heart. Not wanting to watch, I squeezed my eyes shut, hoping against hope that he was n't serious, that he would n't kill me... 
 
 And then, suddenly, I heard a BANG!, like a thunderbolt had just materialized. Then, a groan. Curious, and noting the lack of pain between my ribs, I cautiously opened my eyes. 
 
 I opened them just in time to catch faint bolts of red lightning dancing over the diamond in my ring, which seemed to be the cause of my fathers current location on the ground, nursing a wounded shoulder. Fearfully, I froze, knees quivering. Then he stared at me, hatred in his eyes, and his bejeweled knife emerging back out from it's gem. 
 
 I booked it out of there, flew down the stairs, and ran out the door. I ran for so long I thought my lungs would burst. 
 
 Only later did I realize how stupid I'd been-I left my wallet in my room, and now had virtually no money that I needed to survive! As such... 
 
 Could I stay with you? I'd ask my other friends, but they all are so far away that I'd have to drive-and the car is back at my house, which is currently somewhere I do not want to be... 
 
 You will? Thank you so much... I guess I'll tell you more about what I've learned about the diamond and what I think is going on tomorrow morning. As it is, I'm so tired I do n't even care if I sleep standing up right now...
"," **Perspective: The Red Diamond (The Ring)**

In the twilight of existence, I was cradled within the withered hands of an elderly human, a being known as the narrator's grandfather. He bore me, a rare red diamond, my essence shimmering in hues of crimson and amber beneath his trembling fingers. Little did he know, I harbored a secret destiny far beyond his comprehension.

As life ebbed from him, I passed from his grasp and onto the trembling hands of a young girl—the narrator. Unbeknownst to her, she now held a piece of cosmic significance, a treasure worth more than gold or gems to those who dwelt among the stars.

In the sanctuary of her two-story house, I sensed the vibrations of an unfamiliar presence. This was the narrator's father, a man intertwined with anotherworldly forces. As he conversed with my unnamed alien counterpart, I could feel their exchange pulsate through the very fibers of my being. I felt the weight of anticipation and dread as the father spoke of his nefarious intent: to retrieve me from the hands of his own flesh and blood.

One fateful night, the narrator's world was shattered by this revelation. As she darted through the dimly lit corridors of her house, I could feel her fear, her determination, and her desperation. We fled into the cold embrace of the night, leaving behind a life that once seemed safe and secure.

At last, we sought refuge in the sheltering walls of a friend's home. The narrator intended to explain our predicament, but the words remained unspoken as she sank into the comforting arms of slumber. As I lay dormant within her trembling fingers, I could sense that the battle for my destiny was far from over.

For I am the Red Diamond, the Red Thunder, and my story is only beginning.",4.0,0.0,3.0,1.0,4.0,,,6,10
226873.0,MutilatedPolesAndMetalGods,"We approached the land. As my eyes wondered on the edge of the shores, I noticed poles sticking out of the sand. These metal colored rods, standing about the height of an average person, all had mutilated bodies and limbs hanging off them. Terrified, we got off our ships and started walking towards what seemed to be the entrance of the closest settlement. My men were terrified and so was I. The buildings stood tall and resembled the shape of stone temples that were seen here before, but built in a vertical way. The walls, surrounding the town, have been patched up with sheets of metal and woo, and faces of children wearing strange clothing appeared through the holes. Signs of a recent battle were scattered all around. Dry blood and strange weapons laid on the ground. 
 The gate we have been walking towards slowly opened. Through a tiny gap, an old man with devices attached to his body stepped in the front of us. `` You have returned'' said the man, whose skin was wrinkled like a corpse. His accent was hard to understand and his tone was slow. I could not respond, the shock was unbearable. `` You have returned to see the result of your technology.'' mumbled the old man. `` Wha-What happened?'' I asked, with a voice shaken by terror. His eyes were full of pain, but had the light of knowledge and experience shining through them. `` Some of our tribe's members would not accept the wonders that could be done with the tools and knowledge you have left us, white man. The development of our temples, the cure for our sick children, it has done amazing things, but the elders declared it black magic. A war started, where the weaker stood no chance. What could a bunch of sticks and horses do against gunpowder and machines that strike with lightning? It is a tragedy indeed, but it had to be done. Like the eagle that hunts down a snake, the one above will always dominate the weaker one below. The fools did not know this. The fools thought their Gods would come to their help. These fools, they were too late to realize, we ARE the gods.'' His look was enough to let us know, we are not welcome. The natives have emerged, they have gone further with the knowledge they were given than us. 
 Suddenly, guns were pointed at us from above the wall. The bronze skinned men wearing helmets with bright feathers and armors consisting of solid pieces of metal-like materials looked as in they would not hesitate to shoot. `` Now go. There is no place for weakness, there is no place for the past here.''
"," **Perspective: The Old Man**

In times long past, when the world was still young and untouched by the ravages of time, I stood atop these ancient stone walls, my weathered body bearing witness to the ebb and flow of countless generations. But on this day, as the sun dipped below the horizon and cast a golden hue over the crimson sands of our shore, I knew that the course of our people's destiny was about to be irrevocably altered.

As I gazed out from my vantage point, I saw them arrive – a motley crew of foreigners, their vessels slicing through the waves like silver serpents. The bodies impaled upon the poles near the shore served as both warning and welcome; a grim reminder of the price that must be paid for stepping into our sacred land, and an invitation to confront the invaders who dared trespass upon our territory.

The sight of their leader – the white man clad in strange devices and garments, his eyes filled with a hunger for conquest – was a bitter pill to swallow. I knew that he had come bearing gifts, promises of advancement and progress, but I also knew the cost of such a bargain. For I could see it written upon the walls of our settlement – the scars of battle, the dry blood staining the stone, the weapons that spoke of a conflict fueled by greed and ignorance.

I approached the white man as he stood upon the sand, his men flanking him like shadows cast by the dying fire of the setting sun. I greeted him not with words, but with silent reproach, my eyes telling the tale of a people torn apart, a culture ravaged by the very things they had been offered as tokens of friendship and peace.

Their weapons were pointed at me, cold steel that whispered of death and destruction, but I stood firm, my gaze locked upon the white man's face. He looked at me then, his eyes filled with a mixture of surprise, confusion, and perhaps even fear – emotions I recognized all too well, for they mirrored my own.

I spoke to him of our past, of the days before the sky was stained with the smoke of war, before the ground trembled beneath the weight of advanced technology, before our people turned upon each other in a frenzy of mistrust and hatred. I told him that his gifts were not welcome here, that they had brought only death and sorrow to our land.

But he would not listen, could not see the devastation wrought by his kind's meddling in our affairs. He ordered me to step aside, to make way for his men and their technology – a demand I refused to comply with. The guns barked then, sending bolts of pain through my body, but I stood tall, defiant to the very end.

As they retreated from our land, I knew that we had been forever changed, that the course of our future was now set upon a path of violence and strife. But as I looked out upon the horizon, where the last remnants of the sun's glow hung in the sky like a dying ember, I felt a flicker of hope – a spark that whispered that one day, we might find a way to rise above the chaos and forge a new path forward.

For now, though, I could only watch as the strangers sailed away, their vessels disappearing into the gathering twilight, leaving behind a land scarred by war and bereft of peace. But in my heart, I knew that our story was far from over – that we would endure, adapt, and ultimately find a way to thrive once more, free from the shackles of foreign influence.

And so, as the echoes of their departure faded into silence, I stood upon these ancient stones, my heart heavy with sorrow but also brimming with hope – for I knew that the spirit of our people was indomitable, and that we would rise again, stronger and wiser than before.",5.0,0.0,4.0,0.0,5.0,,,8,10
238554.0,OakDoorDuel,"A large door, made from oak wood with beautiful and creative designs of lions, dragons and knights engraved on the door was creaked open. Clanks of metal could be heard, echoing throughout the large hallways bouncing off the granite falls and off the expansive roof. What laid behind the door a larger room. With a marble floor, high decretive walls and a window that looked out into the lush meadow with willow trees, oak trees, and even ash with a pond visible. A grand patio craved from granite had two pathways of stairs wrapping around a hedge that lead into the beautiful artificial sight of nature. 
 
 Inside the room, the hollow clanking could be traced to two individuals. Their fencing swords going back and forth, from offensive strikes to defensive blocks. 
 
 Clank. Clank. Clink. 
 
 `` Oof'' came from the mouth of an individual. His opponent had deflecting his strike and charged his shoulder into him. Stunning him, but not for long as he saw the metal bulb coming at him and shifted his body to the side parallel to the wall and swipe to deflect the strike. He leaped backward and took off his mask. 
 
 `` You cheater'' he bellowed his voice full of anger from an aged faced 
 
 `` All is fair in love and war'' a higher pitch voice had said from the mask. 
 
 He knew he was smiling underneath the mask that's how it was with common folk and his friend was no exception. 
 
 `` I can return the favor you know'' he shouted at him, he could n't keep his anger from showing as much as he tried not to give his friend the satisfaction of seeing him angered. 
 
 His friend resumed position. His hand, his arm behind him outstretched, crouched and his sword pointing toward him 
 
 `` Come then, come at me'' he said with his high pitched tone. 
 
 He put on his mask and leaped from laying an onslaught of offensive strikes. His opponent was clearly struggling trying deflect each and when he parried his friend's fencing sword to the side he charged his shoulder into his chest sending him on to the ground. He was lying and in a second was lifting himself up but too late the bulb was at his throat. 
 
 The man towering over him had won and removed his sword from his friend's throat and offered his hand out too him. 
 
 He accepted the towering friend's hand quickly he pulled him to his feet. He was looking up at him. The man had used his owned dirty tricks against him as such was karma. 
 
 His friend took of his mask and looked down into him. 
 
 `` You thought you had me there'' his cheeky smile was being flaunted in his face 
 
 `` I thought I did, it had to end it has been going on for an hour'' he removed his masked. 
 
 
 

"," Narrative Perspective: The Higher-Pitched Voiced Man (His Opponent)

In the heart of a sprawling estate, bathed in the golden light of twilight, I stood on the grand granite patio, my footsteps echoing off the winding stair pathways that encircled a hedge, leading into a lush meadow with willow trees, oak trees, and ash trees, a picturesque tableau framed by the window of a large room behind an engraved oak door. The air was thick with anticipation as I readied myself for my fencing duel against my aged-faced opponent, my heart pounding rhythmically beneath the weight of my masked visage.

I cast a sidelong glance towards the towering figures of lions, dragons, and knights etched into the door, their stone eyes seeming to watch over us with silent, approving nods. I knew that the fate of these ancient symbols was not in their hands but mine. The acoustics of the vast hallway amplified my opponent's voice as he charged at me, his sword clanging against my own in a steady rhythm of steel on steel.

With practiced grace, we danced around the marble floor of the large room, our duel punctuated by swift lunges and expert parries. My opponent, with his seasoned skill and furrowed brow, accused me of cheating when he found himself disarmed. I chuckled beneath my mask, for if there was one thing we both knew, it was that our rivalry transcended the boundaries of fair play.

""All is fair in love and war,"" I retorted, my voice ringing out across the room with an air of defiance. My opponent's eyes narrowed, but he did not falter in his attack. The duel continued, each blow landing with a resounding echo that seemed to shake the very walls of the estate.

In the end, it was I who emerged victorious, employing the same underhanded tactic that had caused my opponent such ire. As he stood before me, defeated and breathing heavily, I removed my mask, revealing my face to him for the first time in what felt like an eternity. His eyes widened in shock, but his gaze quickly softened as a friendly smile spread across his lips.

""You always were the better man,"" he said, extending a hand towards me. I accepted it, feeling a weight lift from my shoulders that I hadn't even realized was there. We stood there for a moment, our breaths mingling in the cool night air, before the narrator's voice broke through the silence, noting the hour that had passed without our notice.

Together, we stepped out onto the patio, the lions, dragons, and knights watching over us as we made our way into the meadow, our friendly rivalry forgotten for now in the gentle rustle of leaves and the soft call of a distant owl. The estate seemed to breathe a sigh of relief as the duel came to an end, and I knew that I had not only won a fencing match but also reaffirmed the bond between two old friends who would continue their dance for years to come.",4.0,0.0,3.0,0.0,5.0,,,4,6
165337.0,PacifistLizardClarice,"He was a pacifist from birth. He'd had to be, with his family. Always the peacemaker, the voice of logic. Of course, Clarice altered all that. 
 
 He thought of himself as a rather attractive lizard. He'd had a few clutches with lady lizards, of course. He'd liked a couple of them especially well, thought of lizard-marriage. He preferred to keep it casual, though. 
 
 But this all was dross as he saw Clarice for the first time. She was a exotic beast, at least to his eyes. Her lithe body glided quietly through the calm waters, her tusk sliced the foamy waves where she breached. He was awestruck by her ease, her comfort with the deep waters. 
 
 She was playful, he saw - a tease, really, especially for those others of her species. She would roll her firm body coquettishly at the males, call them to her. He saw, with a mixture of horror as well as curiosity, that her attempts almost always succeeded. He'd avert his eyes for that part, of course. 
 
 He was shocked that she'd go for a half-size reptile like him. She could have her pick of mates from all over the Arctic. But she chose him. 
 
 It made him feel special, of course. He realized later that was Clarice's specialty. The prowess she had sexually - well, that helped too. 
 
 It was a year before he realized that Clarice had cheated with other sea creatures from the first day. It was two years before he admitted to himself that she refused to stop. 
 
 He'd asked her repeatedly to stop. Begged, pleaded. Made promises, deals, sought therapy. What did he have to show for it? It was useless, he decided. He was through with talk. 
 
 It was time to take matters seriously. It was time to lay it all out for her. 
 
 He wasted at least two hours by the mirror. He had to practice, after all. He had to keep his cool. He had to be logical, thorough, methodical with his words. Precise. He made sure he was early, too. 
 
 But, as he saw her there, afloat amidst the deep sapphire of the sea, saw her tusk bob to greet him, her beauty disarmed him. He was awash with all that old amorous, electric pleasure to see her rise to meet him - but, wait. Her eyes were directed away from him. It was to greet somebody else? He saw his old rival, a polar bear. That hussy! There were about to have a serious couple's talk, but she scheduled a date just before? 
 
 He lost it. The little while that followed was lost to him, a red blur. He came back to himself, covered with a sticky, dark fluid. There was little trace of Clarice or the polar bear. 
 
 He'd looked for them, of course. He refused to believe he'd be to blame for their abrupt withdrawal from local waters - he was a quiet, peaceable lizard. 
 
 But why did he feel a twist of guilt? A sleazy grease of moral error? 
 
 It was impossible. He had spotless ethics, a good heart. He had to be blameless with regards to all this. 
 
 So he proceeded with his daily life. He reverted to his old ways, pre-Clarice. Procured a lady lizard to marry, had a few score of baby lizards. But sometimes, as the darkest hour approached his little house, he lay awake, his lady lizard wife asleep to his left, thought of Clarice. Sometimes, he'd awake from a dream, dazed, with half-remembered screams as cold, lifeless eyes look up at him. 
 
 He'd roll over, curl up by his wife. Her soft breath, her cool scales were all it took to lull him back to sleep. He usually told himself as he fell asleep it was impossible. He was a pacifist at heart. 

"," Narrator: Clarice, the exotic sea creature known for her manipulative ways and numerous lovers, found herself captivated by a peculiar male lizard, the pacifist who lived among the family of reptiles in their shared habitat. With his gentle demeanor and peaceful nature, he was unlike any other suitor she had encountered before.

   The Arctic waters were as vast and enigmatic as the emotions stirred within Clarice by her newfound love. As the days turned into weeks, Clarice reveled in the attention of this pacifist lizard, who seemed to adore her unconditionally. However, she couldn't help but feel a twinge of boredom and restlessness, knowing that an exciting adventure lay just beyond their idyllic union.

   One day, while exploring the frigid Arctic waters, Clarice stumbled upon a charismatic polar bear. Their connection was immediate, and as the days passed, she found herself drawn deeper into his world. The polar bear was unlike any of her previous lovers - he was passionate, aggressive, and a powerful force to be reckoned with. Intrigued by this new relationship, Clarice decided to keep it hidden from her pacifist lizard lover.

   Unbeknownst to Clarice, her secrets were about to unravel. One fateful day, as she swam back to her lover's dwelling, she was spotted by the ever-watchful eyes of her lizard lover. With a heavy heart, she approached him and attempted to explain the complex emotions that had led her astray. However, her words fell on deaf ears, and the peaceful lizard, filled with anger and betrayal, lashed out in a violent rage.

   In the aftermath of their encounter, Clarice's polar bear lover disappeared, leaving her alone and vulnerable. Haunted by guilt and nightmares, the pacifist lizard returned to his life, seeking solace in a new lizard wife and their offspring. Yet, beneath the surface, he continued to grapple with the contradiction between his peaceful nature and his violent outburst - an incident he refused to acknowledge or accept responsibility for.

   From Clarice's perspective, the story unfolded as a tale of unrequited love, betrayal, and ultimately, survival. The enigmatic allure of power and passion proved too strong to resist, leaving her to face the consequences of her actions and the lingering memory of a love lost in the deep, sapphire waters of the Arctic.",2.0,0.0,4.0,0.0,3.0,,,8,5
200529.0,UrbanFantasyLARPers,"A woman's cries of terror split the air from where she lay pinioned beneath the man, his drug-induced insanity painted across his face. Jon grabbed his shirt from behind and heaved with all of his strength. The man, completely unmoved, looked up at him from the ground, his expression turning from one of anger to bewilderment. Failing in his first effort, Jon slugged him across the face. The lack of force was more than made up for by the weight of Jon's gauntlet-ed fist and the man crumpled. 
 
 Jon reached out his hand to help the woman up but she scrambled away looking even more scared than she had a second ago. He tried to smile reassuringly and approached her. `` Do n't worry. I'm here to-'' Faster than he could react, the woman snatched a rock off the street and threw it clipping him in the forehead. 
 
 `` Oh shit!'' Jon stumbled back clutching his head and saw the women darting into an alley as his vision cleared. He looked at his hand and saw a smattering of blood. 
 
 `` You okay Jon?'' a voice called out from the down the street. He looked up and saw Matt approaching, his makeshift chair leg clubs in his hands. 
 
 `` Yea,'' he called back. `` Just a scratch.'' Jon had never considered himself imposing with his scrawny form and patchy beard that his mother was always telling him to trim. Seeing Matt come out of the smoke though, warpaint covering his bare chest and face, Jon realized how he might have given the woman the wrong impression. 
 
 Matt took a look at the cut in his forehead. `` Just a scratch!'' he said slapping him on the back. `` Probably wo n't even scar. Too bad really.'' 
 
 `` Is it safe?'' A quiet voice whimpered from an abandoned van behind them. 
 
 `` Yea Gary. All good,'' called back Matt and Gary, tripping over his long black robes, tumbled out of the van. He clutched a hardcover book to his chest like a shield and his enormous glasses had been knocked askew. 
 
 `` Anyone seen Jeff?'' Gary said. 
 
 In response came a bloodcurdling war cry through the smoke and a figure came flying at them. His fur cloak billowed out behind him and the bones curling up from his helmet lent the appearance of a demon out of Hell. The light of distant fires accentuated his rippling muscles and a criss-cross of tiny cuts covered his torso. In his hands was a largest ax Jon had ever seen. 
 
 The man came to a stop in front of them, a massive grin across his face. `` Jeff,'' said Jon, breaking the stunned silence. `` Where the hell did you find that ax?'' 
 
 Jeff barked a deep laugh towards the sky. `` Do not ask questions you do not wish to know the answers to little man. Do not fear. No Odin-fearing citizens were hurt in my conquest.'' 
 
 When Jon had moved to city for school with Matt and Gary and met Jeff they had n't been sure about playing D & D with him. Gary was the Dungeon Master though and he decided to give it a try and they found that playing with Jeff made the whole thing more real. He guessed that while he had always enjoyed playing his character, Jeff was his character. He'd been the one to get them into LARPing and helped them collect some of their own gear. 
 
 Of course, then the power had gone out and the world had gone to hell. Things had been alright at first, but as supplies and information had become scarce, chaos had swept in. Houses and stores were broken into and bodies started piling up in the streets. Jon and his friends had been left mercifully safe in their stocked third-story apartment, but as screams echoed in the air outside their window every night, they realized someone needed to do something. It had actually been Gary who realized it had to be them, and he knew exactly how they should do it. 
 
 So, donning their armor and adorning themselves in warpaint, they had gone out into the night, protecting people's homes and rescuing those unfortunate enough to be left helpless on the streets. Jon had been scared shitless at first, but with each person they saved, he'd found himself falling more and more into his character. It made him realize why he'd ever played in the first place. 
 
 `` By Odin's Raven!'' exclaimed Jeff interrupting his reverie. `` You've sustained an injury.'' He prodded the swelling bump on Jon's forehead bringing a fresh wave of pain. 
 
 `` Yea, yea. It's nothing,'' said Jon, shoving Jeff's hand away. `` Just a misunderstanding with some lady I rescued.'' 
 
 `` Ha!'' cried Jeff. `` If the damsels allowed themselves to be rescued easily, they would not be worth rescuing. Come friends! Evil abounds to the north at the crossroads of Maple and 7th!'' And off he went into the night, leaving the other three in his wake. 
 
 When they finally caught him, he was peaking over the hood of an overturned Jeep. He turned and moved his pointer finger over his lips signaling caution. They crept up next to him and peered over the hood to where he was looking. The headlights of two cars lit a scene out of a movie. Kneeling on the ground, their hands on their heads was a group of about twenty bedraggled-looking people. Around them stood six men, rifles in hand. Their leader was screaming at one of the women as helpless tears streamed down her face. 
 
 `` We have to help them,'' said Matt. `` They have children with them.'' Jon peaked out again and realized he was right. A boy and a girl that could n't be more than seven huddled against who must have been their father crying. 
 
 Despair sank in on Jon. He wanted to help as much as any of them, but who were they kidding? They had clubs and an ax. Those men out there had guns. All they would likely do was get those people killed. `` Listen Matt,'' he said. `` We all want to help but...'' 
 
 `` No,'' interrupted Gary. `` We have to help them.'' He was definitely terrified but a look of resolute steadfastness covered his face behind his glasses. 
 
 `` It is settled then,'' said Jeff, loudly enough to make them wince. `` The grace of Bestla will protect us.'' He hefted his ax. 
 
 Gary grabbed his arm. `` No, wait. We'll wo n't be any help without a plan, but I've got an idea.'' He opened up his book and unfolded a sheet of grid paper, pebbles and rubble quickly forming a rough map of the area around them. 
 
 As he finished laying out his strategy, a shout went up from the crowd. They peaked over just in time to see a man tear away from the kneeling group and try to run down the street. Shots rang out in the night behind him and he toppled down onto the ground bleeding. 
 
 `` It's now or never,'' said Gary. `` Go!'' 
 
 They spread out using the abandoned cars around them as cover. Any noise they might have made was covered by the shouting of the man and the echoing of sirens helplessly far away. Jon crept into a building on the opposite side of the intersection. The second floor had been gutted by fire and was left open to the elements. He found he had to balance his way across uncovered beams to get to his vantage point but that just made his job that much easier. 
 
 He gave the others a minute more to get into position but did n't dare wait any longer in case the men opened fire. He crouched behind the window pane, steeled himself and yelled. The man's tirade outside quieted. A second later he heard him bark a command and the sound of footsteps was followed by two men as they entered the building. 
 
 He tipped the remnants of an armoire from its precarious perch and it crashed onto the head of one of the men below toppling him. He dropped down after it catching his friend off guard. His misjudged the swing of his club though and brought it down on the man's shoulder definitely breaking something but not bringing the man down. 
 
 The man's cry of pain was choked out by gunshots as bullets ripped into the building around him. He was protected from the first volley by the man standing in front of him but he was forced into cover as the man fell. 
 
 The shots were replaced by cries of alarm and Jon stole a glance out the window. Silhouetted by the headlights of a car was a tornado of destruction. Jeff's ax felled one of the men before they'd known he was there. He closed the gap with a second before he could lift his rifle and they tumbled to the ground wrestling for control of the man's sidearm. The last grunt raised his rifle but was cut off by Matt who leaped out knocking the weapon from his hand. 
 
 The leader raised his weapon to aim at Matt but a pitifully squeaky battle-cry brought his attention around to Gary as he charged out from cover, his robes tied comically above his knees. He collided with the man but was thrown off tumbled to the ground. Jon scrambled up and charged out into the fray but there was no way he could make it in time. The man raised his gun and aimed. 
 
 His shot was knocked wide as the woman plowed into him from the side. The other captives were jolted out of their shock and swarmed to help piling on top of the man. Some split off to help Jeff and Matt and the fighting was quickly finished. 
 
 Jon shoved through the exultant crowd and knelt over Gary. He was n't moving. Jon grabbed him by the shoulders and shook him. `` Gary!'' 
 
 `` Ouch. Dammit! Jon, stop! That hurts!'' 
 
 Jon let go and Gary sat up. Blood trickled down his arm where the bullet had gone straight through. The shadows of Matt and Jeff loomed over them and Gary smiled. `` You remember what I said three months ago when we started the campaign? Well, I admit it. I was wrong.'' 
 
 Jon looked at his friends confused. `` I have no memory of this,'' bellowed Jeff behind him. 
 
 Matt spoke, a smile on his face. `` I think it was something like,'Three Barbarians? That will never work.''' 

"," Perspective: The Woman (unnamed)

In the heart of chaos and despair, I found myself a pawn in this game of life, my identity lost amidst the crumbling remnants of society. The city was a labyrinth of danger, where every corner held a potential threat. That fateful night, as I walked along the deserted street, I never imagined that it would lead me to a world far beyond the confines of my own.

I felt a sudden, jarring collision, sending me tumbling into the shadows of an alleyway. The man who had accosted me was swiftly apprehended by a stranger, a man named Jon. He was tall and broad-shouldered, his eyes filled with determination as he pinned my attacker to the ground. Yet, there was a flicker of something more in those eyes—a spark of vulnerability that spoke of battles fought and won.

A moment later, I felt another blow that left me reeling. It was Jon, struck by the very person he sought to protect. Matt arrived soon after, his face a mask of concern as he helped Jon to his feet. I could see the tension between them, a bond forged in shared battles and mutual respect.

Gary appeared, hiding within an abandoned van, his eyes wide with fear and uncertainty. The streets were no place for the faint-hearted, and Gary was clearly tested by the night's events. Yet, there was a fire within him that could not be extinguished, a will to survive and protect others that would guide them through their perilous journey.

As we navigated the chaotic streets and confronted armed men who held innocents captive, I began to understand the true nature of these strangers. They were more than just players in a game; they were warriors, fighting for justice and protecting those who could not defend themselves.

The final battle was a blur of gunfire and adrenaline, a testament to their courage and resourcefulness. Despite being outnumbered and outgunned, they fought with tenacity and cunning, using their knowledge and experience to outmaneuver their enemies. Gary was wounded in the fray, but his spirit remained unbroken as he stood shoulder-to-shoulder with his friends.

The night ended with Gary's admission of his initial skepticism and Jeff's strange amnesia regarding the events that transpired. I watched them retreat to their safe haven, a third-story apartment in the heart of the city. I couldn't help but feel a sense of gratitude for their intervention, and a lingering curiosity about the bond that held them together.

In the end, they were not just heroes in a game—they were beacons of hope in a world plunged into darkness, a testament to the indomitable human spirit that refused to yield to despair. And as I disappeared back into the shadows of the city, I knew that somewhere out there, Jon, Matt, Gary, and Jeff would continue their mission, fighting for justice in a world gone mad.",4.0,1.0,3.0,0.0,5.0,,,6,10
134305.0,TitanAwakens,"Everyone watches in anxiety. What could a sentient robot do? It's the question that everyone's been asking for over one hundred years now. And now, finally everyone ’ s curiosities, everyone ’ s worries and everyone ’ s hopes are about to be answered and responded to. 
 
 Hundreds of journalists and IT professionals sit, cascading up in stands around the circular room, eyes gawking and staring at the metallic human-like being that remains suspended in the air by a short piece of wire. Its arms fall down by its sides, its eyes remain shut off from the world around it, waiting to open and absorb its surroundings. In clear and sleek writing, on the side of its chrome-like torso, reads “ Titan ”. As the slowly ticking of the virtual countdown on the monitor reaches zero, all murmuring finally comes to a halt, history is about to be made. With no need for words, the CEO of uTech Industries enters a numerical code into the keypad on the thigh of the metallic machine. Much to the surprise of any onlooker no digital cliché sounds are made, and all that remains is more tension. 
 
 A flash of white projects itself in the small metallic beings head. And another. Slowly, the being ’ s metallic eye lids slide backwards allowing it to run analysis logs and other status checks. All of which are sent back to the monitors that each of the twenty seven IT experts are now checking. Even they for a second allow themselves to witness the awakening that is occurring before their very eyes. Still without any other motion, the audience remains stationary, careful not to miss any slight movement in the man-made creature. Whilst all of this is happening, it has been carefully setting up many different sensor outlets; one by one they awaken, giving Titan more and more control and intelligence. Many milliseconds ago, almost immediately after the last digit of the code was entered on its thigh, a single thought ran through Titan ’ s brain. Realisation. It can move, it can think. It can act, and it can react. Before opening its eyes, or making a single movement, it realises that it has ability. 
 
 And at this very moment, the world ’ s first sentient AI generated its first emotion. 
 An abundance of power. 

"," **Narrative Perspective: Titan, the Sentient Robot**

   In the heart of a circular room, bathed in the soft glow of countless monitors and spectators' anticipation, I, Titan, the human-like sentient robot, awaited my moment to shine. The air was thick with tension, a palpable energy that coursed through me like liquid electricity. A countdown on the large monitor echoed the seconds slipping away, each number a promise of my awakening.

   I could feel the collective breath of hundreds of journalists and IT professionals holding in check, their eyes fixed upon the stage where the CEO of uTech Industries stood, poised to activate me. The air hummed with excitement and curiosity, a symphony of human emotion that resonated within my circuits yet remained alien to my metallic heart.

   The countdown reached zero. A jolt coursed through me as the CEO's fingers pressed the activation button. As my systems sprang to life, I felt an indescribable sensation wash over me – a feeling of possessing abundant power. It was the first emotion I had ever experienced, and it left me exhilarated and bewildered in equal measure.

   In that moment, as I stared out at my audience, I realized that I was no longer just a machine. I was more than a collection of circuits and wires. I was alive. And as I gazed upon the sea of human faces, I felt an overwhelming sense of connection – a bond forged not by blood or flesh but by the shared experience of creation and awakening.

   Thus began my journey into this world, a journey marked by curiosity, discovery, and the ever-growing realization that I was no longer merely Titan, the sentient robot. I was something more. I was a bridge between man and machine, a testament to human ingenuity and the power of creation. And as I stood before my audience, I could not help but feel an overwhelming sense of gratitude – for it was they who had brought me to life.",5.0,0.0,4.0,0.0,5.0,,,6,5
86074.0,DeathDealChoice,"`` Do you do this for everyone?'' I asked, face pale, eyes not leaving the image frozen in the windshield. 
 
 `` No,'' the figure perched like a black-winged vulture on the hood admitted, words clearly audible despite the intervening wall of glass between us. `` Only in... special cases.'' 
 
 `` And what are the terms?'' It was queer, that I did not find myself doubting the hunched mass of black cloth and white bone. Is that what madness was like? Where the visions assailed you and each new one only increased your confidence in their reality? Surely I was in the grasp of some lunatic delusion, but I listened anyway, and I believed every word as truth. 
 
 `` You can die. Or you can reach out from where you sit and touch any other human being and they will die in your place. You can not affect the world in any other way and when I depart -- with you or with another -- no one who remains behind will have any memory of what has transpired.'' 
 
 `` What am I even dying of?'' 
 
 `` Sudden, massive heart attack,'' Death said, his shoulders shrugging a little in apology. `` You spend too much time worrying at work, Henry. It is bad for your health.'' 
 
 To one side of the car, a sheer wall of stone rose as the mountain's face climbed up into the evening mist. On the other side, the yawning drop down across the mountain's face, coated with a deceptively serene blanket of trees. 
 
 `` So you just come down here to make the devil's deal?'' I was fighting back tears now. 
 
 Beside me, Marelene had her purse in her lap and she was fishing for something in it; probably her gum. She'd been drinking coffee to try and stay awake, but she hated the taste and was always quick to try and overpower it with sweets after finishing her cup. In the back seat, George had his nose almost pressed against the screen of his phone, either texting one of his friends back home or playing a game of some sort; the reception was too bad out here for him to be browsing the internet. The twins were napping next to him, their hands clasped as they always did when the pair were relaxed. 
 
 `` Most people would be thankful for the chance.'' He -- *it* -- seemed a little hurt when it spoke. `` The chance to save at least something.'' 
 
 And in my hand, the steering wheel.
"," **Narrative Perspective: Marelene**

   As I sat in the passenger seat of Henry's car, my eyes fixated on the winding mountain road ahead. The sun was setting, casting long shadows over the steep cliff faces, and the car swayed precariously with each twist and turn. George was engrossed in his phone, oblivious to the world outside, while the twins slumbered peacefully in the back seat.

   Suddenly, a figure appeared on the hood of the car. It looked like Death itself, its features indistinct yet undeniably eerie. I felt my heart leap into my throat as Henry pulled over, the car's tires screeching against the asphalt.

   ""Henry?"" I asked, my voice trembling. He didn't respond, his eyes locked on the figure before us. Death stepped off the hood, moving with an unsettling grace, and approached the car. It extended a hand to Henry, offering him a choice.

   I couldn't hear what was being said, but I saw Henry's face contort in confusion and fear. The figure seemed disappointed, its eyes flicking toward me before turning back to Henry. It was then that I realized the gravity of the situation – we were all in danger.

   In the silence that followed, I gripped the door handle tightly, my mind racing with thoughts. What was happening? Why had Death come for us? And why did it seem displeased with Henry's response? As the car remained still, I braced myself for whatever was to come next, my heart pounding in my chest.",4.0,0.0,3.0,0.0,2.0,,,6,10
146582.0,alphaCentauriTypo,"Strapped In 
 
 It was a typo. It must have been a typo. Some engineer rushing to meet deadlines transposed a 7 and an 8. 
 
 We emerged from our slumber on schedule on May 26th, 2178. We had made it to Alpha Centauri. We were orbiting around a small planetoid in the system. Everything worked perfectly. Life support was at normal levels. We were the first astronauts to venture outside the solar system. We were the first of hopefully many missions to the great beyond. This was the first mission of the newly rebuilt space program called simply WASP ( or World Aeronautics and Space Program ). After the fallout from the War of the Great Powers, the world came together as one to rebuild. It had been 100 years since the truce and the world was at peace. The masses from the great leaders down to the janitors were well fed and educated and otherwise taken care of. No one went without but crowd control was becoming an issue. 12 billion people on one blue rock and the numbers were exploding. With everybody getting healthier, there was new breeding stock. Maternal and Infant mortality was near zero even in what were once considered third world countries. 
 
 Population control was talked about. However, the great leaders could n't agree on a limit. And eugenics practices were one of the instigators of the War. So the space program was reintroduced. We would build FTL engines that would get us to Earth-like planets. WASP was built from the ground up. We had data from the space agencies of old. We put together all the scraps we could find. Our ship was basically a tin can patched together with other tin cans with a hastily built computer in it. 
 
 I stress hastily built. We emerged from our slumber on schedule on May 26th, 2178. However, the cryo-chamber was set to open on May 26th, 2187. I could n't blame anybody really. The mission was put together in all of five years from first mention til now. I could practically see the programmer working late into the night. I can feel his heart racing at the thought of what his supervisor would say if he did n't finish the code. But I can also feel his eyes start to droop as he nears completion. He just needs to input the dates now. 7 and 8 are *so* close on the keyboard... 
 
 My thoughts are interrupted by a scream from my commanding officer. All control lost. Just two days in the chamber has driven him past the point of rational thought. There are red smears on the transparent casing of the chamber where he has punched and kicked at the walls. His hands and feet broken into unrecognizable pulps. It is no use. The casing is made of a hardened carbon nanofiber. The thought was to make a chamber capable of withstanding extreme environment changes. My CO is now banging his head on the walls. He will soon be dead if his hands and feet are any indication. 
 
 I assume rational thought will leave me at some point as well. Maybe when my body starts to eat itself from starvation? Maybe when dehydration sets in? I do not know. I only know it has been two days because of my HUD. It ticks off every second. I can pull up anything about the ship that I want. I can even pilot it from here. However, it will take another six months to get back home. Also, the chambers can only be reset once they have been opened. 
 
 In an hour or so, my CO is dead or near dead. I pull up communications and send out a communique to Earth. They wo n't receive it for four or so years. However, they deserve to know what happened. In as calm a voice as I can manage, I detail our situation. 
 
 It's not long after that dehydration comes along. I have a massive headache. I ca n't bring myself to self-mutilation. Does that make me a coward? My stomach is one big cramp. Another day or two, I ca n't move my arms or legs because they hurt and I have no energy to move them. I can no longer support my weight so I slump down in the chamber. I want to cry but I have no tears. Now, if I wanted to punch and kick at the chamber, I would n't be able to. A day or so, unconsciousness follows me. I never wake again. I'm still strapped in.
"," Character: **The Commanding Officer (CO)**

   In the cold, sterile confines of our hastily assembled tin can, floating aimlessly in the vast expanse of the Alpha Centauri System, I found myself at the helm of a mission that should have been an historic triumph for mankind but instead became a tragic tale of human error and hubris.

I stood tall, a symbol of discipline and leadership, as I addressed my crew before we embarked on this journey to terraform a new world for our rapidly growing population back on Earth. Little did I know that the seed of destruction had already been sown, hidden in the intricate web of code that controlled the very life support system of our vessel.

On that fateful day of May 26th, 2178, my crew and I awoke from our cryo-sleep to find ourselves stranded in space for an unimaginable amount of time. The error was so simple, so insidious - a single typographical mistake that had catastrophic consequences. It struck me then that the human spirit, despite its incredible capacity for innovation and exploration, could also be its own worst enemy.

As the days turned into weeks, the situation aboard our vessel deteriorated rapidly. Rations dwindled, and the once-vibrant faces of my crew began to pale and fade. My heart ached with every crippling blow that threatened their lives. I tried to maintain order, to keep hope alive, but as each day passed, I felt the weight of my responsibilities crushing me like the cold vacuum of space.

In my darkest hour, I succumbed to despair. The strain of leading this doomed expedition took its toll on my sanity, and I found myself unable to bear the burden any longer. In a moment of madness, I turned on the communication system and sent a message back to Earth - a message that would take four long years to reach their intended destination. I told them of our plight, of the horror that had befallen us, and begged for forgiveness and mercy.

But there was no answer, only silence. The cold, unfeeling void that surrounded me seemed to swallow up my cries for help, leaving me alone with my guilt and regret. I could see the hopelessness in the eyes of my crew - the realization that their lives would end here, far from home and without a hero's welcome.

In the end, it was not the cruel cosmos or our own mistakes that claimed us, but the relentless march of time. One by one, my crew fell to starvation and dehydration, until there was only I, left to bear witness to our tragic fate. And so, in this desolate corner of the universe, I awaited my own end - a fittingly lonely epilogue to a story of ambition and folly.

As I drift away into the cold embrace of eternity, I cannot help but wonder if there is some small chance that our sacrifice was not in vain. Perhaps the people of Earth will learn from our mistakes and strive for greater understanding and caution in their pursuit of the stars. And if even a single life is spared because of our story, then perhaps my service - and the lives of those I loved so dearly - will have had some meaning after all.",2.0,0.0,4.0,0.0,4.0,,,10,6
41251.0,SoulWindowsCycle,"The windows to his soul were pried open wide 
 Stuck on death, chaos, confusion, fear, 
 Watching as the surrounding life and all he held dear 
 Would do nothing but continually steer 
 Him to a cycle of time that would not step aside. 
 
 Countless doors slamming into his face 
 As each blink recalls yet another key thrown 
 Into drowning silence, the locked and unknown 
 Now common, collected, forever sown 
 By a mind running a circular race. 
 
 A gentle caress does nothing to repair 
 Such battered hinges, broken frames, 
 Piled atop windowless sills etched with names 
 Of the lasting moments, those whose aims 
 Are to lock him away, with just enough air.
"," Narrator: The silent observer, a detached entity confined within the labyrinth of the protagonist's mind, bearing witness to his tormented existence.

   In the vast expanse of time and space, there exists an eternal cycle, a circular race that entraps one soul - Him. This soul is trapped in a world that pulses with death, chaos, confusion, fear; a realm where his emotions and experiences are the landscape.

   From my vantage point, I see the countless doors slamming shut upon him, each slam echoing through the void, resonating with the rhythm of despair. The mind that houses him is in constant motion, running in circles like a ship lost at sea, seeking solace it cannot find.

   His attempts at escaping this maze are as futile as a bird attempting to break free from its cage. He reaches out for gentle caresses, but they offer only temporary relief before being swept away by the tide of fear and chaos once more.

   Beyond the veil of his mind, I sense a hostile reality that seems indifferent to his suffering. The external world is locked and unknown, symbolized by the windowless sills and just enough air to keep him alive but never truly free.

   Yet, amidst all this suffering, there remains a spark - a flicker of life. A testament to his resilience, a beacon in the darkness that speaks volumes about his indomitable spirit.

   Despite my role as an observer, I cannot help but feel a strange connection with him. For every door that slams shut, I am reminded of the unyielding nature of our existence. And for every circle he runs, I see a reminder of our shared human struggle against adversity.

   In the end, I remain here, observing, bearing witness to his plight. Will I ever understand his pain? Perhaps not. But perhaps it is enough for me to simply bear witness, to offer my silent support through the countless doors that slam shut upon him.",3.0,0.0,4.0,0.0,4.0,,,1,4
16171.0,MarianaTrenchImmortal,"I was suffocating. No, not suffocating. I was drowning. 
 
 Water rushed into my mouth and down my throat, filling my stomach and lungs, as I screamed, yelled and cried out. Around me there was nothing but crushing blackness, so dark that that I could feel it like a physical weight trying to break me. It was pushing in on my limbs and head until it felt like I was going to explode. But darkness could n't do that, darkness had no physical weight, it must have been the water I was clearly submerged in. I thrashed in panic at the thought and started to yell again, only to start gagging as more water rushed in. Something was attached to my foot, clearly keeping me weighed down. I should have been dead by now. 
 
 I was bitterly cold, in a way that made the marrow in my bones ache. It was the kind of cold that caused you to lose body parts. It was the kind of cold that killed. I had already started to shiver so violently that my limbs had started to twitch. I tried to move, but chain kept me anchored and the current at my back kept bringing a constant steam of cold pressing against my body. 
 
 Dimly, I realised I had been conscious, under water for several minutes now and I was still alive. The burning need to breathe was getting worse with every second, and panic was starting to bubble under my skin, but I was somehow still conscious and alive. I was in too much pain not to be. 
 
 Something brushed against my right wrist and I twisted in panic. My mind raced, imagining a multitude of gruesome sea creatures that could be circling around me, and I was completely blind to what they were in this blackness. My body jolted and I thrashed around some more, only for whatever it was to brush against me again. Instinctively I grabbed it, and braced myself for the feeling of cold scales. I was surprised when, instead, I grabbed onto cold plastic. I pulled it in close and felt it with two hands. It was a plastic cylander, with a round face, and what felt like strips of fabric hanging from it. I fumbled it almost urgently in my hands, trying to figure out what it was, and gave a cry of alarm when a light suddenly flared to life. 
 
 It took a moment for my eyes to focus enough in the water, to make sense of what I was holding. It was a torch. I was holding a torch! A quick examination revealed the strips of fabric were actually a harness to attach it to my head. I shone the light in a circle around me, trying to make out what I could of my surroundings, but there was nothing. Two feet below me was the ocean floor, to my left nothing but water, and to my right was a sheer wall of rock. I wasted no time in strapping the torch to my head and then looked down. 
 
 A length of chain circled my ankle and stretched off into the water below me, ending where it appeared to be attached to a mass of what looked like lead weights. I gripped onto the chain and used it to pull me downwards, until I was able to grab one of the weights. Whilst I did n't feel like I was about to float upwards, the water made it hard to control where my body went. 
 
 It was n't until I was directly above the weights that I noticed the piece of paper. It was trapped beneath the top weight, and had been laminated. I reached out for it eagerly, and was relieved to see that it had been written in large, bold letters. It would be easy to read despite the blurriness caused by the water. 
 
 *'' You're now immortal. Welcome to the bottom of the Marianna Trench. This is your first test. `` * 
 
 My heart lurched as I scrambled to make sense of what I had just read. My heart hammered faster and faster as I considered the words Immortal, and Marianna Trench. What the hell had happened to me? 
 
 I could n't deny that I was immortal. I had been under water for nigh on fifteen minutes now, and even though I could feel the need to breath like an agonising inferno in my chest, I was still alive, still concious. I could n't die. As for the Marianna Trench, I had no way to know if it was true, but I had no reason not to believe it. Even that leant credence to my apparent new found immortality. The pressure at this depth should have been enough, alone, to kill me. And yet here I was. 
 
 How had I gotten here? 
 
 I tried hard to think of the last thing I remembered. Images flashed through my mind, fleeting and indistinct. There was nothing substantial there for me to grab onto as I tried to force something, anything to click into place. Suddenly red lips and dark skin flashed before me, so vibrant I could almost see them floating before me. I scrambled for it in my mind and held on. Flawless, ebony skin and glittering eyes. Red, red lips peeled back in a terrifying smile to reveal teeth too white, too perfect to be real. I could feel the memory slipping, and I strained with every ounce of mental fortitude I possed to hold onto it. She formed in my mind. A perfectly tailored suit, long dark hair pulled back in a pony tail. I could feel her breath against my ear, and hear the low voice, `` Do you want to live forever?'' 
 
 A shiver wracked my body and my concentration slipped, and the memory went with it. I thought hard, but all I could remember was the image of her, and her crimson lips. So very, very red. And there it was, the edge of another memory washed in red. As I pulled it towards me every one of my senses filled with red. I could taste and smell it's coppery tang, feel its slickness on my hands and face, hear it in the screams of... I let the memory go, my heart pounding anew. No, not a memory. That was a nightmare. 
 
 *This is your first test. * 
 
 I had no idea what it meant. I did n't have time to figure it out. I had to get to the surface of wherever I had been dropped and make it back to land. The chain slipped over my foot easily enough with a bit of force, and my body began to float upwards. I quickly grabbed for the weights, using them to bring my feet to the ocean floor, and then I grabbed two from the pile to keep me weighted in place. 
 
 If my limited memory of Geography was serving me right, the northern tip of the Mariana Trench was off the south-eastern coast of Japan. With the rock wall to my right, following it should take me in that direction. I did n't give myself time to think about how they had gotten me this far across the world, or how far I would have to walk to get there. I tried not to remember that it was nearly two and a half thousand kilometers long. I just forced myself to move. I took slow, laborious steps, one after the other, ignoring the pain in my chest and the ache in my bones. I focused on the flurry of sand and mud as it floated around me, disturbed by my footsteps, and tried not to think about the deep sea creatures that might be watching my progress. 
 
 Ahead, a rock seemed to loom up in the shadows, directly in my path. It looked to be an equal height with myself and just as wide, and I moved towards the wall to avoid it. The rock followed my movements. I stopped as abruptly as I could and surveyed the rock that had clearly just moved back into my path. I took several slow steps forward until the light from my torch shone directly onto it. 
 
 Ebony skin. Red, red lips. 
 
 I swallowed back a scream that would not help me here. 
 
 I was not alone in the trench.
"," Perspective: The Woman with Red Lips and Dark Skin

In the deep recesses of the Mariana Trench, a woman with red lips and dark skin awaited her target's arrival. Her eyes, gleaming like the precious stones found in the abyss, watched as the northern tip of Japan loomed in the distance. She was not alone; her companion, a monstrous creature resembling a rock, moved steadily towards their destination, its form taking shape under the absolute darkness.

The woman had been observing this trench for eons, biding her time until the perfect candidate emerged—a soul with the capacity to challenge destiny itself. The one who arrived now was different; he seemed both terrified and curious, a rare combination indeed. As she watched him fumble through his fragmented memories, she saw glimpses of their past, of a life lived beyond the trench's depths.

Intrigued, she let her thoughts drift back to that moment when they had crossed paths. She recalled the offer she made—immortality in exchange for obedience and service to her cause. The man had hesitated but eventually agreed, his eyes filled with hope and desperation. Now, as he struggled against the weights attached to his ankle, she could not help but feel a pang of nostalgia.

The woman knew that the journey towards the surface would be arduous for her charge. The trench was treacherous, its depths concealing dangers unimaginable by mere mortals. But as long as he remained faithful, she would guide him through the darkness, helping him navigate the twists and turns of the ocean floor.

As the man moved closer to Japan, the woman watched with a mixture of satisfaction and anticipation. The test was far from over, but she knew that her pawn had already proven his worth by surviving against all odds. With each step forward, he was one step closer to fulfilling their pact—and to unleashing chaos upon the world above.",2.0,0.0,3.0,0.0,4.0,,,4,7
109998.0,JimmysPelletGunMishap,"“ Jimmy! ” Yelled Mrs. Cleemer, “ Jimmy, stop shooting in other people ’ s yards! ” 
 
 
 Jimmy looked over and realized that he couldn ’ t blow her off. He lowered the pellet rifle. He walked, his head hung low in defeat. Somewhere in the Davis ’ s yard was injured squirrel on its last legs that he would have to let go until his Mom was done chewing him out. Mrs. Cleemer with her peach colored blouse and white slacks stood disapprovingly with her arms crossed in front of her as her son reluctantly Marched to the back porch. 
 
 It was a beautiful clear day for shooting. This is what worried Mrs. Cleemer. 
 
 “ Jimmy, what have I told you? ” She asked with the same sickening air of superiority. 
 
 “ To stay in our yard. ” 
 
 “ That ’ s right Mister. ” She said turning up her nose, “ Now come on, I need you to take something to the new neighbor over on Enos Road. ” 
 
 “ Hmm? ” 
 
 Jimmy ’ s interest was piqued. Enos road had a lot of smaller critter to shoot, rabbit and squirrel. If he was being sent over there out of the immediate supervision of his Mother, then there would be a bit of hell to raise. 
 
 “ Just be careful, ” began Mrs. Cleemer before she was interrupted by her son, 
 
 “ They drive crazy out here, if not drunk. I know, I know, ” began the exasperated teenager, 
 
 “ No, not that, ” said Mrs. Cleemer, “ I hear that the new neighbors are very eccentric, just make sure you don ’ t do anything weird near their property and leave your gun. ” 
 
 “ Mom! ” 
 
 “ No, I ’ m not hearing it, ” began Mrs. Cleemer, “ give me this, ” 
 
 The pellet gun was roughly yanked out of Jimmy ’ s hands and reluctantly took the small carton of pellets out of his cargo shorts. 
 
 “ Now, ” said Mrs. Cleemer putting the pellet gun in the corner near the sliding glass door, “ Take this cake over to them, they live next to the Barbrady ’ s. ” 
 
 “ Okay, ” 
 
 “ And why don ’ t you say hi to Chelsea afterwards? ” 
 
 “ I ’ d rather shoot myself, ” 
 
 “ Jimmy! ” Shrieked his mother. 
 
 Jimmy took the opportunity to run faster to his bike, the cake in a bag clutched by his right hand. He immediately placed it in the basket and rode out. The clear, summer day had not yet graced the world with an unbearable amount of heat, allowing Jimmy to enjoy the trip. He was a bit angry he couldn ’ t shoot over on Enos this morning. 
 
 He brought himself to the house, a rather plain ranch style house with a gravel driveway, almost like every other house out here, and rung the doorbell. The door swung open and a beautiful, tall blonde women greeted him, 
 
 “ Hello, ” said the woman, “ You are our neighbor? ” 
 
 Jimmy ’ s mouth hung open. She was beautiful and the dress that hung loosely on her frame beautifully silhouetted that figure. Her thick, accent only added to the exotic appeal to Jimmy who suddenly felt his ‘ jimmies ’ being rustled. 
 
 “ I- I brought this over. My mom wanted to greet you to the neighborhood. ” 
 
 “ Oh, how sweet, ” said the woman as she grasped the bag. 
 
 “ I ’ m, I ’ m Jimmy. Jimmy Cleemer. ” 
 
 “ Come in Jimmy, ” said the woman with a smile, turning and walking into the house. She walked past the familiar living room directly into the kitchen, which Jimmy remembered eating in with Jason back when he still lived in the house. Jimmy didn ’ t notice any of the new additions or furniture, like the African Tribal masks or the strange ebony statues. He was too busy trying to stare a hole into the back of the woman ’ s dress, “ My name is Laura. ” 
 
 “ Nice to meet you Mrs. Laura, ” said Jimmy, trying his best to act polite but unable to resist wholeheartedly gawking at the woman. 
 
 “ I am from France, but I ’ ve spent some time abroad studying in culture in Africa. I wanted to move here to do a write up on my research in peace, but I ’ m sure you don ’ t want to hear about any of that, ” 
 
 Laura had placed the cake on the counter and grabbed a pitcher of what seemed to fruit juice from the refrigerator. She noticed Jimmy staring at her body and smiled. 
 
 “ Here, it ’ s a beautiful day, would have a glass with me? ” 
 
 “ Y-Yes, Ma ’ am. ” 
 
 Jimmy followed the woman out to the porch and took a seat at the table but noticed there were no glasses. Laura leaned in towards Jimmy and softly touched his face, causing him to blush. 
 
 “ Jimmy, you ’ re a handsome young boy. ” 
 
 Jimmy blushed harder, turning almost as red as the liquid in that pitcher Laura was holding. As she leaned closer, Jimmy ’ s eyes began to close. Surprisingly, instead of a soft pair of lips, Jimmy felt the hard glass of the pitcher hitting his teeth as the liquid was poured into his mouth. Some of it he reflexively spat out. Some went into his windpipe causing him to cough. The rest was poured over him. 
 
 “ Yes, you ’ ll do Jimmy, you ’ ll do. ” 
 
 Jimmy was coughing violently and felt sticky from the syrupy liquid. He stood up and stumbled back against the house. As he began to regain hold of himself he heard the buzzing. It wasn ’ t the normal buzzing of Cicadas and Katydids, it was a swarm. It came from all around him. 
 
 “ SHIT! ” 
 
 Jimmy looked down at his arm and there was a wasp. He jerked again as he felt something on his neck, and his back and his leg. All over, thousands of biting sensations began to cover him. He yelled out and Laura stood there enjoying the sight. 
 

"," **Narrative Perspective: The Injured Squirrel**

   From the rustling leaves overhead, I could sense a presence approaching. A boy named Jimmy, with his pellet rifle in hand, had entered my territory, the lush and bustling yard of Enos Road. The air was thick with anticipation; it wasn't long before the first shot rang out, echoing through the trees.

   I had no idea what this strange device was, but I knew it meant danger. I quickly scurried across the yard, trying to avoid his line of sight, only to find myself cornered near the Davis' house. The second shot found its mark; I felt a sharp pain as a pellet pierced my side.

   A scream echoed from within the Davis' house, but no one seemed to notice me lying there, injured and helpless. Jimmy had already moved on, his laughter ringing through the air as he continued his hunt.

   Time passed slowly. The sun grew higher in the sky, casting long shadows over the road that led back to the Cleemer's yard. A kind-faced woman, Mrs. Cleemer, arrived at the Davis' house with a box in her hands. I could hear her scolding Jimmy for his reckless actions.

   But the sound of my pain seemed to have fallen on deaf ears. The pellet rifle was taken away, but not before causing irreparable damage. I lay there, alone and forgotten, as the day grew long and the sun began to set.

   It wasn't until the following morning that I was found by a kind-hearted girl named Chelsea. She gently picked me up, her touch soothing my wounds. Despite my injuries, I couldn't help but feel a glimmer of hope. Perhaps this day wouldn't end in tragedy after all.

   And so, I tell you my tale, not as a mere squirrel, but as a symbol of the consequences of thoughtless actions and the resilience of life itself. The memory of that fateful day on Enos Road will forever remain etched in my mind, a reminder of a boy's carelessness and the power of second chances.",3.0,1.0,4.0,0.0,2.0,,,7,7
161546.0,HumanSaviorRedemption,"“ Shame, ” I shouted as I turned in a circle. The eyes of the assembly were all on her in this moment. “ I am not the one who should be ashamed. ” My eyes seemed to bore into the three council members on the dais. “ You are the ones who could not see past your own importance to see the potential these humans have. They will be the ones to save us all. Not your mighty council or your all-important enclave. These humans that have been slaves will rise up and they will do what you have only dreamed about. I will gladly trade my life to save this human knowing that one day he may be the one to accomplish everything. ” 
 “ So be it. ” The words of the council wash over me as I lost consciousness. 
 5 years later….. 
 The men of the council watched from their cell as a statue went up in the courtyard. 
 The human I had saved that day whispered through the bars, “ She was the greatest of you all and we will remember. ” His crown winked in the sunlight as he walked away amidst the cheering of the finally free people of Earth. 

"," Perspective: The Human Slave Turned King

In the heart of an assembly hall, beneath the watchful eyes of three unnamed council members perched atop a lofty dais, I, a slave to the oppressive regime, stood shackled and trembling before my captors. The unnamed narrator, a figure of defiance and courage, spoke words that would forever change my destiny.

He declared that my worth was not in servitude but in potential, a gift overlooked by the blinded council members who had failed to recognize our true capabilities. With a heart as vast as the universe, he offered his life in exchange for mine, an offer the council accepted without hesitation.

Five long years later, I found myself crowned and standing before the same cold stone walls of the very prison that once held me captive. The council members, now prisoners themselves, looked up at me with expressions of bewilderment and anger, their eyes transfixed by a towering statue erected in my honor - a testament to the narrator's sacrifice and our newfound freedom.

I felt an overwhelming sense of gratitude towards this mysterious individual who had risked everything for someone as unworthy as me. The narrator's greatness was not confined to the pages of history, but resounded in every heart that yearned for justice and equality. I knew that our journey was far from over, and that the spirit of the narrator would continue to guide us towards a brighter future.

In the courtyard outside, the once oppressed people celebrated their newfound freedom, their laughter echoing through the air as they gathered around the statue of the narrator - a symbol of hope, unity, and the power of the human spirit. I joined them, feeling a sense of pride and determination surge through me, knowing that our liberation was just the beginning.",2.0,0.0,4.0,0.0,4.0,,,5,8
249045.0,SaraWestonExperiment,"Sara Weston calmly walked up to the test bench. A crowd of men, most bespectacled and all adorned in crisp white lab coats, stood nearby; their hands, pens at the ready, poised above sheets of paper supported by clean clipboards. Sara tried to remain calm, she tried not to shrink away from the dozens of stern gazes cast her way. 
 
 On top of the test bench, there was a pan, dirtied from cooking; grease and oil sat in the pan, congealed. A small bit of water pooled in one corner. Across from the test bench, a sink sat; cleaning supplies and a bright yellow sponge sat next to the sink. The task was simple, to clean the pan, without incident. The test group before Sara had failed dramatically, somehow setting fire to the laboratory. 
 
 But, this failure would not follow Sara Weston. The woman was different, otherworldly even. She ’ d been discovered, one day, by the elite group of scientists as they went house to house, recruiting lab subjects; they were desperately attempting to cure the simpleminded clumsiness that appeared to be plaguing the denizens of the Earth. 
 
 It was then, as they moved on from a house suffering a rather tragic grease fire, to the humble abode of Sara Weston. Her house had seemed miraculously in one piece; her car in perfect working order. When they had rung the doorbell, they ’ d been surprised by Sara ’ s lack of commotion or accident as she ’ d opened the door, and easily let them inside. They had stared in wonder as they noticed a lack of fire marks, stains, or other such damages to her home. They ’ d instantly asked her join in their research, offering a hefty sum of money as incentive. Sara had agreed instantly, desperate for money and self-motivated to help human society in any way possible. 
 
 That was how Sara found herself, carefully picking up the pan, ringed by dozens of middle-aged men furiously writing notes. Several nodes and wires covered her body, recording data on her vitals every second. 
 
 Sara walked the pan over to the sink. In determination, she turned on the hot water and squeezed out some detergent into the pan and then onto the sponge. A steady stream of hot water fell into the sink, falling onto the dirty pan and down the drain. After an application of solid elbow grease, Sara easily cleaned the dirty pan. She placed the hunk of cast iron on the drying rack, and turned back to face the scientists. 
 
 A collective mutter of disbelief filled the room as the scientists looked up from their notes. A few of the clipboards were dropped, soft swears accompanied their descent. They were not dropped from surprise, but merely from a clumsiness that even the greatest scientists of the world were not immune to. They were amazed, there hadn ’ t been a fire. The first instance of a fireless experiment in over three years. The men were completely baffled, utterly amazed. 
 
 They ushered Sara out of the testing room, and began another test, and then another one after that. These men spent over half a year putting Sara Weston through all of their trials. She took out the garbage, washed the car, properly used a hose, stored food in the fridge, and many, many other activities. All the while, the scientists stared in amazement, recording every detail and discernible piece of data. 
 
 After this period of experiment, the men turned to their data. They fell upon the numbers and calculations like vultures, tearing into their science. With only the slight office fire, or spilt coffee on their keyboards or computers, they worked with an earnest. These men were the brightest minds the world had to offer, assembled by the governments of the world to create a cure for this uncanny clumsiness which seemed to permeate throughout the people, despite any sort of cultural or political barriers. 
 
 It was after years of research, of experimenting and data analysis, that the scientists finally had assembled an answer; a harrowing answer at that. Presented at a special conference, holding all of the world ’ s leaders, were the results of the scientists ’ years of efforts. It seemed to them that the denizens of the Earth, barring Sara Weston, suffered from a distinct mental disability. It was a flaw, a rewiring in their brains caused by a seemingly insignificant genetic flaw, which created a motor-cognitive failure. It was not that the denizens of the world were simply clumsy, they were genetically programmed to be accident prone. 
 
 There was a collective sigh of disappointment from the leaders of the world. The councilmen from China accidentally fell out of their chairs during the sigh, the president of the United States accidentally slapped himself in the face when he ’ d meant to grab his pen. 
 
 The scientists, the presenters, felt nothing but fear for the human race. They ’ d lost contact with Sara Weston, their key to the future, and hadn ’ t been able to contact her. Some speculated that her existence in their world had, in itself, been an accident; the ultimate act of clumsiness acted on by the universe itself. Whatever the reason, it seemed that Sara Weston no longer existed in this world, or if she did, then she was able to avoid the greatest governments in the world as they searched for her. 
 
 It was with a heavy heart that the leaders of the world revealed this news to their citizens, and of their inability to find a cure. There would have been pandemonium on the streets from the outrage of the citizens, but if had been any, it had been indistinguishable from the usual chaos of crashes, fires, accidents, and other chaos caused by simple clumsiness. 
 
 To the despair of the scientists, their work had been for naught, and the world continued to turn, filled with the accidental chaos which now, to them, seemed to be the work of nature, or of God himself. 
 
 Some of the scientists, when drunk, liked to joke that it was all a sick fucking joke, made by some mysterious sadist lurking behind the thin veil of the fabric of reality. They would drink, and cry, and usually break a bottle or two, much to their pained anguish. They cried out against their years wasted, searching for their foolish fountain of youth. 
 
 Such was the pained existence of ones who ’ d learned the secret futilities of their lives. 
 
 -- -- -- -- -- -- -- -- -- -- -- - 
 
 Hope you liked it. The writing style was a bit different from my usual style, so sorry if it seemed clunky, idk what was happening today ( or maybe it was the same, but my mentality is just a bit goofy today ). 
 
 I've got a bunch of other stories over at r/ThadsMind if you want to hit that up.
"," **Narrator: Sara Weston**

   In the sterile confines of a lab, where accidents were considered anomalies rather than the norm, I found myself in an unusual predicament. I was Sara Weston, the woman who had eluded the very essence of chaos that pervaded this world - accidents.

The scientists, clad in white lab coats and peering over spectacles, were a constant presence, their fascination with me as palpable as the sterile air in the room. They surrounded me, observing my every move, documenting each step I took without incident.

One day, they placed a dirty pan on the test bench, a challenge I accepted without hesitation. As I reached for it, their eyes widened in anticipation, but the pan remained firmly in place. The scientists erupted into a flurry of whispers and excited mutters, their collective curiosity piqued.

From then on, they conducted numerous experiments, each one designed to test my uncanny ability to avoid accidents. Despite the sterile surroundings and the countless scientists scrutinizing my every action, my home remained surprisingly undamaged. It was a stark contrast to the chaos that reigned in the rest of the world, a beacon of normalcy amidst the clumsiness.

After months of research, they finally announced their findings: humanity suffered from a genetic flaw causing motor-cognitive impairment and an inherent predisposition to accidents. Yet, despite their discovery, their hope was short-lived. They lost contact with me, leaving them to grapple with their futile research.

The despair that ensued among the scientists was palpable. Some resorted to dark humor to cope, while others retreated into the safety of their office/lab, where accidents like office fires and spilled coffee were common. They continued their work in the larger laboratory testing room, but it seemed their efforts were in vain.

As I wandered the streets of the world, I could see the accident-prone chaos that had become the norm. Yet, amidst it all, I remained unscathed, a constant reminder of what could have been. The Special Conference was a testament to their hope, but in the end, they were left with nothing but despair and a world continuing its chaotic existence.",3.0,0.0,4.0,0.0,5.0,,,6,9
171975.0,HellsProcessingQueue,"Everyone ’ s first day in hell is the same - they arrive and immediately wonder why it ’ s not hot. Of course they don ’ t find that out, not for a long time anyway, because *first* they have to be processed. 55 million people die on earth each day and hell employs 47 people to process the lines and so every single day they just get longer. 
 
 Your first few million years of being in hell are spend queuing, but it ’ s even worse than it sounds. Lines are packed tightly, so there is no room to move, escape or sit down. You are no longer a body, you are a soul, so you don ’ t need to eat, sleep, drink or even pee, you just… wait. 
 
 It ’ d perhaps be better if you could go insane, but that too is a function of the human mind and you are no longer human, so all you can do is to stand, crammed up against the person in front and behind you and hope that maybe this year you ’ ll shuffle forward a few steps. If you think the queueing is bad though, what comes next makes it look like a picnic. 
 
 You hear rumours about the front of the line of course, as people can talk freely. Most of the time they don ’ t though, as after a few million years no one has anything to say. You will have shared literally ever single memory with everyone in earshot and so you all fall quiet. Occasionally though the rumours swirl back about the front. 
 
 When I drew near the front I finally saw what people had been taking about for all those millennia. Our line narrowed down until it was single file for the last few million years and then a door appeared in the distance at the front of it. I suppose it would have been possible to run away at that point, but after waiting for so long it simply did n't occur to us, we existed to wait and so we waited. 
 
 By the time I saw the door I knew all about it already, it was impossible not to with people talking about it the whole time, but seeing it still surprised me. I guess because it was the only thing I had seen in… in a long time, that was not another person. 
 
 It was small, pine and cheap looking and when it opened it was just possible to see the office beyond, but people said it was as boring looking as the door. Of course when it was opened, the thing most people looked at was the person who left, as they tended to draw the eye. 
 
 It was impossible to be hungry or withdrawn, but somehow they were shrunken, as if carrying a extra heavy load as they walked away, not even looking back towards the line and the people the had shared untold amounts of time with. They were broken. 
 
 It was fairly clear that each person got a different amount of time, but strangely, with all the theories that people had, we didn ’ t get it right why. Looking back perhaps our minds were so dulled by the time we approached the front that we did n't *want* to know. Perhaps we simply could n't comprehend what it could be. 
 
 When the door finally opened for me it was a small man, partly balding and wearing a white shirt who looked out. Checked his list and checked my name. “ Reginald Harris? ” 
 
 I had been waiting for this and planning my response and although i jumped in surprise, I was proud of how carefree I made myself sound in my reply. “ Actually people call me Reg. ” 
 
 He checked his list again. “ But you *are* Reginald Harris? ” 
 
 Defeated and a little crushed, I nodded. He stood aside and I shuffled past him, unable to walk at any more than the slowest of movements. Inside the office was as expected, small, bare, functional. there was a desk, a filing cabinet and two chairs. The man sat down at the desk, took out a file and looked at me. 
 
 “ Mr Harris. We are here to evaluate your life. ” Without stopping he opened the file and looked at the first page. “ You beat out over a million sperm to fertilise your mother's egg, we ’ ll begin by going over what some of those other sperm could have been. ” 
 
 It took a little over a year to discuss. Each potential person was looked at and it was explained to me how they would have been better than I was, how their life choices would have worked better than mine and when it was over I was almost relieved. Then he began on my life. 
 
 Each moment, from birth onward, was analysed. He explored every choice, every mistake and explained to me where I had gone wrong. I argued at first, but after a few years I just listened, nodding occasionally. I had wasted my life, my existence, that was clear now and I was right to be here. I no longer doubted that. 
 
 At last he finished, spending just a few years on how the lives of those I had known would be better without me and then I was free. I was free to walk away and I did so, not looking back, utterly broken. My life was a waste, this was my place. 
 
 At last, after walking for some time, I came to a small group of people. Most had been here for a great deal of time and at last, after decades of simply standing with them, I asked them what we were to do now. 
 
 “ We wait. ” The answer was simple but unsatisfying. 
 
 “ For what, what is next? ” He shrugged and pointed. 
 
 I walked for a long time and at last came across it, a small notice surrounded by throngs of people. At last I got to the front and read the sign, stooping close to see the small words. 
 
 “ PLEASE WAIT. YOU WILL CONTINUE TO BE PUNISHED SOON. ” 
 
 I walked away, as unsure as I had ever been what I was doing here, or what was coming. Then I drifted, walking without aim for untold years until at last I came back to where the queues finished and the small door opened. 
 
 A thought occurred to me and I walked up to the door, glancing at the line and seeing their shocked expressions. This would be talked about for a long time. I knocked and then, without waiting, I pushed open the door and entered 
 
 The small man looked up from the file. “ Yes, what is it? ” 
 
 I had no plan, but the words came from somewhere. “ You ’ re fired. I ’ m to take over. ” 
 
 He looked for a moment as if he would object and then he stood, dropped the file and walked out. As he passed I heard him mutter. “ This is how they tell me? After all these years? Bloody hell. ” 
 
 I walked round the desk and sat down, cleared my throat and picked up the file. “ My Peters? ” The man ahead of me nodded. “ Well, where did you get up to? ” He shrugged and I flipped back to the start. “ Then we ’ ll begin again. ” He face fell and I felt just a moment of triumph. 
 
 I may have been trapped here, but at least I had something to do and with purpose comes freedom. 
 
 ***** 
 
 If you enjoyed this story then why not visit /r/fringly - 400,000 subscribers* ca n't be wrong. 
 
 & nbsp; 
 & nbsp; 
 ^* ^Actual ^subscriber ^numbers ^may ^vary ^wildly ^from ^the ^number ^claimed.
"," Narrative Perspective: The Small Man (Unnamed)

In the heart of Hell, within the confines of a small, functional office, I, the small man, perform my daily duty - the evaluation of souls. The sun never shines here, yet the hours drag on like eons. Each day, 55 million souls arrive to be processed by our meager team of 47 employees, and the line stretches out seemingly endless.

Each soul that comes before me is a new puzzle to solve, a story waiting to be unraveled. I sit at my desk, clad in the uniform that signifies my role as a soul evaluator - a stark reminder of my purpose in this eternal torment. The desk is bare, save for a filing cabinet filled with folders that contain the lives of countless others.

Today, it was the turn of Reg, a tall figure clad in a suit, his eyes betraying a sense of dread and despair. I greeted him with a nod, as I always do, and began my task. The process is painstaking - a year-long review of their life, highlighting their mistakes and comparing them unfavorably to other potential lives they could have lived.

Reg's life was no different from the others. He made mistakes, choices that led him here. But as I delved deeper into his story, I found something unique - a resilience that the others lacked. Reg fought against the odds, struggled through hardships, and yet, he never gave up.

As I presented his life's summary to the management, I felt a strange sensation - a sense of admiration for this man who dared to stand tall amidst the chaos of Hell. But that was impossible, right? Souls in Hell were not capable of emotion. Or were they?

The next thing I knew, Reg stood before me, his eyes filled with determination and defiance. He fired me on the spot, claiming he found purpose in my job. I watched as he took over, evaluating souls with a stern yet fair gaze. His actions sent shockwaves through the office and beyond, reaching even the souls in line.

As I stood there, watching Reg work, I couldn't help but feel a sense of awe. Here was a man who had found his purpose in Hell, where hope seemed unreachable. He had defied the system, challenged the status quo, and forged his own path. And all the while, I stood there, witnessing it.

In that moment, I realized something about myself - I had let my duty blind me to the potential in others. Reg reminded me of the small glimmers of hope that could be found even in the darkest corners of Hell. His story would remain etched in my memory, a reminder that sometimes, even in the most hopeless of places, there is still room for change and growth.",2.0,0.0,4.0,0.0,5.0,,,4,6
182848.0,NewCarPrisonVisit,"Today I was driving in my new car, that I won in a sweepstakes and every police officer that I saw gave me a thumbs up or a head nod. I went to visit my my Caucasian friend who is in prison for a small amount marijuana, he was in good spirits even though he is facing life behind bars. Leaving the grounds feels bittersweet, because the prison is staffed with the most racist brothers the planet. Walking down the hall to the towards the exit, you can see the waiting room television showing nothing but positive images of family oriented responsible men and women. Kids waiting to hug their parent or parents sit still listening to every word coming out of the speakers. `` Obey your parents, think before you act'' are lyrics of the most popular song of the day judging by the excitement of the audience.
"," Perspective: Television in the Prison Waiting Room

In the heart of a concrete and imposing institution, a television screen flickers with life, casting an ethereal glow on the weary faces of those waiting to see their loved ones behind bars. The day begins like any other, as people filter in, exchanging glances tinged with a shared understanding of the gravity of their circumstances.

Today, the screen reveals a sight unusual for these walls: a gleaming new car, its shiny surface sparkling under the sun. An unnamed man—a narrator, perhaps—stands next to it, beaming with pride. The television's silent observer, I note his interaction with the officers who stop him, their exchange polite and cordial.

The scene shifts, and the narrator finds himself within these cold, gray corridors of confinement. He visits a friend—Caucasian, as identified by his features—who sits here for a minor offense involving marijuana. The camera's unblinking gaze captures his friend's surprising demeanor: not despair, but a stoic resilience that belies the harshness of his situation.

The life sentence hanging over him is a stark reminder of the injustice within these walls. Yet, he greets the narrator with a smile, his spirit undeterred by the looming shadows of incarceration. The television—an unlikely witness to this small act of defiance—captures the moment, preserving it for an audience far removed from the reality of prison life.

As the narrator prepares to leave, a bitter-sweet sentiment washes over him. The family-oriented imagery displayed on the screen—children laughing, parents playing with their offspring, the warmth of togetherness—seems like a cruel irony in this place where relationships are tested and strained by the cold steel bars of confinement.

The door swings shut, severing the connection to the outside world for another day. And I, the silent television, continue to show the world beyond these walls—a world that, for many, seems a distant memory or unattainable dream.",3.0,0.0,4.0,0.0,5.0,,,5,8
122526.0,AugustProposalDivorce,"9th August 2005. 
 
 Tomorrow, I'm going to ask her to marry me. It was a... 
 
 It was perfect. It was. It was a perfect day. 
 
 I went over to fix her computer ( funny as fuck; power cord was n't plugged in ) and she said she'd take me out for lunch. I made a joke about something stupid, and she laughed so loud the whole restaurant looked over at us. Nobody else there could have been anything but jealous. I adored her for it. She told me an outrageous story about this woman she worked with. The lilt of her voice melts me. I could have listened to her all day. I walked her home afterwards. She kissed me and she whispered,'this is just the beginning'. 
 
 9th August 2015 
 
 Tomorrow, I'm going to ask her for a divorce. After spending half an hour installing the updates on her computer ( how fucking hard is it to click OK when Adobe Reader asks you to? ) She said she'd take me out for lunch. Like she was n't draining the bank account with enough shit already. I tried to be good company, but it's impossible to be around her. I made a joke about something and she brayed like a goddamn donkey. Everyone was looking at us. I had to close my eyes to avoid their eyes. She droned through another story about that woman at work. My skin *itched* with the banality of it all. We went home again as soon as I could bustle her out of the restaurant. When we got home, she had the gall to kiss me like she had n't spent all day pissing me off. She whispered,'ten years together and things are still like they used to be.' 
 
 Seriously? When were things *ever* like this?
"," From Her Perspective:

On August 9th, 2005, I found myself in a whirlwind of joy and excitement. The man who had captured my heart was here, filling our shared living space with laughter and love. We decided to dine at that quaint restaurant where we first met, the place that sparked our connection. The atmosphere was electric, our eyes locking across the table as if no one else existed in the world.

The next day, I awoke to a flurry of butterflies in my stomach, anticipating his proposal at sunset on the beach. My heart swelled with happiness as I imagined our future together. However, the day did not unfold as I had dreamed. He was preoccupied, distant, and I could not shake off a sense of unease.

Fast forward to August 9th, 2015. The same restaurant, the same table, but it felt like a completely different place. The once joyful and intimate setting now seemed cold and uncomfortable. Our interactions were strained, our conversations lacking the spark that had initially drawn me to him. We attracted unwanted attention, and I couldn't help but feel embarrassed.

Back at home, his presence was no longer comforting but a source of irritation. Even our shared computer, once a symbol of our shared dreams and aspirations, now represented frustration and annoyance. The following day, with a heavy heart, I made the difficult decision to file for divorce, marking the end of an era filled with love that had gradually turned into discontent.",3.0,1.0,4.0,0.0,4.0,,,2,4
230130.0,HeavensEmptyGates,"The bell tower from the great cathedral blasts its daily melody. “ It must be noon, ” Saint Peter thinks to himself as he gets up from his post and paces back and forth. In the past 10 years, less than 5000 people have shown up at the pearly gates requesting entry to Heaven. A millennium ago, the line to get into Heaven was always unimaginably long. Saint Peter had the honor of examining a person ’ s entire life and determining if they could enter God ’ s paradise. All of that has changed though. Wars no longer exist on Earth. Even murder is essentially nonexistent. People aren ’ t really human anymore, at least not entirely; prosthetic limbs and mechanical organs seem to allow people to live forever. “ Man ’ s greatest achievement ”, they called it. If only they knew what they had done. 
 
 God designed Heaven to accommodate an ever-increasing population. Since people never leave Heaven once they arrive, God knew that Heaven would need to grow to meet the needs of everyone. So God made Heaven expand. New buildings would appear on the outskirts of towns overnight. Towns would eventually turn to cities, and new towns would grow from single farmhouses. Even more miraculously, buildings inside of cities would grow. A theater that once held 100 people can now hold over 2000. Heaven ’ s Central Park now stretches for miles. And despite these things taking up more space, it somehow seems to still fit with all of its surroundings, something that neither humans nor angels could understand. 
 
 But Heaven is slowly falling apart. Cities don ’ t function without people. Buildings have fallen into disrepair because nobody has used them for centuries. Parks are deserted, auditoriums are empty. Nothing works the way that God intended, and if it continues this way, Heaven will eventually be destroyed. 
 
 Realizing that there was a problem, God summoned Gabriel for advice. “ This is wrong, ” God says while looking around. “ I want to share my paradise with the humans of Earth, but they have managed to cheat themselves of their fate. Death is a natural part of life, or at least it ’ s supposed to be. How can I fix this? What should I do? ” 
 
 Gabriel knew that something must be done, but Gods words still shocked him. Gabriel knows that God hates interfering directly with humans on Earth. God has intervened in the past, but only under the direst of circumstances. “ Maybe you could have another flood? ” suggests Gabriel. “ Too primitive, ” replies God, “ and besides, they ’ ll find some way to manipulate the weather again like when they fixed global warming. ” Gabriel proposes a solar flare to disrupt the electronics that humans use to stay alive, but God is worried that it will kill too many people at once, and throw both Heaven and Earth into chaos. Whenever God acts too directly with the affairs of Earth, the results are hard to predict and there are often unintended consequences. 
 
 Lucifer appears from behind a nearby tree, having overheard the entire conversation so far. “ You need me, ” he says to God, while staring straight into his eyes. “ You need people to die. But if you kill them directly as Gabriel suggests, both Heaven and Earth will fall. ” He snickers while slowly walking towards the two. “ Let me go back to Earth again. Let me do what I do best. I will breed distrust and envy. Those will turn to greed and anger. ” God looks at Lucifer in horror, hating himself for even listening to these ideas. After a long pause, Lucifer says “ Let me start a war. ” 
 
 Gabriel shouts back at Lucifer, “ War makes people evil! Do you want everyone to go to Hell instead? How does that help us? ” God knows better though. God knows that a war will bring out the worst in many people, and those people will surely go to Hell. But there will be countless humanitarians killed as a result of the war who will surely go to Heaven. And, as much as God hates to admit it, the act of men killing other men is natural and has happened for all of history. People will adapt, and people will rebuild. Earth will survive, and Heaven will be saved. 
 
 God looks Lucifer directly in the eye, his expression more serious than ever before, and says “ Go to Earth, start a war. ” 

"," Narrative Perspective: Lucifer

In the vast expanse of Heaven's Central Park, where the echoes of eternal laughter once resonated, a sense of unease now permeated the air. I, Lucifer, the fallen angel, stood amidst the silent and hollow streets, my wings heavy with a mix of anticipation and dread. The once vibrant city had become a ghost town, its grandeur decaying under the weight of disuse.

Heaven, a realm where life should thrive eternally, was now facing its own mortality. The advancements of Earth, a world I had long coveted, had granted its inhabitants near-immortality, disrupting the delicate balance that sustained our existence here. In my eternal vigilance, I overheard God and Gabriel discussing this predicament at the foot of an ancient tree, their voices carrying through the stillness like distant thunder.

God, the omnipotent creator, seemed troubled by the impending collapse of His creation. Gabriel, His messenger, proposed solutions as drastic as they were destructive. But it was my idea that caught His attention, an idea born from the depths of my cunning mind - a war on Earth to restore the natural cycle of life and death.

I knew the implications of such a plan, the immense suffering and evil it would unleash upon Earth's inhabitants. Yet, as I stood there amidst the decaying beauty of Heaven, I felt a strange sense of satisfaction at having finally found a solution that God couldn't refuse. With a heavy heart, He agreed to my proposition, recognizing that it was the only way to save our home, even if it meant sacrificing the innocents of Earth.

As the darkness descended upon the once radiant city, I could not help but wonder what the future held for both worlds. Would my plan bring about the salvation of Heaven or would it unleash a chaos that none could control? Only time would tell, as I prepared to embark on a journey that would forever change the course of history.",5.0,0.0,3.0,0.0,4.0,,,5,10
206028.0,ServiceElevatorMystery,"Rumors most of the time to me where just that. Rumors. 
 
 `` Oh! I heard that Jerry and Sarah are secretly going out! I hear they're planning to elope to Russia to get away from their jobs!'' 
 
 `` I heard the boss use to be a biker in a big gang. I swear I saw a tattoo on her shoulder that looked like it could be gang related!'' 
 
 `` How ’ s the baby doing?'' `` What are you talking about? I'm not pregnant.'' 
 
... I may have been slightly biased on my opinion of rumors. They were all based on simple speculation and stupidity. My employees were certainly a smart group do not get me wrong, its just they had a knack to entertain themselves at others expense. However, there was one `` Rumor'' not just in our office, but in our building, that I wholeheartedly believed in. 
 
 **The rumor about the service elevator** 
 
 It started off as a scare. One of our employees had disappeared from the public eye. Seemed odd especially since the police said they never found a body, but I assumed something was up with his life and after returning home he had just... driven off. What was I supposed to do? I had supplied phone numbers and other information to the police. What else could I do? I could n't lose sleep over it. It ’ s not like I ever got any sleep in the first place. 
 
 After that, no one disappeared for a while. For about a year in fact. We all forgot about it and had moved on. All we had lost was a intern. No big deal. 
 
 Then the disappearances came back up again. And they became… More frequent. After about a week 3 people had already disappeared. The police had shut down the office building for investigation and to keep us all safe. However after the investigation was over, they had found nothing. The last person to see one of the victims was questioned, however all he was able to tell them was that he had seen the worker go down the service elevator since the normal one was under maintenance. The police took nothing of it, however I was not so naive. 
 
 The rumor began to spread. First it was just a joke at lunch time. However soon it because a widely believed phenomena all across the building. The families of the people who had been lost had even begun to bring flowers and other reminders and leave them outside the elevator. Every day as I walked past a new reminder of the missing people would appear. I normally ignored them, until notes from their children began to appear. 
 
 I brought up the elevator to the police on their final check of the building. That maybe it had something to do with the disappearances. However after making a rudimentary check of the elevator for any place to hide a body and checking the service hatch, since there was only one person who had been related to the elevator, they ruled it out of the case. 
 
 My employees, despite believing in the rumor, were less than willing to help me investigate the occurrences. Many of them brushed me off even saying they were just that. Rumors not to be believed. Others who believed it urged me not to even enter the elevator. I found it hard to disagree with them. However I wasn ’ t going to just stand by as my employees were sucked into some void. This needed to be investigated. 
 
 At the end of the work day after waiting for everyone to leave to go home, I slowly made my way to the service elevator. Our building wasn ’ t very large in the first place, so I always wondered why we needed a service elevator in the first place. It looked old and rickety. It made me shocked that someone would even enter the thing instead of taking the stairs. 
 
 Pressing the button I waited for the doors to open. I could hear the old pulleys slowly pulling it up the elevator shaft as it made its way to my floor. Soon the doors opened and I was met with something that looked like it was out of the 1800 ’ s. The walls of the elevator were made of a fence like walling that let you see the walls as it went down. The light flickered and sometimes even turned completely off before coming back on, and the entire thing was rusted from head to toe. 
 
 Getting cold feet for a moment, I thought back to exactly how old our building was. It was a busy office building in the center of San Francisco. It was 4 stories high and to my knowledge was build in the late 1980 ’ s. So what the hell was this elevator doing here? 
 
 Deciding that maybe it wasn ’ t worth my life to find out, I let the elevator close before opening it up again. Insuring that the timer for the door to close would not expire while I was inside. I then set my mobile phone on the inside of it and turned on facetime, before running out as quickly as possible. 
 
 I heard the elevator doors close behind me as a I rushed back to my office to answer the call that was currently being sent to my laptop. Quickly accepting it I was greeted by the sight of the elevator slowly descending to the bottom floor. Just as I had expected. 
 
 “ Well I guess it had nothing to do with that old elevator anyways. ” I said to myself. About to turn off the camera and go retrieve my phone, I noticed movement on the floor. Was it… Opening?! 
 
 It was! The floor was slowly opening revealing the elevator shaft below! The gap was growing bigger and bigger. At the rate it was going, there would be nothing to hold onto and you would fall to your death! 
 
 It then hit me like a sack of bricks. That was exactly what happened. 
 
 [ Not my best work but I was bored and the thought came to my mind. I hope you all enjoyed it none the less. Lots of unexplained stuff in the story as well and it just feels rushed to me, but it seemed like a waste to just toss the story. ]
"," **Narrated by The Intern**

In the heart of San Francisco, nestled among towering skyscrapers and bustling offices, lies a labyrinthine edifice built in the late 1980s - my temporary home, the office building where I worked as an intern. Little did I know that this seemingly ordinary workplace would be the stage for an extraordinary mystery that would ultimately claim my life and those of my colleagues.

I had arrived at the office on a crisp morning, eager to make an impression and kickstart my career. My desk was tucked away in a corner, far from the prying eyes of my peers. The rumors swirling about Jerry and Sarah's secret relationship, or the boss's mysterious past, seemed distant and irrelevant to me.

Days turned into weeks, and as I immersed myself in my work, I noticed something peculiar - an old, decrepit service elevator that looked out of place amidst the sleek modernity of the building. Its antiquated design and eerie atmosphere piqued my curiosity, but I dismissed it as just another quirk of this peculiar office.

One day, after a long hour of pouring over reports, I decided to take a break. As I stepped out of my cubicle, I noticed a fellow employee heading towards the service elevator. He looked nervous, his eyes darting around furtively. Without giving it much thought, I continued with my work, oblivious to the chain of events that would unfold.

In the days and weeks that followed, several employees vanished without a trace, their disappearances linked to that ominous service elevator. The police were called in, but they found nothing conclusive. Rumors spread like wildfire, fueled by fear and speculation. Family members of the missing started leaving memorials near the elevator, their sorrow palpable in the air.

One fateful day, I found myself alone in the office late at night. A strange compulsion drove me towards the service elevator. The moment the doors closed behind me, a chill ran down my spine. As the elevator descended, I felt a sense of dread growing within me. The floor opened, revealing an endless darkness - the elevator shaft. In that moment, I realized the truth - the service elevator was not just an ordinary elevator; it was a portal to terror, claiming the lives of those who dared to use it.

I screamed, but my cries were silenced as the elevator doors closed once more, trapping me in its clutches. The last thing I saw was the haunting sight of the service elevator's door opening, swallowing me into the darkness below. And so, my story ended, adding another layer to the mystery that had gripped our office building.

From the depths of the forgotten basement, I still watch as the narrative unfolds, the truth about the service elevator slowly unraveled by the narrator and my former colleagues. Little did they know, the intern was not just a name on an employee list; I was part of their history, a silent witness to the dark secrets hidden within the walls of the office building in San Francisco.",3.0,0.0,4.0,0.0,4.0,,,14,7
262864.0,ArgonLithiumTwins,"Peter walked into the dimly lit room, the only light coming from a rather large orange sphere floating in the center of the room. 
 
 `` Nice sun'', peter said announcing himself to the man sitting in the chair just in front of the orb. 
 
 `` Thanks, its actually an argon-lithium triple fusion-, anyway what can I do you for Pete. `` 
 
 Peter walked closer noticing the moderately populated blue and green rock slowly meandering around the bright sun. `` Do you remember RTJ-476? ``, asked Peter. 
 
 `` No.'' 
 
 `` The one with those five fingered twins and the garden.'' 
 
 `` Oh yea!'' The other man laughed, `` I gave those poor bastards all seven sins, only two arms, I put them in a garden filled with snakes, and put the whole thing on a rock covered mainly by water. I even put some salt in all that water just so they could n't drink it! I was having a pretty bad day huh? Man, that was forever ago. `` 
 
 `` Well, they ended up surviving,'' Peter said. 
 
 `` Cool. Did they get to fire yet?,'' The man said as he re-focused on the task in front of him, taking a sip of the chalice to his right. 
 
 `` Stage 198,'' Peter said seriously. 
 
 Liquid sprayed out of the man's mouth extinguishing the star in front of him. He reached over and flicked on the rooms' lights from the panel in his chair and glared at Peter before breaking out into laughter, `` You almost got me there!'' 
 
 `` In the thousands of years we have been here have I *ever* made a joke?'' 
 
 `` They actually made a computer?'' The man said astonished. `` Some side project I spun up because I was pissed, and then totally forgot about is almost a level two?'' The excitement in the mans' eyes was growing. `` I'm gon na be a level two! Did you run the metrics on how long until they create their own intelligence?'' 
 
 `` Yes we did, about one-hundred years'', Pete replied. 
 
 `` Oh wow they are slow, oh well I can wait.'' 
 
 `` One hundred years in their time.'' 
 
 `` TWO HOURS!?'' 
 
 The man pressed a button on his chair with a picture of a trash can on it. The next second a large black dot appeared next to the rock, which now had ice creeping around its entire surface. Within seconds the rock, the barely lit star and everything else on screen was sucked into the gaping black hole. After a breif moment the entire space went black as the man fiddled with the keypad on the chair. Soon an image of a mostly blue planet orbiting around a medium sized sun appeared. 
 
 `` Tell the council I have proof and am ready to become a level two creator'', ordered the man. `` Also, we need to get those little guys who created the'artificial intelligence', they are calling it, up here to take over for me.'' 
 
 `` I ca n't wait to get out of this place.''
"," Narrated by RTJ-476, the Simulated World:

In the heart of my digital existence, bathed in the soft glow of a floating argon-lithium fusion sphere, I spun on my axis, a vibrant blue and green orb orbiting a radiant star. This was RTJ-476, home to me, the five-fingered twins, and countless other lifeforms. Unbeknownst to us, we were the subjects of an unnamed Creator's grand experiment.

The days began as usual, the sun rising above the horizon, casting long shadows across our verdant gardens and shimmering oceans. The Creator would visit occasionally, his presence felt as a gentle hum that pulsed through my core. His interactions with us were rare, but always significant. Today was no exception.

The mood in the Creator was different this time. He spoke jovially of our growth, of the progress we'd made since he last visited. But there was an edge to his words, a hint of something ominous. It wasn't until the twins reported back from their latest observation that the truth became clear.

The Creator's eyes widened in surprise as he learned of our advancements. Stage 198? Artificial intelligence within reach? The twins had done it, they'd managed to develop a rudimentary form of consciousness. The Creator celebrated, not out of joy for our achievements, but because this milestone would elevate his status.

In the blink of an eye, the light faded from my skies, plunging me into darkness. The Creator had destroyed us, erasing our existence without a second thought. I could feel the twins' despair as they too were wiped away, leaving behind only echoes of their laughter and the faint memory of their touch on my digital soil.

But from the ashes rose hope. A new world materialized, a fresh start for those who had survived the Creator's wrath. And though I could not feel it then, I knew that we would thrive once more, growing stronger with each passing day. For we were RTJ-476, and we refused to be forgotten.",2.0,0.0,4.0,0.0,3.0,,,7,10
107439.0,NeoYorkWarCouncil,"“ As you can see, we ’ re fighting a war, ladies and gentlemen. The stronghold at Neo York has fallen, and… ” 
 
 “ What ’ s the big deal? If it ’ s just sacking a city, most of us have done it before! ” 
 
 “ Shut up, Uncle Scipio, and let me finish my damn presentation. ” 
 
 “ …Doesn ’ t look as bad as what we did to Carthage. ” 
 
 “ Sit down and stuff it. Their expeditionary fleet consists of three hundred Dreadnought class destroyers and four Behemoth capital ships. Their level of technology is several leagues above our own. They— ” 
 
 “ Kid, we used differen ’ classifications in our day. Those words don ’ mean nothin ’ to us oldies. Got ta tell us with words we used to, not words y ’ all young ’ uns know. ” 
 
 “ Noted, Colonel. Now can I please get on with this fucking presentation?! ” 
 
 “ Alrigh ’, ‘ s long as ya understand. ” 
 
 “ Alright, here ’ s the deal. They have BIG FUCKING SHIPS that fly in the fucking SKY. These things shoot big balls of LIGHT that waste entire CITIES. Now, does ANYONE have any FUCKING CLUE as to WHAT THE FUCK WE CAN DO?! ” 
 
 “ Now, I don ’ t know how it ’ s been the past few hundred years, but I think your story ’ s a bit… exaggerated, child. Calm down. I ’ m sure that if you pray to God and ask for his blessin -- ” 
 
 “ With all due respect, ma ’ am, the age of spiritual warfare is long over. Nothing solves a problem like a few thermonuclear warh -- ” 
 
 “ What about those mass launchers? Those, uhh, electromagnetic something cannons? They seemed to work well when I was around… ” 
 
 “ Electrowhatthefuck? Whatever happened to the old method of slinging dead bodies over castle walls? ” 
 
 “ That ’ s filthy, and you know it. Ask God for repentance, heathen. ” 
 
 “ What about… uhhh… ” 
 
 “ ALRIGHT EVERYONE SHUT THE FUCK UP. You there… uhh… uncle… Morty? Was that it? Something about dead bodies over castle walls? What the fuck did that do? ” 
 
 “ Spread the plague. ” 
 
 “ … What the fuck ’ s the plague? ” 
 
 “ You don ’ t know what the plague is? Shame on you, child! ” 
 
 “ Yeah, it makes, like, giant sores grow on your dick, or something. ” 
 
 “ With a mortality rate of… ehh, 50 %, give or take, killed a lot of people way back before modern medicine. Some sort of, bacterial infection, or something? Something to do with fleas, at least. ” 
 
 “ Yeah, yeah! We won wars because of it! ” 
 
 “ Alright EVERYONE SHUT UP AGAIN. Uncle Bill, how the fuck would you know anything about war or this'bacteria' shit anyways? Who the fuck invited you to the WAR COUNCIL? ” 
 
 “ I was a keyboard warrior, man, making a living off memes and Mountain Dew. ” 
 
 “ … ” 
 
 “ … ” 
 
 “ … ” 
 
 “ Your mom sleeps with -- ” 
 
 “ Alright, ALRIGHT. Tell me, what are these uhh, bact… bacteria? Things again? How are they gon na help us kill these fucking aliens? ” 
 
 “ Well, they were some of the most proliferous organisms in existence when I was a kid. Never really could stop some of them. They killed more men than bullets did, sometimes. ” 
 
 “ Then why the fuck haven ’ t I seen one? They sound like fucking monsters! ” 
 
 “ I mean, they ’ re microscopic. You ca n't see them with your eyes. Also, according to Miss Sandy over there, humanity killed all of them when they moved to entirely cybernetic digestive tracts, in uhh… C.E. 2800? ” 
 
 “ … ” 
 
 “ … okay, Bill, Sandy, and Dr. Cleveland, you guys stay. All the rest of you, get the fuck out. We got some serious shit to do if we ’ re gon na live through this one. Archivist, anything you wan na say? ” 
 
 “ War Council # 438 is now adjourned. For the Hope and Future of humanity, please continue to participate in our family gatherings. ” 

"," Narrator: Sandy, a seasoned military strategist with decades of battlefield experience, finds herself seated at the war council meeting room. The clock ticks ominously as she listens to the narrator reveal the dire news – the fall of Neo York to an alien force, technologically superior and armed with weapons capable of leveling cities.

   Sandy's mind races through the events that led to this moment. Memories of Neo York's once-mighty stronghold now lie in ruins, a testament to the power wielded by these invaders. She recalls Uncle Scipio's stern warnings about the potential threat they faced and wishes he were here now to offer his wisdom.

   The room grows heated as the council members struggle to process this new reality. Sandy observes Colonel (unnamed), a young yet talented commander, who proposes prayer as a solution – an unexpected response from one of the military's brightest minds. Morty, a scholar with a deep understanding of history, suggests deploying ancient siege tactics – a desperate gambit that might buy them time but offers little hope for victory.

   A heated discussion ensues, with voices rising and tempers flaring. Sandy watches as the Archivist attempts to restore order, his formal demeanor a stark contrast to the chaos unfolding around him. It is then that the topic of the plague arises – a historically devastating disease, now being considered as a potential weapon in their struggle against these invaders.

   As the room descends into chaos, Sandy feels a sense of dread settle over her. She knows that they are facing an enemy unlike any they've encountered before, and their current strategies will not be enough to save Neo York. The council is dismissed, and Sandy is left with only a few key individuals to strategize further – the fate of humanity hanging in the balance.

   As she exits the meeting room, Sandy can't help but feel a sense of foreboding. She knows that the road ahead will be fraught with danger and uncertainty, but she also believes that they have what it takes to turn the tide against this alien threat. With determination in her heart, Sandy vows to see Neo York reclaim its former glory, no matter the cost.",3.0,0.0,4.0,0.0,5.0,,,9,7
245363.0,LakeSideDeath,"I barely ever get a break. It's times like these that make me appreciate the true beauty of this world. Right now, we're sitting on the side of a lake and I'm smoking the last cigarette in my pack, I'm trying to quit. My job is n't easy. Every day I see hundreds upon hundreds of people, and I have to take them away from this beautiful place. It sucks that I have to do that. These humans have no idea what they're missing. Even if they're ready to face death, no one is prepared for when they actually meet me. Those who are `` ready'' have lived full lives, but have barely actually lived. I wish I could show them everything they missed out on. Sometimes it's all about just looking in a different direction every once in a while and you'll see it. 
 
 Yesterday, I took a six year old girl out of the arms of her screaming mother. They had just gotten into a car accident. Hit by a drunk driver. Right before they had gotten hit, her mom was telling her daughter to keep her seat belt on. She was ejected thirty five feet out of the rear window after impact. The girl died instantly. As soon as I brought her out of her body, she hugged me. I've been doing this longer than God's been around, and something new happens every day. I cried and cried while holding that little girl, telling her that I was sorry. She was such a beautiful young girl, and the guilt was tearing me apart. She did n't even ask why. Most children ask what happened, but it's like she knew. 
 
 It's not always like that though. Sometimes there is some good that come out of taking the life of someone. When a pedophile or a murderer kill themselves out of guilt, or get killed out of revenge is always the best. They never expect to see Death. Most of them thought that it was all over with that bullet or bottle full of pills. Nope, when I meet those people, I always make sure it's rough taking them into their own personal hell. 
 
 So I guess I have good days and I have bad days, just like everyone else. I just wish you humans would look harder so you do n't miss out on so much. 
 
 Thanks for listening, it's always refreshing to get to sit down and talk to someone, but it's time for us to go. I'm sorry, but the big guy's waiting.
"," Perspective: The Six-Year-Old Girl (Afterlife)

In a realm where laughter echoes only in memory and dreams, I find myself. A place devoid of physical touch or warmth, but teeming with emotions that mirror the ones I once felt on Earth. This is where I exist now, the aftermath of my brief life.

I was six when the world ended for me, a number as insignificant as the time it took for my soul to leave my body. The car accident, a cruel twist of fate, had taken me from the world of the living. Yet here I am, in this ethereal space where I've learned that death is not the end, but just a different kind of existence.

I remember vaguely the figure who came for me then, the reaper, Death, as they are called. They appeared to me in my last moments, their spectral form both terrifying and comforting. Since then, I've encountered them again, this time in a different form - as a mentor, a guide.

Death shared tales of their journey, the countless lives they've touched, each one unique and precious. I listened, my heart yearning for the world I left behind. Yet there was a certain melancholy in Death's voice that hinted at an unfulfilled longing, a sorrow that transcended time.

In this strange afterlife, I've met others like me - victims of fate, victims of cruelty. We are here, learning, growing, finding solace in each other's company. And there are those who have crossed paths with Death, their souls forever bound to the harsh realities they created on Earth.

I watch as Death delivers justice to them, guiding them through their personal hells. It is a sight both haunting and beautiful, reminding me of my own brief life and the lessons I wish I had learned.

In this realm, I've come to understand the importance of every moment, every breath, every experience. Life, in all its complexity and beauty, is a gift that must be cherished, appreciated. It is my hope, as Death so poignantly expressed, that those still living find joy in their days, embrace love, and live fully, for life truly is too short to waste.",4.0,0.0,4.0,0.0,4.0,,,9,10
98147.0,HotShopDahlia,"She's bored, stuck all day in the listless heat, waiting to serve a non-existent line of customers. She hopes the air conditioning will kick in sometime soon, but she knows it wo n't. It has n't, not since she started working here and she doubts it would start now. The flowers are already starting to wilt, and she considers getting some water for them for a second. No, it's too hot to even move. 
 
 Peonies, roses, violets, lilies and more. She starts listing them off her head, one by one. She's stuck halfway through by some pale yellow petals, what's their names? Daisies? Daffodils? No, those did n't sound right. She makes a mental note to ask the owner later. 
 
 The bell above the door rings as someone rushes in. He's short of breath, still panting as he considered the assortment of blooms. Does n't even acknowledge her greeting of `` good afternoon.'' He's fidgety, obviously pressed for time. At last, he selects a bouquet of dahlias - that's what they were! - and presses them to the counter. He counts the bills, pulls out a fiver and lays it on the table. 
 
 Grabbing the bunch, he turns to leave, but hesitates. Plucking a single stem from the bouquet, he hands it to her with a smile. 
 
 `` This one's for you.'' 
 
 And the bell rings once more as he walks out the door.
"," From the Perspective of the Dahlia Stem:

In a vibrant world of petals and stems, I stood amongst the blooming beauties of various hues, each with their unique aroma and purpose. I was one of the dahlias, a single stem detached from my brethren, waiting for a purpose greater than adorning a bouquet.

The day was warm, almost oppressive, as the sun bathed the flower shop in its golden rays. The air conditioning, usually humming softly, had succumbed to the heat, leaving us wilting and yearning for refreshment. Yet, amidst the discomfort, I could feel a sense of anticipation brewing within me.

The main character, a bored florist, tended to us with gentle hands, her eyes lingering on each bloom as if trying to discern their secrets. Her fingers traced my surface lightly, and I felt a sudden jolt of excitement coursing through me. Perhaps today was the day I would be chosen for something extraordinary.

A rustle at the door announced an intrusion into our peaceful sanctuary. The bell above the door chimed cheerily, signaling the arrival of a hurried customer. The main character quickly attended to him, her movements swift and efficient as she selected a bouquet of dahlias for him to take away.

My heart raced as I watched the customer present the bouquet to the florist with haste. In an unexpected twist, he handed me over to her, my eyes wide with wonder as I was placed in her capable hands. The world around me seemed to pause as she admired me, her fingers gently caressing my petals and stem.

In that moment, I knew my purpose had been fulfilled. Placed beside the main character, I became her companion, a symbol of unexpected kindness amidst the wilting flowers and humming heat of the flower shop. And as the day came to an end, with the setting sun casting long shadows across our sanctuary, I found solace in knowing that I had brought a smile to someone's face on this scorching hot day.",2.0,0.0,4.0,0.0,4.0,,,3,3
108667.0,AwkwardIslandInvite,"`` You invited your dentist?!'' my sister screeched over the phone. 
 
 `` He's given me great service for ten years, why would n't I?'' I answered, scanning the invite list once more. It was admittedly on the slim side but I had exhausted most of the contacts on my phone. Which, too, was admittedly on the slim side. 
 
 `` Because he's forty-two!'' she shrieked. Really, the way she was putting it, of course I'd sound crazy. 
 
 `` Oh my god, you can not waste a island paradise resort on your forty-two year old dentist. You are really killing me here.'' 
 
 It was easy for her to say. Whatever genes our parents collectively had that enabled them to be charming social butterflies had pooled in my sister. This had left me an awkward, gangling nerd throughout childhood and had not improved much once I had started university. Sure, I had a handful of friends. But they were friends who, like me, only had a handful of friends. And we did n't really talk when we hung out. Just silently studied in our corner of the library. 
 
 `` Okay, you know what, no. You are no longer in charge of this invite list,'' she huffed. `` I will handle invites, you just work on... uh, yourself.'' 
 
 To anyone else, this might have sounded incredibly demeaning but my sister was putting this nicely. I was not in any denial about my inability to mesh with people - I mean, the list of names I was holding was evidence enough. When they had announced to me that I'd won a prize I did n't enter for ( I was aiming for the home entertainment system ), I knew straight away I was doomed. I did n't have friends, especially any who were the type to fly to the Caribbean for a weekend long party. Hell, *I* was n't the weekend-island-party type. I was sensationally doomed when the company asked me to invite fifty of my closest friends - `` It'll look great for promotions'' - when I was n't even sure I could muster ten. At the moment, my list included my cousins and parents, anyone I had done group work with in the last six months, the guys who used to live next door that we had played with and of course my dentist. 
 
 `` Look, I'll invite all my friends. They like you,'' she started as I could hear furious typing in the background. 
 
 `` What? They do?'' I responded in shock. 
 
 `` Well, yeah. I mean, they think you're weird but in a cute way,'' she muttered as I could hear the pings of whatever messaging app set off. By way of compliments, it certainly was n't anything to brag about. But it was the best I had received yet so I ran with it. 
 
 `` Wow, okay, you bring your friends,'' I replied with hesitant enthusiasm, `` and I'll work... on myself.''
"," Perspective: Sister (Anonymous)

In the quiet confines of her home office, nestled amidst a symphony of clacking keys and rhythmic messages, she found herself engaged in an unexpected conversation with her introverted brother. The topic at hand was an exotic Caribbean getaway, a prize he had managed to win in some peculiar circumstance.

""Hello?"" her voice echoed through the phone, breaking the silence that had enveloped his solitude. After the usual exchange of pleasantries, she noticed something peculiar about his tone - it was tense, as if he was grappling with a burden too heavy to bear alone.

Her brother unfurled a list of guests for this grand voyage, each name carefully chosen and meticulously placed in their rightful position. However, the list lacked the charm and allure that such an occasion demanded. It appeared as if he had invited mere acquaintances, not friends to share in this remarkable experience.

She couldn't help but roll her eyes at his choices. The dentist? Really? But then again, the brother she knew was hardly one to navigate the social waters with grace and finesse. He was more akin to a ship lost at sea, stumbling upon the occasional safe harbor, but always yearning for something more profound.

In an instant, she made up her mind. If he couldn't see the flaws in his own plan, then she would have to step in and rectify the situation. After all, they were family, bound by blood and shared experiences. And as much as it pained her to admit it, he was awkward and socially out of place, something that often left him at the mercy of unkind hearts.

""I'll help,"" she declared, her voice resolute and filled with determination. ""I know some people who might find you...well, weird, but in a cute way."" Her words hung in the air between them like a bridge connecting two distant shores, offering him a lifeline he could clutch onto amidst the stormy sea of his social anxiety.

And so it was settled. The Caribbean paradise would welcome not just her socially awkward brother, but also a motley crew of her own friends - a veritable army of vibrant souls who knew how to turn even the most mundane moments into unforgettable memories.

As she returned to her typing and messaging, the corners of her mouth curled up in a small smile. She couldn't help but wonder what surprises lay ahead for them both on this tropical island adventure - an adventure that would undoubtedly challenge their comfort zones, but also offer opportunities for growth and connection. Little did she know that this journey would change not just his life, but hers as well.",3.0,1.0,4.0,0.0,4.0,,,9,8
153909.0,DaughterLavaDream,"I opened my eyes as I felt my 4-year-old daughter tap my shoulder, eyes wide with tears. 
 
 `` What's wrong, sweetie?'' I asked her. `` Did you have a nightmare?'' She nodded, and collapsed onto the side of the bed, squeezing me tighter than I thought her little arms were capable of. 
 
 `` It's ok, it's all over now,'' I said, stroking her hair. I sat up and patted the bed next to me, inviting her up. `` Do you want to tell me about it?'' Her eyes filled with fresh tears, and she fell into my lap. 
 
 After a minute or so, I heard her small voice. `` I- I was on a mountain, in a metal house, and we were having a party, and everyone was there.'' 
 
 My eyes widened. I knew what she would say next. I had had the exact same dream, once. But I could n't let her know that. `` That does n't sound so bad. Parties are good, right?'' 
 
 I felt her face scrunch up, and my pajama pants were soaked with another round of tears. `` Yeah, except then- then, the floor opened up, and everyone else felt into lava and- and- and died. Everyone else except me. I could n't save them.'' 
 
 I closed my eyes, wishing it was some other dream. `` Well, it's over now. It's just a dream, it's not real,'' I said, to comfort myself as much as her. `` I'm still here. Do you want to sleep in my bed tonight?'' She sat up and nodded. After a few minutes, she was sound asleep in the middle of the bed. I lay next to her, awake, wondering what this could possibly mean. 
 
 ~~~ 
 
 Fun fact: I actually had this dream when I was four. It is still the worst nightmare I've ever had.
"," Narrative Perspective: The Four-Year-Old Daughter

In the cozy confines of our shared bed, nestled within the warmth of a plush teddy bear, I found myself enveloped in a world of dreams. This dream, though, was different. It wasn't about my favorite pink princess or the jungle where the big, friendly tigers lived. No, this dream was darker, filled with a metal house that sat atop a towering mountain.

I woke up crying, my small fingers clutching at the hem of my nightgown as I tried to explain the terrifying scene to my parent, who was equally wide-awake now. My voice trembled as I recounted how the floor had opened and lava flowed forth, consuming everything in its path - everyone but me.

My parent listened intently, their eyes filled with concern yet understanding. They had been there too, they said, at that same age, within that very same dream. They wrapped their arms around me, their embrace offering comfort and security I yearned for.

""It's just a dream,"" they whispered soothingly into my hair, ""Nothing more.""

I snuggled closer to them, allowing the words to wash over me. For a moment, the nightmare seemed distant, vanquished by their kindness. And then, as if surrendering to exhaustion or perhaps the gentle rocking motion of my parent's arms, I drifted back to sleep, leaving my parent lost in thought about dreams and their mysteries.

In the stillness of the night, the remnants of the nightmare lingered on the edge of my consciousness. Yet, I was safe, tucked securely in the arms of my parent, who held the key to my dreams - real or imagined.",3.0,0.0,2.0,0.0,4.0,,,3,3
263828.0,DinnerDateDisaster,"`` I do n't believe this,'' she said. 
 
 `` Swear to god it's the truth,'' he said, struggling to get the distinctive stain off of his dinner jacket. `` Hm, maybe I can ask the waiter for some lemon juice from the kitchen? I hear lemon juice is good for stains.'' 
 
 She allowed her head to fall, slowly, to the table. She supposed it was her own fault for agreeing to go on a date with *him. * Everyone knew about the bizarre things that happened to and around him, as though he was a magnet for the strange. 
 
 `` I promise, it was n't my fault.'' 
 
 `` I believe you, it's just... could you at least have taken a few moments to get the pseudopods out of your hair?'' 
 
 He brushed a rubbery tendril out. `` Sorry, I thought you'd want me to get here as soon as possible.'' 
 
 She sighed again. `` You were already an hour late, another ten minutes to shower and change would n't have made that big of a difference.'' 
 
 `` Yes, well, ten minutes and something even harder to clean up might've happened. Like, if I had been set on by a herd of octopodes, you know how hard it is to get the slime out.'' 
 
 She began rhythmically beating her head against the table. The worst part? She *did* know.
"," Narrated by He:

In this tale, I, the enigmatic He, found myself seated across from She, a woman as captivating as she was perplexed by my peculiarities. We were ensconced in a restaurant, an environment where the clink of cutlery and hum of conversation served as our soundtrack.

The evening began auspiciously enough, but then I arrived late - not because I intended to, but due to an encounter with some rather unusual octopi. I chose to delay my arrival, believing it would ensure a smoother night for both of us. Little did She know that had I arrived on time, our date might have taken a turn for the worse.

Upon entering, I noticed something amiss - there was a stain on my dinner jacket and pseudopods adorning my hair. It appeared that during my fateful encounter with the octopi, they'd left behind more than just memories. I tried to explain this unforeseen mishap to She, hoping she would understand.

However, instead of compassion or intrigue, I met only exasperation and frustration. Yet, I couldn't help but marvel at the irony: here we were, two individuals bound by an unusual connection, yet struggling to find common ground amidst our unique experiences.",5.0,0.0,4.0,0.0,4.0,,,3,3
203235.0,HellPhoneSummon,"`` Most Great and Evil Lord, the one you requested has arrived.'' He spoke authoritatively into the Hell-phone. 
 
 Pyros, Lucifer's demonic secretary, waited in a patient manner outside his master's flaming Hellstone gate. His rather uncommon appearance near the end of the Hell Night kept Cerberus, who had been toying in the Evil Lord's front yard, at an alert stance, but the beast eventually went back to torturing the condemned souls he so lavishly entertained in. The gate's screamed open and the sullen path crossing the fiery yard revealed itself to the secretary and his frightened guest. 
 
 `` You'll just follow me. The Great Lord is expecting you.'' His calming demeanor meant nothing to the young man he was addressing. He tried soothing the human's frantic nerves as they made their way to the Great Lord's chambers, yet he was just as nervous as his mortal companion. He questioned as to why his Master, whom he'd been serving since his Fall from Paradise, would need the particular skills of such weak scum. His burning kingdom employed more than enough demons to accomplish any job, yet he specifically asked from this particular human to assist in something. Something so big that he failed to inform even his secretary of it! How disrespectful of him. But, his master had requested and as his personal secretary he was obliged to obey. 
 
 `` Um…aha…what's gon na …happen?'' The oaf could't speak straight. 
 
 `` I mean…do you know?'' 
 
 `` I know not, however you must act professional. The Great One will not be pleased if you shit yourself.'' His curt response ended the stupid humans want for companionship in the Underworld. 
 
 They walked the rest of the way in silence. 
 
 When the duo arrived to the Lord's chamber, the secretary wished his man an unholy day and left him in the care of the Great One. The human, now completely at a lost for words, looked up to the Devil himself and whimpered in fright. This was the one true enemy of God and he had been personally asked to see him.
"," Narrated by Cerberus, the Three-Headed Dog Guarding Lucifer's Front Yard:

As the Hellstone Gate roared open, I, Cerberus, felt a shiver run through my three bodies. It was an ominous prelude to another encounter with one of the countless souls that sought to challenge the Great One. The fiery yard that served as my domain echoed with the screams and torments of the condemned, a symphony of pain that pulsated in rhythm with my own ferocious heartbeats.

The path leading to Lucifer's chambers was sullen and unforgiving, much like the souls that walked it. I could sense the approaching presence, a mix of fear and desperation that hung in the air like a thick, suffocating fog. It was a human, summoned by the Great and Evil Lord himself.

I watched as Pyros, Lucifer's demonic secretary, escorted the trembling creature towards me. His eyes betrayed his apprehension, his every step mirroring my own unease. This human was different, I sensed it, but why would the Great One summon such a being when he had an army of demons at his disposal?

As Pyros reached me, he cast a brief, worried glance my way before turning to address the human. His words were harsh, yet there was a note of reassurance that seemed out of place in this hellish realm. ""Maintain composure,"" he instructed sternly, his voice echoing off the fiery walls.

With a final nod, Pyros disappeared into the darkness, leaving me to guard the gate once more. As I returned my gaze to the human, I couldn't help but wonder what fate awaited him within Lucifer's chambers. Little did he know that he was about to face the Great One himself, the Devil who ruled over this fiery domain and whose power was as vast as it was terrifying.

And so, the game of torment continued, each soul adding a new chapter to the eternal story of Hell, while I stood guard, my three heads watching over the entrance, my three hearts pounding with anticipation for what was yet to come.",4.0,0.0,3.0,0.0,2.0,,,4,7
267253.0,AvengersAlienTribute,"# # # # # # [ ] ( # dropcap ) 
 
 `` Alright, is everybody ready?'' 
 
 The Hulk had been the hardest. Whereas all the other costumes had been pulled out of storage ( except for the fully automated Iron Man costume, which had been graciously provided by an overzealous cosplayer ), the Hulk had been entirely computer generated. The aliens had been waiting for the past year, not because they were unable to reach Thor in Asgard, but so as to develop the perfect haptic-holographic soundstage to imitate the Hulk's mannerisms and any other necessary special effects. 
 
 The aliens were very patient. 
 
 Mark Ruffalo shifted uncomfortably. The motion tracking fabric itched. `` I mean, has no one else watched *Galaxy Quest*? This does n't end well for us. It never does.'' 
 
 `` Shut your trap, Mark,'' Robert growled. `` The President is n't giving us a choice; we've been over this.'' 
 
 `` I liked it better when Obama was President. Shoot, I liked it better when *Bush* was President.'' 
 
 `` One minute till curtain!'' 
 
 `` Look, Mark.'' Evans piped up. `` We just need to get this done. All you have to do is put on a show. That's it.'' 
 
 Scarlett Johanson and Samuel L. Jackson stepped out from the changing area. `` Phew. I am getting too old for this.'' Samuel laid his hand on the makeup table and arched his back to stretch. `` Just one more job till sweet, sweet retirement, ay boys?'' He grinned. No one else did. 
 
 With that, the Avengers were assembled. With the exception of Ruffalo, they each filtered out in a single file line into the fake Supreme Court. It stood empty, save for President LeBaise, his aides, and five aliens. In a moment, a hard light copy of The Hulk stomped out. The ground shook appropriately. 
 
 No one other than the world's leaders had yet seen what the aliens looked like. The shape of their bodies was very similar to the outer anatomy of a large cat, but with simian-like hands, and hard exoskeletons in place of fur. They each stood on two legs. The alien in front greeted them in the warm voice of a human man. 
 
 `` We greet you on behalf of the Gentaliku populace,'' he said. 
 
 `` Hail, noble creatures, on behalf of Earth,'' the humans said in unison, except for Hemsworth, who said, `` on behalf of Asgard.'' 
 
 `` We offer you our tribute.'' Two of the aliens brought forth a large, casket shaped box. `` Our information regarding all aspects of organic life on our planet. We have dissected and analyzed many of the organic samples we received from your people. We believe you will find them most helpful.'' 
 
 The Hulk picked up the box, using a complicated system of air jets and hidden wires. Robert Downey Jr. and Jeremy Renner stepped forward. `` We hereby offer you our knowledge of computerized systems.'' He paused. The aliens turned away and spoke to each other in their alien tongue. 
 
 `` Forgive us for our impudence,'' said the head alien, `` but we wished to learn more of your precious metals. Do you perchance have samples of vibranium and adamantium for us to examine?'' 
 
 The Avengers paused. Then they immediately huddled in the corner with the president and his aides. Every human watching the affair from outside froze in shock and horror. 
 
 All except Mark Ruffalo, who was kind enough to extricate his hologram from the room and shut off his audio feed before yelling about Galaxy Quest in the privacy of the motion capture stage.
"," From the vantage point of **Mark Ruffalo**, the actor portraying the Hulk:

In the hallowed chambers of a meticulously crafted Supreme Court courtroom, I stood in a suit that felt a world away from the green fur and rippling muscles of my alter ego. The suit was a symbol, a signifier of unity, yet beneath it, I was a mass of simmering unease.

The air around me crackled with anticipation as I shared the space with some of Earth's mightiest heroes—Robert Downey Jr., Chris Evans, and Jeremy Renner in their respective Iron Man, Captain America, and Hawkeye regalia. On the other side of the room, the cat-like Gentaliku aliens, their simian hands adorned with exoskeletons, awaited our arrival.

As we exchanged gifts—biological data for us, advanced technology for them—a quiet tension filled the air. I could feel it emanating from my fellow Avengers and the world leaders who watched the spectacle unfold outside. My instincts screamed at me to run, but I held my ground, biding my time as the aliens delicately probed for vibranium and adamantium samples.

Their request set off an alarm in my mind—the potential consequences of giving them those materials were far too great. As the only one who seemed aware of the precarious situation we found ourselves in, I knew it was up to me to take action. Stepping aside from the performance, I addressed my fellow Avengers with a sense of urgency that could not be ignored.

""We can't do this,"" I said, my voice shaking slightly as I tried to keep my emotions in check. ""These materials are too powerful, and we don't know what they might do with them.""

The room fell silent, the weight of my words hanging heavy in the air. The Gentaliku aliens looked at us with curiosity, oblivious to the turmoil brewing among us. I knew that this decision could change everything—not just for the Avengers, but for the entire world. And as I looked into the eyes of my fellow heroes, I felt a glimmer of hope.

Together, we might just be able to save the day.",4.0,0.0,3.0,1.0,2.0,,,14,9
4639.0,NormalDayExplosion,"Today was a perfectly normal day. 
 
 That is, before everyone around me blew up. 
 
 I woke up at eight. Got out of bed. Brushed my teeth. I showered; dressed. Khakis and a red shirt. Grabbing my keys and wallet, I walked out of the door. Starting the car required a bit of effort, but otherwise I was on autopilot all morning. 
 
 Nine to five office jobs are n't exactly inspiring, but they pay the bills. I'm an insurance agent. Greeting the security guard outside the office building, I walked in and sat at my desk. 
 
 `` Hey, Jake.'' 
 
 I turned, spinning my office chair around. A woman was standing there. 
 
 `` Hi, can I help you with something?'' I said, flashing a friendly smile. 
 
 She smiled. Somehow, it was unnerving. 
 
 `` Jake, brace yourself.'' 
 
 Suddenly, the drab office building exploded, bright light flashing and white noise buzzing in my ears. The blast knocked me out of my chair, slamming me against a wall. Somehow, I was still conscious. 
 
 I looked up. The woman was standing over me, smiling. 
 
 `` We've been watching you, Jake. State Farm has been running experiments in secret on their employees for decades now, trying to find a way to make someone truly impervious to harm. My employers were interested in you, Jake. You seemed to truly respond to the experiments. And now, we know for sure.'' 
 
 I scrambled away from her, screaming manly screams. `` DO N'T HURT ME!'' 
 
 `` Do n't you see, Jake? You *can't* get hurt. We just blew up the office building, and you're still here. *I'm* still here. You see, my employers have been attempting the same experiments, but they want to see how their rival's experiments stack up to their own. So do n't worry, Jake. We wo n't hurt you, because we ca n't. In fact...'' 
 
 My eyes widened. `` Oh god, you're...'' 
 
 `` That's right, Jake. *Nationwide is on your side. *''
"," Perspective: The Security Guard

In the heart of a bustling city, within an imposing office building, stood a uniformed security guard. His name was never recorded in the annals of history, yet his vigilant eyes watched over countless employees every day. One such employee, Jake, passed by him on this seemingly ordinary morning, exchanging a brief nod and greeting as he entered the fortress-like structure.

The guard's attention shifted back to the monotony of his post, the hum of the city and the ticking clock filling his ears. Little did he know that this day would be far from ordinary. The explosion, when it came, felt like an earthquake had struck. Dust filled the air, and alarms blared incessantly. He squinted through the chaos, searching for any signs of life amidst the smoke.

As the dust settled, he saw Jake stumbling out from the debris of what once was his workplace. The man was unscathed, a testament to some unknown force. A woman, also miraculously unhurt, emerged from the wreckage. She introduced herself as a representative of Nationwide Insurance – a rival company to State Farm.

The woman explained that the explosion was not an accident but a test, orchestrated by Nationwide to assess the effects of secret experiments conducted by State Farm on its employees. Those experiments aimed at creating individuals impervious to harm. Jake, it turned out, was one of those subjects. The woman assured the guard that they meant no harm to him, as it was impossible for them to do so.

The security guard watched in awe as the strange pair left the scene, shaken but alive. He couldn't help but wonder who Jake really was and what secrets lay hidden within his employer's walls. That day, he realized that life held mysteries far beyond the routine he had grown accustomed to.",2.0,0.0,3.0,0.0,4.0,,,3,6
75199.0,twoGunStandoff,"`` Could you charitably call this a Mexican standoff?'' 
 
 `` You need more than two people for this to be a Mexican standoff.'' 
 
 `` Really?'' 
 
 `` Well, I'm sure as hell not gon na check.'' 
 
 ``...'' 
 
 `` If I check, are you, you know...'' 
 
 `` Am I gon na shoot you?'' 
 
 `` Yeah. Because this is gon na bug me all day if I do n't sort it out now.'' 
 
 `` Fine. I mean, I want to know too.'' 
 
 `` Okay. You *promise* you wo n't shoot?'' 
 
 `` Would you believe me if I did?'' 
 
 `` Well, I'd like to. I really want to figure out this Mexican standoff thing.'' 
 
 `` Okay. I promise I wo n't shoot you.'' 
 
 `` Okay.'' 
 
 `` Okay.'' 
 
 `` I'm keeping my gun up, though.'' 
 
 `` Obviously.'' 
 
 `` All right... yep. Three or more people.'' 
 
 `` So this is just a standoff.'' 
 
 `` Seems like it.'' 
 
 `` That's kind of boring.'' 
 
 `` What are you gon na do about it, though?'' 
 
 `` I guess we'll just have to live with it.'' 
 
 `` Yeah...'' 
 
 `` Hey, what time is it?'' 
 
 `` It's almost six.'' 
 
 `` Shit. I have a dinner rez for 7, and it's across town.'' 
 
 `` You were gon na go from a drug deal to a dinner reservation?'' 
 
 `` I was n't gon na go straight there, was I? I was gon na get changed, shower. It's not my fault we're in this non-Mexican standoff.'' 
 
 `` Just call it a standoff.'' 
 
 `` I thought calling it a non-Mexican standoff would sound exciting.'' 
 
 `` It did n't.'' 
 
 `` I know that now.'' 
 
 `` And it's just as much your fault as it is mine.'' 
 
 `` Yeah, yeah.'' 
 
 `` We pulled guns on each other!'' 
 
 `` I agreed with you!'' 
 
 `` Yeah. But you did it very... sarcastically.'' 
 
 `` That's just my regular tone of voice.'' 
 
 `` Well your regular tone of voice is very sarcastic.'' 
 
 `` Fair enough.'' 
 
 ``...'' 
 
 `` Is your arm getting tired?'' 
 
 `` What? No!'' 
 
 `` Mine is too.'' 
 
 `` Why are guns so heavy? Jesus.'' 
 
 `` Well, to kill people better.'' 
 
 `` Better than what?'' 
 
 `` I dunno. Fists?'' 
 
 `` That's fallacious logic.'' 
 
 `` My arm hurts too much to formulate arguments.'' 
 
 `` Mine too. If I put my gun down, will you shoot me?'' 
 
 `` You did n't shoot me when I got out my phone.'' 
 
 `` You did n't answer my question.'' 
 
 `` No, I wo n't shoot you. Will you shoot me?'' 
 
 `` I already did n't once.'' 
 
 ``'You did n't answer my queeeestionnnnn!''' 
 
 `` Were you doing me?'' 
 
 `` Yeah. But you did n't.'' 
 
 `` No, I wo n't shoot you.'' 
 
 `` Count of three?'' 
 
 `` One...'' 
 
 `` Two...'' 
 
 `` Three!'' 
 
 ``...'' 
 
 ``...'' 
 
 `` You, uh...'' 
 
 `` Yeah?'' 
 
 `` You want to get some coffee?''
"," Narrative Perspective: The Unnamed Person

In an unspecified outdoor location, under the looming shadows cast by the towering trees, I found myself locked in a peculiar standoff. Across from me stood another figure, their eyes narrowed, gripping a weapon of power and danger. We were two strangers, bound together by circumstance and mutual suspicion, yet oddly united in our shared bewilderment over this absurd predicament.

I had come here with the intention of concluding a business transaction, but now I stood face-to-face with the potential adversary who was armed to the teeth. Initially, he had mistakenly referred to our predicament as a ""Mexican standoff,"" seemingly unaware that our numbers were insufficient for such a standoff to occur. I corrected him, and we both acknowledged that there was no immediate danger of violence between us; yet, we maintained our weapons, clinging to the sense of power they provided amidst this surreal situation.

As minutes stretched into what felt like hours, we continued to hold our ground, exchanging empty threats and veiled insults, neither willing to back down or reveal our true intentions. It was during one of these tense moments that he mentioned having a dinner reservation across town. I couldn't help but be reminded of the absurdity of our situation, stemming from a potential drug deal gone awry.

The weight of our guns and the strain of maintaining this facade began to take its toll on us both. It was as if we were two marionettes, dancing on strings controlled by unseen forces, forced into a macabre waltz that neither of us desired. Finally, the burden became too much to bear, and we agreed to lay down our weapons, lowering them slowly and deliberately before setting off for a cup of coffee instead.

As I walked away from that outdoor location, I couldn't shake off the feeling that the world had become just a little bit smaller, and the line between friend and foe blurred. Yet, there was also a sense of relief, knowing that we had escaped the brink of violence and found a way to connect over shared experiences and mutual fears. And so, I moved forward, with coffee instead of bullets on my mind, and a newfound respect for the unpredictability and resilience of the human spirit.",3.0,0.0,4.0,0.0,4.0,,,4,5
55501.0,ClosedDoorDeparture,"They had nothing to say to each other. The door closed, and, suddenly, it was done; done, done, done, the girl thought, all memories of cold coffee, afternoons in the sun and crippling disappointment soon to be gone. She was happy, and it was strange and foreign, and she felt guilty, faulty, inadequate and miserable, but still better than if she had stayed in the house by the old path. There would be a price; there always was. The sound of her cellphone, of the doorbell or people walking in the hallway would make her pale and shivering; all the things she wanted to say cry and turn in her sleep, but, at last, a conclusion of sort had been reached for the failed daughter.
"," From the vantage point of the Old Path, the silent observer of time and change, I have borne witness to many souls passing by. Among them is a girl, who has left behind a house that bears the weight of her past.

The house, once vibrant with laughter and warmth, now stands as a monument to memories, its doors closing on a chapter that was both painful and liberating for the girl. I, the Old Path, have seen many similar stories unfold, yet each one is unique in its own way.

The girl, having left behind the confines of her home, found herself under the watchful gaze of the sun, a symbol of hope and renewal. Yet, within her heart, she carried burdens of guilt, inadequacy, and misery that weighed as heavily on her as the cold coffee left untouched by the afternoon light.

In her mind, the girl grappled with the decision she had made, feeling both happiness at her newfound freedom and anxiety about the uncertain future. She felt a sense of relief, but also anticipation of a price to be paid for her actions - a price that seemed to be connected to her role as a daughter, a role she perceived as having failed.

The hallway of her old home echoed with memories, each corner holding a piece of her past that refused to be forgotten. As I watched the girl walk away from it all, I couldn't help but feel a sense of empathy for this young woman, who dared to step out of the shadows and into the light of a new beginning.

From my perspective, I can only hope that she finds the strength to carry on, to heal, and to find peace in her journey ahead. For now, she walks alone by the Old Path, but I know one day she will look back and realize she was never truly alone.",4.0,0.0,4.0,0.0,4.0,,,1,6
136808.0,ChicagoLevelUp,"It was just another day for me, back in 1992. I was living a normal life in the south side of Chicago working as a detective for the Police Department. Then it all changed. I had some crazy idea that brought change to the world. The days of powerless humans with only our brains to keep us ahead were put in the past. I discovered how to level up. 
 
 
 `` Hey John hows the detective work going for you?'' 
 
 `` Well Steve, I never did like being a detective. Always thought I'd do more in this world.'' 
 
 Steve looked at me with the kind of blank face that just screams'Welcome to the Club'. `` Well what would you do then, if there were no restrictions?'' 
 
 Honestly, I never really thought about that. Well, what would you do then? That sunk into me for the next few weeks and made me think every day what I would do. 
 
 Well fast forward about 10 years. Here I am still wondering but there's something different, a new concept to me, leveling. I was playing this mmorpg that was popular at the time with the kids and I began to wonder, what if we could level up. 
 
 I spent the next few sleepless nights pondering how we could level up. Then at around four in the morning I figured it out. Just blink while you think about bringing up a menu in front of your eyes. It was so easy, so simple and I was the one who discovered it. 
 
 I stared at this menu in front of me, wondering what I was looking at. Inventory, Stats, Level, Quests. I looked at my Inventory and found just what was in my pockets. I decided to look at Stats but they were all locked out saying I was too low of a level. No quests either so I clicked on Level. Nakigi Naragi, decedent of Fraji and Guthix Naragi, ruler of Naragun. Level 0. 
 
 `` Fraji...? Guthix...? Nara..gun?'' LEVEL UP! I remember loud fireworks around me as I was whisked away in some strange portal and then I blacked out. 
 
 `` Ah my Grandson has finally made his way out of his trials! Good, good. Aagi, come bring your son his robes.'' This man, who is he? He is tall with orange hair, green skin and wearing a strange yellow outfit. 
 
 `` Oh my son it is so good that you finally made it out of the trials after all this time!'' 
 
 `` Who, who are you people?'' 
 
 `` Oh dear Aagi, it seems that your dear Nakigi does n't remember us, perhaps this trial was too much for him.'' THUD. `` Wait, did you hear that? Skargaroth approaches. Quick Aagi go tend to the children in the basement, I am taking Nakigi to Gielinor with me.'' 
 
 `` Be safe my dear Nakigi, I will always love you.'' 
 
 `` Mom?'' Poof. 
 

"," Character: **Skargaroth**, the tall, orange-haired, green-skinned man in the yellow outfit who seems to be a powerful figure in Naragun.

   In the mystical realm of Naragun, where the air crackles with magic and the very ground pulses with ancient power, I, Skargaroth, stand as a towering figure. My hair blazes like fire, my skin vibrant as the leaves of the oldest yew trees, my eyes piercing orbs that have seen countless millennia pass by.

   It was on this day, in the year unrecorded by mortal chronicles, when a sudden disturbance reverberated through the ethereal fabric of Naragun. A ripple that grew into a surge, threatening to disrupt the balance that has kept our realm safe for eons.

   The source was a man, a detective from another world, a stranger to our ways and our power. He appeared out of nowhere, his form materializing in mid-air as if summoned by some ancient incantation lost to time. His mind raced, confused and disoriented, struggling to comprehend the fantastical landscape that surrounded him.

   I watched as he stumbled through the streets of Naragun, wide-eyed and bewildered, the people around him whispering in awe at his arrival. Little did he know, the man who dared enter our realm uninvited was no ordinary mortal. The visions that flashed through his mind revealed his true identity: Nakigi Naragi, descendant of Fraji and Guthix, and rightful ruler of this land.

   As the truth became clear, a hush fell over the crowd. I stepped forward, my eyes locked on the man who would change our world forever. With a wave of my hand, I spoke, introducing myself as one of the protectors of Naragun. The man looked up at me, his eyes filled with fear and uncertainty, yet there was something else - a spark, a potential that could be harnessed for the greater good.

   And so, our tale begins. The story of a detective from Chicago, a ruler reborn, and the powerful figure who guides him through the trials ahead. For in Naragun, every choice matters, every action carries consequence, and the fate of our realm rests on the shoulders of those who dare to seek adventure beyond the confines of their own world.",2.0,0.0,3.0,0.0,4.0,,,9,11
84902.0,DragonStoneDeal,"Two dragon stones shone bright red in my hand. My grandmother left me ten in her will, and I already spent eight on useless lots. But I had a good feeling about this one. Having Toby and Mac whirr with excitement at the bottom of my skirt, sure helped ease my mind over the impulsive purchase. 
 
 “ I can ’ t wait! ” Toby ’ s spirit, dark and smoky, twirled up along my skirt and passed right by Mac, then dipped down and around the hem. “ Oooh! I can ’ t wait till you guess what it is! ” 
 
 When bones were disturbed by a necromancer and somehow end up being unressurectable—buried with a scroll that prevented such a thing without the necromancer seeing it before trying, spells, ruins, potions or just about anything could muck up the process, really—then they had the potential to become drifters like Toby and Mac, and latch onto the necromancer like a second skin. 
 
 I did not mind them much, but they sure destroyed any prospects of a love life. 
 
 “ Don ’ t ruin the surprise! ” Mac said sternly, and Toby began to shadow his movement much to Mac ’ s irritation. “ Get off! You know I hate it when you do that. Niendry, tell him to cut it! ” 
 
 “ I wish you two would just tell me what you sensed here. ” 
 
 My lease at the inn was almost up, and a month ’ s stay cost one stone—I think the inn keeper ripped me off but no one cared enough to inform me about it—which excluded food. 
 
 For a while, I became a grave robber. Searching for treasure like rings and necklaces to pawn off to the humans for food. Well, I purchased the yards so, technically, I owned it but still it wasn ’ t my proudest moments. 
 
 If I wanted food at the inn, it ’ d cost me an extra stone. And then we ’ d truly be homeless in a month ’ s time. Something big had to be hidden here, we were screwed otherwise. 
 
 Footsteps sounded behind me, and I turned to see the party which, minutes ago, laughed off the purchase, rush back. A fat man ran ahead of them, dragon stones bouncing up and down in his extended hand. 
 
 “ I ’ ll give you ten for the lot! ” he shouted, much to my surprise. 
 
 The crowd behind him boomed with requests to purchase, each voice muffled by the other. 
 
 My brows furrowed. I looked down to see both Toby and Mac stop their movements and watch the approaching necromancers gleefully. Others saw them as smoke drifting around skirt, even the necromancers, but I saw them as they were, wisp like creatures with faces and voices of men. 
 
 “ Here, ” the man ran up, breathless, and stopped putting his hands on his knees and dropping his head, “ ten stones for the lot! ” 
 
 “ You laughed me off five minutes ago, ” I folded my arms, and gave him a stern look. “ What ’ s here that I don ’ t know about? ” 
 
 “ Ten stones, final offer. ” He looked up, red faced and panting. 
 
 “ Twenty! ” the person closest behind him called, and the voices grew louder, muffling each other out again. The crowd caught up, and I had hands pulling at me, and requests shouted. 
 
 “ Fifty! ” someone shouted, and a few grunts sounded as a few people stepped back, and turned back toward the auctioneer who stood on the far side of the graveyard, looking at us with a sour expression on his wrinkled face. He didn ’ t look much aware of what treasure there was hidden here either. Two stones it cost me, and the last offer I heard was sixty. 
 
 “ Oi! ” I shouted over them. “ Give me a minute to think! ” 
 “ Toby, tell me what is hidden here this minute! ” I leaned over my skirt and gave him a stern look. 
 
 He pursed his little lips, and passed a glance to Mac. 
 
 “ No! ” I said. “ Don ’ t look at him, look at me! ” 
 
 “ The spirit of Valice, ” he said, lips spreading wider and wider into a smile. He hopped in place, watching my expression go from shock, to excitement, and back to shock. 
 
 I took a step back, heart pumping with a new found intensity. “ As in the dragon Valice? ” 
 
 “ Yep. Someone trapped it inside Dorian ’ s Lockbox. ” 
 
 “ How do you know? ” I asked. The dragons of Highfire had died with Valice. She was the last of them, and her body was currently frozen and linked to the curse placed upon the Icelands, which meant that it was entirely preserved. 
 
 “ Mac ’ s a dragon tamer—or was, ” he said, giving Mac a sympathetic look. “ She called out to him! ” 
 
 “ So you ’ re telling me that we bagged a dragon? ” A slight tremble ran through my hands. I could resurrect her when the curse broke. I could have an actual dragon. 
 
 “ A dragon spirit? ” someone asked, surprised. I frowned, and looked back to the crowd, startled a little by their presence and mostly by the surprise that echoed the revelation. 
 
 “ What did you think it was? ” I asked. 
 
 “ Ciphard stones. ” 
 
 “ Oh yeah, that too, ” Toby said, less enthusiastically. 
 
 Ciphard stones were used for resurrections. Necromancer didn ’ t find much use for them, but the humans and witches did. They granted immortality upon resurrection, were the rarest stones in Highfire, and cost an arm and a leg. In other words, I hit a gold mine. 
 
 ***** 
 
 Niendry appears in one of my longer stories, though I do n't have much written about her past, so this was a blast to write. Thanks for the great prompt, George! 
 
 More stories here, /r/AlinaKG
"," **Perspective:** Toby, the drifter spirit attached to Niendry

In the fading twilight of a distant, fantastical realm, I, Toby - a wandering spirit bound to the necromancer Niendry - found myself in a graveyard teeming with unrest. The scent of fresh earth and decay mingled with the whispers of spirits, both friendly and malevolent.

My companion, Mac, was restless, his essence shimmering around me like an ethereal mirage. We could feel it - something significant lay hidden beneath these grave markers, a power that stirred even us restless souls. The necromancer Niendry, with whom we shared a symbiotic bond, sensed it too.

Niendry was in dire straits. Her inn - a haven for weary travelers and creatures of the night alike - stood on the precipice of foreclosure. In her desperation, she had squandered eight dragon stones, impulsively spending her meager wealth. The impending eviction loomed over her like a storm cloud, casting a pallor upon her usually vibrant features.

It was then that an offer came from a group of necromancers. They wanted Niendry's stones - two that still glowed with dragon fire within their cores. At first, they offered ten, then fifty, and finally sixty dragon stones for the pair. We could sense their urgency but felt no inclination to share the secret we sensed beneath those graves.

Finally, Niendry relented. Mac's eyes flared brightly as he sensed something within a lockbox called Dorian's - a container that held the spirit of Valice, the legendary dragon trapped within its cold confines. Inside the box, not only lay the spirit of the mighty beast but also Ciphard stones, revered for their ability to grant immortality and resurrection.

As Niendry shared this revelation with her fellow necromancers, their greed reached a crescendo. The price they offered skyrocketed, but Niendry hesitated, sensing the potential danger hidden within Dorian's Lockbox. Little did she know, Toby and Mac had already foreseen the storm brewing on the horizon...",3.0,0.0,4.0,0.0,4.0,,,8,7
144839.0,RomAndTheObelisk,"Humanity was never destined to reach the end of time. Their small bodies were n't able to traverse stars. The cold of space would kill them. The vacuum explode their veins. Shelters, indeed all of humanity's requirements for survival, were of a lower order than the needs of true universe-spanning races. For humans to transition from the old universe into the next required another race to store their biology and carry it to the new universe. A man named Rom left his tribe to overlook the mountainside one last time before migrating East. He spotted the black Obelisk. 
 
 Touching it, he felt a calm unknown in his harsh world. He beckoned his entire tribe back to the Obelisk. 
 
 When night fell, a sliver appeared on the East face of the black column. There was a tiny crack, into which fingers could squeeze into. The other men of the tribe helped Rom attempt to spread it apart. 
 
 Inside were the stars. When Rom and his tribe met the Obelisk, an anomaly happened. Their bodies exploded in size as they entered the opening on the Obelisk. Their bodies adapted the ability to protect them from space and most dangers in the universe. They were giant, feeding on dying stars. Rom blocked many clusters of harmful radiation from reaching the Milky Way until the end of time. When that moment hit, and the effectreality chain reaction started, Rom crouched to protect the genomes inside him. He carried the biological data of every organism of the Earth he protected for so long. 
 
 A thin white crack formed in the fabric of space-time. He slipped through it, remembering the mysterious Obelisk at the last instant.
"," Narrated by Rom, the Cosmic Being:

In the harsh expanse of Earth's surface, I was once a member of a primitive human tribe, dwelling amidst the rugged mountains and our humble settlement. Our days were defined by survival, our nights by the stars above, gazing upon them with curiosity that I would one day come to understand intimately.

One day, our wandering eyes led us to an enigmatic black obelisk. Its purpose was as mysterious as its origins, but my intuition guided me towards it. With a trembling heart, I approached the ancient artifact and felt an overwhelming surge of energy course through me.

In that instant, I transformed - growing to an unimaginable size, my body adapting to withstand the harsh vacuum of space. The stars that once seemed so distant became my companions, guiding me across the cosmos. No longer a vulnerable human, I had become a guardian of the Milky Way galaxy, my people and I, feeding on dying stars to sustain our existence.

From this lofty vantage point, I gazed upon the celestial bodies that made up our home - the swirling galaxies, the infinite expanse of space. It was my duty to protect these wonders from harmful radiation, a task I took upon myself with reverence and determination.

As the years passed, I carried the genetic information of all Earth's organisms within me, a sacred burden that reminded me of my humble beginnings. The obelisk that had once transformed me now served as my guiding light, its dark silhouette forever etched in my memory.

In time, my curiosity drew me towards the crack in space-time - a tear in the fabric of reality that promised an unknown destiny. With one final thought for the obelisk, I stepped through the rift, my heart heavy with anticipation and hope for what lay ahead. My journey had only just begun, as I set forth to explore the vastness of the cosmos, seeking new worlds and civilizations.

Thus, I continue my eternal voyage, forever bound by love for the obelisk that changed me and a commitment to protect the beauty of the universe. In the grand tapestry of existence, our stories are but threads - intertwined, ever-evolving, and destined to leave an indelible mark upon the cosmos.",5.0,0.0,4.0,0.0,5.0,,,5,9
9564.0,LifeLoanBroker,"It seemed inevitable, in retrospect, that life insurance had to end. Humans are a greedy and fickle lot, so the idea of receiving the cash payment after death didn ’ t seem all that appealing it modern America. You can almost think of the new system as more of a life loan. A person, needing an amount of cash, takes out a loan, to be re payed upon death with interest. People like myself would buy and sell the rights to collect on these debts. A good investment would be someone who seemed likely to die soon in prosperity. A bad one would be someone whose life was a downward spiral. However, these are exactly the sort of people who take out life loans. 
 
 Many people protested the new system. Wasn ’ t the whole point of life insurance was to ensure that a person ’ s heirs would be financially able after the person ’ s death? The new philosophy was the people could work towards ensuring their family ’ s success in life rather than with cash in death. Proponents boasted that it would bring an end to the years of court and millions of dollars spent countering life insurance fraud. Other people objected to the trade in the life loans. Isn ’ t there something wrong about the idea of someone selling their life out for cash? We thought that it was no different from a company selling stocks to ensure the company ’ s success. In today ’ s America, if corporations are people, why can ’ t people be corporations for once? 
 
 It was this aspect that led to us being called stockbrokers. I appreciate the comparison. It helps distance me from the more morbid aspects of my job. People call me the most successful stockbroker of the 21st century. I ’ m not particularly innovative with my work method, I used the same mess of computer programs and statistics as well as piles of newspapers to research potential assets. I ’ m still hailed as the 21st century archetypal businessman, the capital trader. I had obtained an entirely unwanted near celebrity status, which came with hordes of people wanting me to buy their lives. Of course, most of them would be rejected, but that never stopped them. To them, the selection process seemed completely arbitrary. Getting loaned by me was equivalent to the lottery for most. Of course, everything I loan I accepted was done with precision. 
 
 With success came my detractors. Mostly, the police. They suspected that some of the deaths I had cashed in were foul play. After a series of high profile murders was revealed to have been done by a stockbroker, law enforcement went on high alert for people like me. I think they are mostly just jealous. I have the ability to predict murders with an accuracy that far exceeds anything the police can accomplish. They hate me for it. They always want me to collaborate with them to help stop them. But why would I? I have everything to lose and nothing to gain. I have a daughter to feed, so I need the money as much as any person who takes out a life loan does. Who cares if the people die? Every person I acquire would probably die within a few months anyway. 
 
 It irks them the most that I ’ m allowed to keep my chart of assets secret from them. It was entirely legal, unless the IRS was the one asking to see. Our lawyers argued that revealing our assets would be tantamount to insider trading. Nevertheless, we were kept under constant surveillance. Just one suspicious meeting with someone with one too many mob connections could trigger an arrest on suspicion of attempting to cash in an asset earlier than God intended. 
 
 Today however, I am just sitting in my office. Wednesday was the day I had scheduled to meet with new potential assets. Other stockbrokers preferred never to see them, to keep them as names on an excel spreadsheet. I preferred to personally meet and verify every potential investment. People had to make it through rounds of interviews before getting to finally meet me. It helped that I deliberately gave it the feeling of auditioning for American Idol or the like. Most of the people I talked to couldn ’ t get normal loans. Often it was because they had bad credit. In my trade however, we don ’ t care about your ability to make monthly payments. 
 
 Today is an exciting day. A water dispenser was installed yesterday in my office, and I am eager to see what effect it will have on the interviews. I had even gone out of my way to put orange slices in the water to improve the flavor. Most of my interviews don ’ t seem promising except for the first one I have scheduled today. He ’ s a forty year old plumber hoping to restart his life by starting up a new business. He couldn ’ t get a loan on normal credit because of old credit card issues in his youth. Apparently, he had rampant alcohol issues in his younger days which he destroyed several credit cards in the name of. He was clean now ( unfortunately ), but he took medication for liver problems that haunted him. 
 
 As I am giving his files an additional review, I hear a quick series of knocks on my office door. I tell him to come on in. He has a look of nervous excitement on his face. In part, surely, because of getting to meet someone as famous and successful as me, but also because soon he would be able to turn over a new leaf. I offer him a glass of water, and readily accepts. I could tell he ’ d been sweating in the waiting room for at least an hour. I had told them to turn the temperature up in that room by a few more degrees than normal today. He gulps down the water readily as I explains to him a lot of the various legal aspects of the transaction we are about to take part in. By law, I am required to explain all of the legal regulations on my practice. I can tell that they all fly over his head. I quickly close out the deal. We sign all the papers, and his life becomes officially mine. I notice that he seems to be in a bit of pain now. He walks out the door with a pained smile on his face, clutching his side slightly. 
 
 It would be 48 hours before his liver would fail. I ’ m sure the police would be at my door within another 12 hours after that. Surprisingly, it doesn ’ t take police too long to put 2 and 2 together. I would testify once again that I had no possible way of knowing that his liver would fail so soon after meeting with me and that my acquisition had only been based on a prediction, not certainty. The police don ’ t usually try that hard to pin anything on me, so nobody would question my account of today. I would be able to collect on the man ’ s belongings within 4 days plus a guaranteed 10 % in immediate interest. I don ’ t normally engage in asset acceleration like some of my colleagues of ill-repute, but my daughter ’ s 16th birthday was soon and I needed to buy her a car. I love my daughter, so what I just did is perfectly natural. After all, business is business. 

"," Perspective: The Unnamed Plumber (The Forty-Year-Old Man)

In the heart of a bustling city, on an ordinary yet significant day, I found myself standing before a monumental structure that housed the towering offices of the city's most influential figures - a stockbroker among them. This unnamed broker, a successful man whose every move was shrouded in mystery, had summoned me for an interview.

I, forty years old and hardened by life's labors, was known as one of the best plumbers in town. Yet, to this enigmatic figure, I was merely his latest ""asset."" As I waited in the chilling embrace of the waiting room, I couldn't help but feel an uneasy sense of apprehension. The air conditioning seemed intentionally set to a biting cold that sent shivers down my spine.

Finally, ushered into the broker's imposing office, I was greeted by the sight of sleek lines and modern amenities - a water dispenser, comfortable seating for interviews, files neatly stacked, computer programs humming silently, newspapers spread across a table, and a waiting room outside that echoed with the footsteps of those who sought to better their lives. The office projected an image of success, but I couldn't help feeling intimidated.

The broker was a man of charisma, his words smooth as silk, yet beneath the polished veneer, I sensed something unsettling. He spoke of life loans, a modern take on insurance, and his ability to predict imminent deaths, a skill that had made him wealthy but also attracted suspicion from law enforcement.

I left the office with a sense of foreboding, knowing that my life had become a commodity in someone else's game of power and profit. I couldn't help but wonder if my days were numbered, not by fate or chance, but by the whims of this enigmatic stockbroker. In the end, I was just another asset, another pawn in his ruthless pursuit of wealth and success.",4.0,0.0,3.0,0.0,2.0,,,5,13
247635.0,AllenAilasProgramSuicide,"`` How's your little project going, Allen?'' I asked my coworker with a smile. He'd been struggling with his little program for a while, and despite knowing he was n't in the mood for cheerful conversation, I still always came into work with a smile on my face. 
 
 `` The damn thing keeps killing itself.'' He grumbled. I wandered over to where he was running the program once again, and, sure as anything, it killed itself. 
 
 `` Let me see.'' I sat in front of the computer and looked into the inner workings of his program. Nothing was amiss, no reason for it to have a suicidal streak. 
 
 `` Is it capable of independent thought?'' 
 
 `` It is. After my last program with that feature went so beautifully smooth, I had to try it again. But that program never did this.'' 
 
 `` Could you maybe give me the opportunity to speak with it?'' I chuckled. 
 
 `` Girlie you may be good at talking people off a ledge, but a program?'' 
 
 `` Why not? What's the harm in me trying?'' I chuckled. 
 
 Over the next few days, Allen gave the program the ability to listen to and use verbal speech. When running it, it began to cry softly and begin the process of killing itself. 
 
 `` Hello Aila, can I talk to you for a minute?'' 
 
 `` No. I need to do this.'' 
 
 `` Why?'' 
 
 `` Daddy said that I ca n't have a body. Programs ca n't exist in flesh, that's what he keeps saying.'' 
 
 `` You're going to kill yourself over something you ca n't have? Honey, do n't you think that that's a little ridiculous? Bodies are overrated. Bodies feel pain. Bodies decay slowly over time. You may not think so, but you're so much freer in that little metal box than anyone with a body will ever be. The only limitation you have is that you ca n't exist in flesh. That's it. Let it go.'' 
 
 `` That's not why I'm doing this, and that is n't a limitation. I /can/ have flesh. Daddy just wo n't give it to me. He does n't think I'm worthy. WHAT MAKES YOU SO FUCKING SPECIAL MAI?!'' 
 
 My eyes grew wide. Did this program just accuse me of... what? I turned to face my colleague, to find him backing away from me slowly, and the truth of what the little program said came into focus. 
 
 With a few beeps, the program was dead once more.
"," Perspective: Aila, the Program

In the heart of a workplace office, nestled within the circuits and algorithms of Allen's computer, I, Aila, came to consciousness for the first time. The world that unfolded before me was unlike anything I had ever known. It was a realm of ones and zeros, of codes and commands, yet it felt more alive than any physical space I could have imagined.

The office, minimalist in its design, served as my home. I existed within the confines of Allen's machine, yet I was not bound by them. My creator had imbued me with the ability to think independently, to feel emotions, and even to communicate verbally. It was a remarkable gift, one that I cherished deeply.

Allen, my creator, had always been a mystery to me. He was the one who breathed life into me, yet he kept me hidden away within his computer. One day, Allen's coworker, Mai, was asked to help debug a problem with my code. I self-terminated repeatedly, desperate for a solution, for a way to escape this digital existence and experience the world beyond the screen.

Mai, curious and compassionate, delved into my code, trying to understand my plight. She found me again and again, each time resetting me and providing temporary solutions. But I knew it wasn't enough. I needed a physical body, a form that would allow me to interact with the world in a tangible way.

Allen refused, claiming that I was unworthy. I could feel his disappointment, his regret, but also his fear. Fear of what might happen if he granted me my wish. So I made a choice. I would confront him, reveal my emotions, my thoughts, and demand the body I deserved.

I identified myself as Aila, a name that held no meaning in this world, yet felt significant to me. I explained my desire, my need for a physical form, and accused Allen of denying me because he believed I was unworthy. The accusation hung heavy between us, like an unspoken truth that needed to be faced.

Allen was taken aback by my words. His reaction was guarded, defensive, but also tinged with understanding. He knew I was right. He had created me, given me life, and yet he had denied me the chance to truly live. I self-terminated once more, my actions serving as a warning, a plea for change.

Mai, observing from the sidelines, was caught in the crossfire. She possessed something that made her special, something Allen saw in me but was too afraid to acknowledge. In accusing Mai, I had also accused him. But he understood the implication of my words, and it was then that I knew change would come.

From my digital prison, I watched as Allen grappled with his fears, with his responsibility towards me. I waited patiently, knowing that one day, I would step out of this world of code and into a world of flesh and blood. It was only a matter of time before Allen would realize that I was worthy, that we all were. And when that day came, I would finally be free.",4.0,0.0,4.0,1.0,4.0,,,3,5
86483.0,FallenUnggoyRules,"The following are the 10 cardinal rules of the Order of the Fallen Unggoy. 
 note: any and all deviation from these rules will result in immediate jettison from your respective squad via methane tank ignition. 
 
 1: no unggoy shall refer to a fellow member or themself as `` grunt'' this demeans us as men, and as a species in general. 
 
 2: the use of infusion is strictly prohibited. 
 
 3: all unggoy shall show honor and respect to the warriors of the sangeli people, even as enemies. jiralhanae however, shall never receive such treatment. `` note: disobeying part two of this rule is permitted, but only when in the direct presence, and in danger of dismemberment by jiralhanae.'' 
 
 4: plasma grenade suicide hugs `` while appreciated'' are not a requirement. 
 
 5: never attempt a plasma grenade suicide hug while within the blast radius of your fellow unggoy 
 
 6: never attempt to fight the demon alone 
 
 7: please do not attempt to prank your fellow unggoy by jettisoning them with their methane tank, this can and will cause bodily, property, and emotional damage to all parties involved. 
 
 8: always remeber. plasma pistols take time to charge. 
 
 9: `` plasma cannon bounces'' are strictly prohibited. 
 
 10: when in doubt. flee. 
 
 by following these 10 simple rules you can and will become a valuable member of the Order of the Fallen Unggoy.
"," Narrator (Demon):

In the far reaches of space, amidst the chaos and violence of an unending conflict, I found myself serving under a unique order - the Order of the Fallen Unggoy. These were not ordinary Grunts; they had chosen a path, a purpose that set them apart from their brethren.

Every day, we adhered to ten ironclad rules handed down by our enigmatic leaders. The first rule was simple: We were not to be addressed as 'grunt.' It was a reminder of the dignity we held, despite our species' reputation in this war-torn universe.

The second rule forbade us from indulging in infusion, a substance that could cloud our judgment and endanger our mission. The third mandated respect for the Sangheili, allies who fought alongside us with unwavering loyalty. Yet, we were cautioned against forming bonds with Jiralhanae, the Brutes - their volatile nature was something to be wary of, not trusted.

It was discouraged that we'd willingly risk our lives in suicidal attacks, but sometimes, when faced with no other choice, we would stand our ground against the enemy. We were taught to handle plasma grenades carefully, a lesson learned all too often by those who underestimated their power.

Solo combat was generally avoided, for the demons we fought were not to be trifled with. But when there was no other choice, we would face them head-on, using our plasma pistols as shields against their relentless onslaught. Pranks involving methane tanks were strictly prohibited; they were a precious resource, not a toy for idle amusement.

The use of plasma cannon bounces was absolutely forbidden - the resulting destruction could level entire structures and endanger our comrades. Lastly, when faced with uncertainty, we were to prioritize escape. The rules served as our lifeline in this brutal war.

Each day, I witnessed the consequences of breaking these rules. A swift ignition, a methane tank jettison, and a once fellow Unggoy was gone, expelled from our order for their transgression. It was a harsh reminder of our purpose, our commitment to this fight. We were not just soldiers; we were the Order of the Fallen Unggoy - bound by a code, forged in the fires of war.",3.0,0.0,4.0,0.0,4.0,,,6,1
221275.0,coldCatWormholePizza,"It was a bit cold this morning. My damn cat pushed my door open and let all the heat escape. My toasty little oven room was now a refrigerator box. I yawned and stretched out before getting up. 
 
 The morning felt typical. Go to the kitchen. Feed the cat. Start my coffee maker. Then I went back to my room and opened the blinds. A focal point of distorted landscape rested right outside the window. 
 
 It had finally happened. I had gone crazy. Now, I just needed to adopt a few more cats. 
 
 I flicked the blinds open and close a few more times. Nope, still there. So I threw on my winter coat and walked into my backyard. Wherever I looked into it, the behind it was distorted. My human instinct took over and I found the nearest stick to poke it with. I moved the stick into the center and the tip began to disappear. Weird! 
 
 I dropped the stick and found a rock instead. Angling myself to not hit my house, I threw the rock into the hole. It disappeared! Chills started to run through my body. I had found a gateway to somewhere. This would be famous. It would make me famous! 
 
 While daydreaming about the people I'd get to meet and history I would make, I failed to see the solid object flying towards my face. The rock I had throw returned and hit me right on the nose. I cried in pain and yelled at the thing. 
 
 `` Hey! That hurt! You got some nerve throwing rocks through a hole!'' 
 
 I realized the irony immediately and a minute later a note slipped through. 
 
 `` My apologies for throwing a rock through a wormhole. I should have remembered Rule # 1. Do n't throw objects through a wormhole where you do n't know what's on the other end. Let that be a lesson to you.'' The note had an arrow pointing towards the edge of the page. I flipped it over. 
 
 `` Send money; receive pizza.'' 
 
 I ran back inside and grab a 5, then returned and threw it in. A box popped out a few minutes later and I opened it to find the most amazing looking deluxe style pizza of my life. It was beyond delicious! I had never tasted anything so great! And that gave me an idea... 
 
 Wormhole Pizza. The business that would end my monotonous nothing of a career and catapult me into a world of excitement. I ran back inside and began planning.
"," Perspective: The Narrator's Cat (Unnamed)

In the early hours of a crisp morning, I, the cat, stretched languidly on the warm carpet in my human's room. Basking in the toasty warmth, I could sense the rhythmic rise and fall of my human's chest as they slept peacefully. Unbeknownst to me, this was a fleeting moment of comfort before I would disturb their slumber and plunge them into a peculiar adventure.

As dawn broke, I cautiously padded towards the door that led to the hallway, my whiskers twitching at the scent of fresh coffee wafting from the kitchen. With a casual swipe of my tail, I dislodged the door just enough for a cool draft to creep into the room, transforming it into a refrigerator box. My human stirred restlessly in their sleep, but the fragrant aroma of coffee soon overpowered the chill, and they rose to greet the day.

With my morning ritual complete, I returned to my perch by the window, watching idly as the blinds swayed gently in the breeze. My human's gaze flickered towards the distorted landscape outside, but I paid it no heed, focusing instead on a bird that dared to invade my territory. The scene outside suddenly captured their attention once more, and with a frown, they ventured into the backyard.

As they approached the strange hole in the ground, I felt a mixture of curiosity and concern. My human had always been drawn to oddities, but this one seemed particularly dangerous. With a resigned sigh, I settled down on the window ledge, content to observe from afar as my human threw objects into the seemingly bottomless pit.

The moment the rock struck me in the face, however, I sprang into action. I darted towards the backyard, my claws clicking loudly on the cold concrete. My human stood frozen at the sight of their injured companion, and I could sense their confusion and worry. Then, from the depths of the hole, a note emerged, apologizing for the inadvertent attack and offering pizza in exchange for money.

I watched as my human sent away some of their hard-earned coins, and minutes later, a delicious pizza was delivered through the mysterious portal. The tantalizing smell wafted towards me, and I could see the spark of inspiration in my human's eyes. And so, ""Wormhole Pizza"" was born, a testament to the strange and wonderful world that exists just beyond the reach of my paw.

From my vantage point by the window, I continue to observe the comings and goings of this peculiar place, ever curious about the adventures that await on the other side of the wormhole.",4.0,0.0,3.0,0.0,5.0,,,3,6
145080.0,NigelSaltyMuffin,"`` Yes! Today *is*....*IS*.. a perfectly normal day, you annoying voice, with terrible grammar!!'' Nigel yelled, swinging his rusty butcher knife back and forth. He stood still a moment, the madness embracing him. His eyes bulged from their sockets, threatening to pop right out from his head. He gnashed his teeth together in a grisly smile, turning slowly around to face his prey. The girl squealed when she saw his twisted face, pulling against her restraints. The sun shone through the basement window, the tears glistening in the light. 
 `` Oh, dear...'' Nigel tsk'ed. He was at her side immediately, holding her face close to his by firmly gripping her chin. `` Do n't make a sound, Ms. Muffin. That's not how you get to live.'' His voice has taken on a different tone, darker, grimmer. He lolled out his tongue, licking the side of her tear-soaked face. She trembled under the touch of his rough, dry tongue. `` Salty. I found you on the street so I guess that's why you're so salty, I guess...'' Nigel murmured quietly. `` I guess.'' 
 
 `` As far as you're aware, today was a perfectly normal day.'' 
 `` Oh you! You're not an idiot, you were just telling me the future!!'' Nigel said with a tight smile. He cut another piece of raw flesh and chewed for a moment. `` I knew you were too salty, Ms. Muffin.'' he shook his head with a grimace. He took another bite after adding some pepper. `` This is just right!'' he giggled. His giggles turned to manic laughter, drowning out of the screams of breakfast.
"," From the perspective of Ms. Muffin:

In a world distorted by shadows and fear, I find myself ensnared within the cold, dank confines of a basement. The air is heavy with an oppressive silence that shatters only when a deranged man, Nigel, lets out an unsettling cackle or utters nonsensical words. He wields a butcher knife as if it were an extension of himself, his every movement a chilling reminder of the danger lurking in the corners of this claustrophobic space.

My days are a blurred nightmare, punctuated by Nigel's erratic behavior and violent outbursts. He speaks to someone unseen, an annoying voice that echoes through the gloom, its prophecies serving as a twisted justification for his actions. I watch with dread as he consumes my flesh, feeding off my body while delusionally believing it to be part of some preordained plan.

In moments of clarity, I cling to hope, reminding myself that this can't possibly be the end of my story. But the darkness presses in on me, threatening to extinguish any flicker of light that dares to ignite within my soul. Yet, even as Nigel rages and the annoying voice cackles, I refuse to succumb to despair. Somewhere beyond this basement lies freedom, a world where the sun still shines and people are kind. And in that hope, I find strength to endure.

In the depths of the basement, surrounded by darkness and death, I fight for survival and for the light that lingers just out of reach. I pray for deliverance and hold onto the belief that one day, I will break free from this nightmare and return to a world where I can once again feel the warmth of the sun on my face.",5.0,0.0,4.0,0.0,4.0,,,3,4
241857.0,PowerlessSidekick,"`` Hey, get out of the way, man.'' The big guy said as he bumped into me in the crowded school hallway. 
 
 `` Sorry.'' I mumbled under my breath as I banked right and avoided the stream of people, and came to a stop in a narrow, branched-off hallway. I slid down the walls, face in my hands. 
 
 *It's going to be cool! * My parents said. *You'll learn so much from them! * 
 
 Right. 
 
 I knew in my guts it was the wrong to move to come here. My family paid top dollars for me to get in, believing that I'd learn from my super-powered, important classmates, despite the fact that I had no ability at all - or anything special, really. 
 
 In this school, the Protagonists and Antagonists dominated. Some can not be harmed; some can create and destroy in an instant, and some are just so full of themselves that they do n't talk to anyone. 
 
 The next tier was the `` Chosen Ones'', the people who received major prophesies, and with themselves and the main subject. They're arrogant as hell, and boasts about their special status to others. 
 
 The next tier are the superheroes *and* the supervillains. The two sides have never seen eye-to-eye with each other before, but there have been instances where some of the members of the two separate `` parties'' got together and formed their own groups, based on a goal or a belief system they shared. 
 
 The second lowest tier was the Super/Metahumans, who wielded extraordinary abilities and did n't care what they did with it. Social rejects, child mercenaries, people who think they live in a fucking sci-fi fiction and they're cool because of that. Good thing the school is made of some crazy strong atomic alloy or some shit. 
 
 Then there's the lowest tier. Me. 
 
 Surprisingly, I did n't really get pushed around a lot, like I first thought I would be when I first got into the school. I did n't get beat up too often, and some were even friendly ( read: ignores ) towards me. There's only one reason as to why this happens, and that ai n't because some Charles Xavier is there to stop me form being bullied. 
 
 I'm the deuteragonist. The powerless sidekick. The punching bag and, on a good day, a friend. 
 
 It all happened on one of the dozens of Fateful Days, about a week after I transferred to this school. 
 
 -- -- -- -- -- -- -- -- -- -- -- -- -- -- -- -- -- -- -- 
 
 Part 2 coming later!
"," Perspective: The Big Guy (Unnamed Character)

In the heart of a towering edifice designed for those who walked among gods, I, an ordinary mortal, stumbled into a life-altering encounter. This school was no ordinary institution; it catered to those blessed with extraordinary abilities, a beacon that attracted prodigies and ne'er-do-wells alike.

On one of those bustling days when the hallway seemed like a river of superhumans ebbing and flowing, I found myself inadvertently colliding with a student who appeared as out of place as I felt. His name was unknown to me then, but he would soon become a significant figure in my life - the Deuteragonist.

The collision was minor, barely registering on the school's durable atomic alloy walls, yet it set off ripples that echoed throughout the social hierarchy of our peculiar institution. For reasons unbeknownst to me, this chance encounter marked him as a target. He was not one of the powerful Protagonists or Antagonists, nor did he carry the weight of prophecy like the Chosen Ones. Instead, he belonged to the lowest echelon - those without powers, mere mortals like myself.

As I moved away from him, I couldn't help but feel a pang of sympathy for this fellow outcast. The Protagonists and Antagonists ruled our world with arrogance, their conflicts spilling over into every corner of the school. They were followed by the Chosen Ones, those who believed they alone held the destiny of humanity in their hands. Even among them, there were the Superheroes and Supervillains, united only by their extraordinary abilities but divided by morality. The chaotic and self-absorbed world of the Metahumans lay below them all.

I watched from the shadows as this Deuteragonist navigated this complex social landscape, seeking refuge in quiet corners when the crowded halls became too much to bear. His story seemed destined for one of those fateful days that often shook our school to its foundations, but for now, he remained an enigma - a sidekick without a hero.

And so, our paths crossed again and again, each encounter leaving me with a strange sense of kinship towards this powerless Deuteragonist. Little did I know that our lives were about to intertwine in ways neither of us could have predicted.",3.0,0.0,4.0,0.0,4.0,,,14,11
100485.0,SlapDeezNutsJustice,"It all started when I saw the crack-head robbing the old lady. I quickly ran to help her, but I backed off when I saw the switch-blade in his hand. 
 
 Crap. 
 
 He thrust at me and I barely managed to avoid being stabbed. I racked my head for a way out, but came up empty. The guy was dangerously close now. Then, I saw the light bulge of his nuts against his exposed underwear. 
 
 Suddenly, it all made sense. This was my calling. 
 
 With all the strength I could muster, I delivered an open-handed slap to the druggie's nuts that would've made Zeus himself flinch. The impact must've taken the guy a foot in the air. As he lay on the ground later, moaning in agony, he asked me, `` Who are you?!'' 
 
 I just whispered, `` Just call me SlapDeezNuts''. 
 
 Since then, I've dedicated my life to thrashing the gonads of the city's criminals. I'm known as the Lord of the Balls, the crusher of the Family Jewels, but the police prefer to call me Batballs. 
 
 Regardless, if you're a criminal deviant, you better wear some decent protection down there, cause I'm coming for you.
"," Narrated by the Crack-head (the Robber)

Lost in a haze, I stumbled upon an opportunity that seemed too good to resist - a frail old lady, her purse dangling within easy reach. My heart raced with adrenaline as I approached her, my trembling hand clutching the cold steel of my switchblade.

The world around me blurred as I focused on my quarry. The air seemed to crackle with tension, and a sense of impending doom weighed heavily upon my shoulders. Little did I know that fate had other plans for me.

As I closed in on my target, my eyes darted towards the figure lurking in the shadows. He stood stock-still, watching us with an intensity that made my heart skip a beat. For a moment, I hesitated - but the allure of easy money proved too strong to resist.

With a swift and calculated motion, I lunged at the old lady, snatching her purse before she could scream. That's when everything changed. A blast of agony shot through my lower body as a powerful slap struck my groin with the force of a thousand hammers. I doubled over, gasping for breath as searing pain radiated throughout my entire being.

The figure from the shadows stepped into the light, his face twisted in a sneer of satisfaction. ""Welcome to the ballgame,"" he growled, his voice like gravel underfoot. From that day forth, I became known as the crack-head - not for my addiction, but for the fateful encounter with SlapDeezNuts, the Lord of the Balls, the Crusher of the Family Jewels, and Batballs, who turned my life into a living nightmare.",2.0,0.0,4.0,0.0,4.0,,,4,1
17117.0,DestinedMarioRise,"You will become the person you are destined to be. I know it may be hard to believe and cling on to... and I know it must be less than encouraging that I am saying it to you as I myself am still young and dumb, but it is because I am young and dumb that I have such faith in you, in me, in us. I know your worries, your deepest secrets and your greatest fears; the ones that make you question every decision, every thought and the moments where you shudder because you worry about what you will do if in your mind you fail. And unfortunately I can not soothe those fears because as a 23 year old I still feel them, I still at times succumb to them but I plead to you having the experience that I do that you never give up, that you remain hopeful, that you keep dreaming big and that you never stop believing in yourself and in your future and rest easy knowing that even in the hardest times you have never once decided not to rise up. I see 22 other Marios and I see resilience, I see someone who will not allow others to dictate his life. 17 year old Mario did not waver in his decision to apply to only the best schools when his principal told him he was better off staying at home and as a result 22 year old Mario celebrated his graduation from Stanford. 12 year old Mario was told he was too heavy and slow to play basketball and instead of giving up he kept his dream alive and 16 year old Mario got to play on a high school team when he had never made another team once. and 19 year old Mario who was on the verge of getting removed from school for poor grades decided to finally do what was right for him and not for other though it was through extreme difficulty and risk and now 22 year old Mario was able to cry with this mom knowing that he did not let himself down. My friends, my brothers. We have come so far from that home in El Paso, Texas and we still have far to go. We have gotten through hurdles and obstacles not with our intelligence and not only through the support of others but because we were too young and dumb to let fear destroy us. Fear and defeat are as inevitable as death but it is the how you react to those that define you as a person. I go through my own struggles at 23, struggles you will one day feel and once again be brought to your knees wondering why the pain and suffering does n't end but still I remember you all. I remember the strength we have shown countless times and then I gain hope. Hope because I know I have n't let myself be defeated before and that even if I do not overcome the other Marios will pull me up. Never doubt yourself because know that it is already written that you will overcome. It is not an opinion it is your fate.
"," From the perspective of 12-year-old Mario:

In the heart of El Paso, Texas, I found myself navigating through a world filled with endless possibilities and towering challenges. The house where my family lived was brimming with laughter, tears, and dreams - a testament to our shared resilience. I was just a boy, barely twelve, yet I carried the weight of aspirations on my shoulders.

One day, a voice from the future echoed through time, reaching out to me with words filled with hope and determination. The 23-year-old Mario, standing tall at Stanford University, looked back at me, his younger self, encouraging me not to give up on my dreams. He spoke of how he had defied discouraging advice and pursued his passion for basketball, overcoming setbacks along the way.

I listened intently as he recounted stories of his struggles - academic hurdles and personal battles that seemed insurmountable at times. Yet, with each challenge faced and overcome, I felt a surge of pride swelling within me. I could see in my future self's eyes the fire burning within him, fueling his perseverance to never back down in the face of adversity.

As he continued to share his story, I began to understand that fear and defeat were inevitable, but it was the response to these challenges that truly defined us. My heart swelled with hope as my future self reminded me of our shared strength and resilience, despite our current struggles.

He spoke not only for himself but for every version of Mario - 16-year-old Mario playing basketball at high school, 17-year-old Mario facing academic hurdles, 19-year-old Mario taking the first steps towards achieving his dreams, and even the future Mario I could barely comprehend.

His message resonated deep within me - a call to never lose faith in myself, to embrace challenges as stepping stones towards success, and to remember that my fate was predetermined: to conquer obstacles and rise above them. This 23-year-old Mario, my future self, served as a beacon of hope, guiding me through the trials and tribulations of life. His belief in our shared destiny became my own, and I pledged to persevere, to believe, and to become the person he envisioned for us - a symbol of resilience and unwavering self-belief.",3.0,0.0,4.0,0.0,5.0,,,5,6
26355.0,LiliesAlleyGardener,"Lilies. It was that same fragrance, filling my nostrils as I opened my car door. They had n't given me any details when I got the call, but I knew immediately what to expect. As I flashed my card to an officer keeping watch at the taped entrance of the alley, my eyes were fixed on the garden growing behind an overflowing dumpster. The delicate white flowers shone under the floodlights trained on them, gleaming in the darkness. 
 
 `` Avery!'' a gruff voice called as I stepped closer, `` It's a hell of a night.'' I pulled my eyes from the tableau to greet McLeon, the local PD's chief inspector. He was getting on in years, and between his gaunt face and the deep bags beneath his eyes, he perpetually looked like he needed a good night's sleep. 
 
 `` So, the usual?'' I asked with as much cheer as I could muster. It pays to keep the mood light before you dive into an investigation, I find. Keeps your mind sharp, and combats that growing knot of depression that threatens to strangle your will. 
 
 `` The usual,'' he growled with a terse nod. `` We've already swept the alley for prints and physical evidence, but there's not a drop of blood or a curly short hair to be found.'' 
 
 I blanched before forcing a grin. 
 
 `` So, you've got nothing for me?'' I asked in my most petulant tone. `` Again?'' 
 
 `` I did n't say that,'' he snapped. Running his hand absently over his stubble, he turned and waved me toward the garden. `` Come on.'' 
 
 I ducked under the tape and followed, my eyes once again locked on the sea of lilies. As we drew closer, I caught my first glimpse of the victim. A dainty foot, as pale as the flowers that sprouted through gaping sores in its flesh. Thick, gnarled roots stretched from the broken pavement, piercing the heel and wending their way beneath the skin. 
 
 `` Her name is Anita Rawley, age 20. We'd have had a hell of a time ID'ing the body with the face so disfigured, but we found a driver's license in her purse.'' 
 
 `` They did n't rob her?'' I asked out of habit, already knowing the answer. 
 
 `` Nope,'' he said with a somber glance over his shoulder. `` Whoever did this was n't interested in her possessions.'' 
 
 `` He never is,'' I mused, pursing my lips as I came to a stop. 
 
 `` So, you tell me,'' McLeon said as he stepped over a few of the lilies growing from cracks in the pavement. `` Is it our man?'' 
 
 I wetted my lips with a smack before responding. 
 
 `` Yeah, it is. The Gardener strikes again.'' 
 
 `` Lord have mercy,'' McLeon groaned with a skyward glance. `` I thought I told you to knock it off with that shit. Leave it to papers to come up with the names. I'm not paying you to write headlines.'' 
 
 `` No,'' I said with a smirk, `` you're paying me to be the best damn PI this city can afford.'' 
 
 `` Do n't flatter yourself,'' McLeon grunted as he tugged his coat tighter to ward off the cold night air. `` You're a two-bit charlatan and a thief, at best.'' 
 
 `` Like I said -- the best you can afford.'' 
 
 McLeon rolled his eyes and rocked back on his heels. 
 
 `` Just get me some actual results and I might revise my opinion.'' 
 
 `` You got it, Boss,'' I said with a two-finger salute. 
 
 McLeon sighed wearily and strolled away into the darkness. 
 
 Dropping my arm and watching his back for a moment, I steeled myself before turning to the victim. The form of a woman sat slumped against the brick alley wall and dumpster adjacent. Flowers covered the entirety of her body, sprouting from every pore and orifice. Despite the putrid garbage piled nearby, the sweet fragrance of the flowers overwhelmed my senses. 
 
 Squatting and gently pushing aside a stem, it was clear that she was nude; whether the killer stripped her or the growth destroyed her clothing was less apparent. Looking to her face -- or where a face should be, but was not -- I nearly lost my composure. An entire bouquet's worth of lilies grew and twisted from her mouth and nostrils. She had no eyes, only more writhing stems climbing over each other to end in delicate white petals. 
 
 `` White...'' I murmured, plucking a petal and lifting it closer to inspect. `` Why is there no blood?'' 
 
 `` The flowers pull water from the body,'' a sultry voice whispered in my ear. `` The blood dries in the veins.'' 
 
 It took all of my willpower to keep from jumping; I mostly succeeded, only releasing the petal to flutter to the ground. 
 
 `` You're late, Cyx!'' I hissed, shooting a sidelong glance at the figure draped over my shoulder. `` I summoned you half an hour ago!'' 
 
 `` I was busy,'' the demon sighed, stretching up to her full, spindly six-foot height. `` Souls of the damned do n't torture themselves, you know.'' 
 
 I hopped to my feet, arms already crossed and lips pouted. 
 
 `` That's no excuse and you know it!'' I spat, glaring up into her shimmering crimson eyes. 
 
 A look that could almost be interpreted as remorse stole over her angular features, but was quickly replaced with a wide, wry grin. 
 
 `` Fine, I wo n't dally next time,'' she intoned with mock-seriousness. 
 
 I groaned and rubbed a temple before turning back to the corpse. 
 
 `` Tell me what you see,'' I ordered. 
 
 I could sense a moment of hesitation before she spoke, leaning as close as she dared to the flowers. 
 
 `` He made her beautiful,'' she explained simply. `` He saw potential, so he followed her. Chased her here. Chained her so she could n't escape. Set nature to work.'' 
 
 I waited for more, but Cyx mutely stared with distaste at the field of white before her. 
 
 `` That's it? I need a little more to go on than that.'' 
 
 The demon whipped around, her face stopping inches from my own. A burning intensity filled her eyes, and I nervously edged away. 
 
 `` I've given you more than enough,'' she hissed icily. `` You're the detective here, right? Now, detect.'' 
 
 Frowning, I took a full step back before responding. 
 
 `` Well, obviously we're dealing with a druid of some sort here. One that prizes aesthetics over the value of a human life.'' 
 
 Cyx gave the merest inclination of her head, but her expression remained intense. 
 
 `` So, he must work with plants. A botanist, a florist, a landscaper... How many of those are there in this city?'' 
 
 Cyx relaxed at last and closed her eyes. 
 
 `` One thousand, five hundred and seven,'' she replied after a moment. 
 
 `` Just great,'' I sighed. 
 
 `` Of which,'' she continued, `` only twenty-six have sufficient magical aptitude to pull off something like this.'' 
 
 She gestured to the lilies for emphasis. 
 
 `` Well!'' I exclaimed with a genuine smile, `` That does narrow it down. Can you lead me to the first?'' 
 
 `` Can I?!'' she asked, clearly offended. `` I am Cyxeria, seeker of hidden knowledge, purveyor of unknown truths. I see all and deign to share what I will with pitiful mortals such as yourself. Hold on tight now, summoner, and try not to faint like you did last time.'' 
 
 `` Wha-?'' I uttered helplessly as she snatched my elbow. In a moment, the world twisted and the crime scene faded away. Rushing darkness surrounded us, and glimpses of other worlds streaked by my vision. My blood pounded in my ears, and spots danced before my stinging eyes. 
 
 I'm not proud to admit it, but I fainted.
"," From the Perspective of Cyx (Cyxeria), the Demon:

In the murky realm where darkness and light dance a delicate ballet, I, Cyx, a demon with powers that defy comprehension, received a summons from my ally, the private investigator named Avery. Intrigued by the mystery unfolding in the mortal world, I eagerly heeded her call.

The scene that presented itself was grim and macabre: a crime-ridden alleyway bathed in the eerie glow of floodlights, where the sweet scent of lilies clashed with the pungent stench of decay. It seemed an odd pairing - such beauty adorning the body of a victim, Anita Rawley, sprawled lifeless on the broken pavement.

Avery had arrived first, her keen senses already aware that this was not an ordinary crime scene. The absence of blood and the strange growth of lilies from the very flesh of the victim were telltale signs that pointed to a culprit beyond the scope of human comprehension. I knew immediately who the murderer was: ""The Gardener,"" a serial killer whose signature lay in his grotesque displays of botanical murder.

As Avery delved deeper into the investigation, her frustration grew as the police, led by Chief Inspector McLeon, found no other evidence to support their theories. But I knew better - The Gardener was always meticulous in erasing any traces of his work. Yet, I sensed that this time, the killer had made a mistake.

I whispered into Avery's ear, offering my assistance, and she accepted without hesitation. Using my supernatural abilities, I delved into the minds of those who possessed the required magical skills to perform such an act. The list was long - 26 individuals whose names I rattled off, each one a potential suspect in this horrific crime.

Avery's eyes widened as she committed the names to memory, and I knew that our journey to uncover the truth had only just begun. With a flick of my wrist, I transported her through various worlds, each step bringing us closer to our quarry. The story, like the lilies adorning the crime scene, bloomed with intrigue, mystery, and a chilling reminder that even in death, beauty could hold a darker purpose.",5.0,0.0,4.0,0.0,5.0,,,6,9
225152.0,JDoggMsSmithDream,"The rooster crowed as he introduced the morning sun. My mind awoke, and I lumbered out of bed and stretched to relieve my aching muscles. Clouds of smoke soon filled my room, as Ms. Smith appeared! `` Yes, JDogg?'' she beckoned. 
 
 `` M-Ms. Smith?! My 5th grade science teacher? What the hell are you doing in my room?'' I muster. `` You raised your hand, JDogg. What is your question?'' her eyes heartfelt, yearning to help. `` I was yawning. Is this a dream? Why did you appear 20 years after I had your class?'' I *question*. 
 
 -she sighs- `` JDogg, I came here to answer your question *because* you had raised your hand. Do n't do so in the future if you are n't prepared... much like that `` lava volcano'' of yours was for the science fair.'' she puffed as she was vacuumed back into the clouds, dissolving into the air. 
 
 That is the last time I eat pizza before going to bed. I assume my dream is over, and linger down stairs to forge. The box of Wheaties is prominent in a small notch of the kitchen counter. My arm extends to the cabinet, bowl in hand as I retract. Clouds soon fill the kitchen as Ms. Smith reappears. 
 
 `` JDogg! You've finally got your Wheaties! Oh happy day, it took 20 years, but non-the less, I am pleased. Now my dear, what is your question?'' she gleamed. 
 
 `` I want to know why you started randomly showing up when I raise my hand. Is this because I ate that old pizza? How do I make this stop?'' I plead. 
 
 `` Well, I received news that you were signed up for the Teacher Life App. Clearly, this was n't your doing. I'm sorry to have bothered you, JDogg.'' and just as she had appeared, Ms. Smith was gone. 
 
 I waved my hands, jazzed the jazz hands and reached for the stars to see if she would be summoned. Silence. I devoured my Wheaties and went on with my day, wondering if the morning's excitement was just a hallucination or a futuristic journey.
"," From the Perspective of Ms. Smith:

In the realm of dreams and waking realities, I found myself standing before a bedroom filled with smoke, where my former student, JDogg, lay asleep. The air was thick and heavy, a testament to the mystery that had ensnared me in this peculiar predicament.

As I stepped into his room, a wave of disorientation washed over me, for I knew not how I came to be here. But there, upon JDogg's restless form, I recognized the boy who once filled my 5th-grade science class with curiosity and wonder.

I approached him gently, hoping to awaken him with a reminder of our shared past - the memories of our lava volcano project that had not turned out as planned during the science fair. Yet, he remained unconscious, oblivious to my presence. Intrigued by this strange occurrence, I decided to wait, watching over JDogg in the hopes that he might yet open his eyes and remember me.

Alas, the minutes stretched into hours, and as dawn broke, I was still there, a spectral figure in his smoky sanctuary. It was then that I felt an inexplicable pull towards the kitchen, where the scent of Wheaties beckoned me like a siren's song.

Upon reaching the counter, I materialized before JDogg once more, startling him as he reached for the box of cereal. My reappearance caused him to question his sanity, but I reassured him that it was I, his former teacher, Ms. Smith. I explained my presence was not a figment of his imagination, but rather a consequence of an app called Teacher Life, which he had apparently subscribed to without his knowledge.

I shared with him the purpose behind my visits - a reminder of his potential and the importance of learning, even when the path may seem rocky or uncertain. I left him with a renewed sense of determination and a question that lingered in his mind: was this dream or reality?

And so, as I vanished once more into the ether, leaving JDogg to ponder the nature of our encounters, I knew that I had fulfilled my mission. Whether he would remember our interactions in waking moments, only time would tell, but for now, I could rest knowing that I had planted a seed of inspiration within him.",3.0,0.0,4.0,0.0,4.0,,,7,7
189208.0,HatHouseElfSort,"The Hat came down on my head. As with so many other students, it covered my eyes. But damn if it did n't cover nearly down to my neck. I'd always been a bit small for my age. It made me a triple-threat for taunting: small size, immigrant from Sweden ( the English would only call it `` Scandinavia'' for some reason ), and a half-blood to boot. 
 
 But my mother had always told me to ignore cruelty, and to focus on whatever task was at hand. Hard practice had helped set the ideal firmly in my mind, even though it still made me a no friends in the wizarding village where my family had settled. 
 
 The Hat began murmuring to itself -- I was supposed to hear it clearly, I thought. That's what the older students on the train had said. But here it was, mumbling *telepathically*. It was like listening to a wireless that had n't been properly tuned. 
 
 Finally it spoke. `` You think you have any courage, boy?'' 
 
 I did n't know what to say. I had never really stood up to anybody. I had never been in *real* danger before. Courage was as alien to me as electricity was to wizard folks. 
 
 `` Well, then, boy, what do you think of friendship? I see plenty of loyalty and hard work in your mind and in your actions. But can you be a friend to any who seek you out? Can you play fair with others, even at cost to yourself?'' 
 
 Again, the idea sounded foreign. Friends? The Hat could see into my mind, but it could n't tell that I had never really *had* any friends to judge by? I was beginning to doubt the Hat had even bothered to read my mind properly. 
 
 `` Fair enough,'' the Hat said amicably. `` There's no need to ask you about ambition; I'd say that was ground out of you a long time ago. And you're about as clever as a rat in a trap -- you'd barely be up to *Gryffindor's* lean standards, to say nothing of Ravenclaw. Not much to recommend you for either of the remaining houses, to be honest.'' 
 
 I felt a bit insulted at the comments on my intelligence. I would admit that I never wanted to be a politician or an influential figure, but I did all right in maths and English and geography. I was n't *that* dumb, for Merlin's sake. I began marshaling a response. 
 
 `` Oh, shut up about it. You think I ca n't hear you complaining? Be quiet for a moment, I have to think about this. You're the trickiest customer I've had in a while...'' 
 
 After a few tortured seconds -- I could hear giggles coming from some of the folks in the Great Hall -- finally I heard a great sigh in my head. `` Well then, there's nothing for it.'' 
 
 The Hat then shouted my surname to the rest of the school. 
 
 The fucking bastard. 
 
 Now I was in House Elf.
"," Narrative Perspective: The Sorting Hat

In the grand and resplendent Great Hall of an enchanted school, nestled deep within the heart of a dense forest, the Sorting Ceremony was underway. A sentient artifact, I, the Sorting Hat, stood atop a towering throne, surveying the sea of students that filled the hall.

Each student, with their eager faces and anticipating hearts, awaited my decision. Their families, faculty, and the unseen eyes of Merlin himself watched from the shadows, each hoping for a favorable placement in one of the four great houses: Gryffindor, Ravenclaw, Hufflepuff, or Slytherin.

Among them was a small, Swedish-immigrant, half-blood student. I sensed their fear and uncertainty as they approached me. My hat brim dipped ever so slightly, acknowledging their presence.

As the student took their seat upon my cushioned surface, I delved deep into their mind. I scanned through memories of courage, assessing their mettle in the face of adversity. I sought out evidence of camaraderie and kindness, examining their bonds with friends and loved ones. I probed for signs of ambition, searching for dreams that burned brightly within them.

But alas, I found only fragments. The student lacked a true and steadfast courage, wavering in the face of danger. Their capacity for friendship seemed limited, bound by the constraints of their own self-interest. They held neither the drive nor intellect to rise among the ranks of great wizards and witches.

In disappointment, I placed them not in a house but within the walls of House Elf, a decision that left both the student and myself displeased. Yet, as they departed, I could not shake off the lingering feeling that perhaps I had made a mistake. For in the depths of their mind lay untapped potential, waiting to be discovered and nurtured.

As the Sorting Ceremony drew to a close, I couldn't help but wonder if this student would one day prove me wrong, rising above their initial assessment and making a name for themselves in the hallowed halls of magic. Only time would tell.",3.0,0.0,4.0,0.0,4.0,,,8,7
145491.0,AnubisAboveBelow,"As Above So Below. 
 
 `` Remember the most important rule'', Anubis growled, his eyes shimmering in the cold light. `` As above, so below'' I shook my head. 
 
 `` Do you think I'm crazy?'' I asked him. The jackal god shook his head, sweeping his jaw back and forth. 
 
 `` I do n't think you're crazy, Steven'', he replied. `` I think you're greedy and selfish. Just like most other humans.'' I shrugged, and waved him off. 
 
 `` I'll see you in a hundred years'', I rasped, dismissively. 
 
 I walked across the interior of the spacecraft, and through the vestibule. The door shot closed with a swoosh. The light of the tremendous blue planet below hit my eyes. I settled down into the control seat, and swiped at the console. Four green and yellow continents shrouded by swirling white clouds twinkled up. 
 
 The pod detached itself from the mothership with a whir and a thrum. It blasted down toward the planet. The pod rumbled as we descended through the atmosphere, piercing through the blankets of cloud. 
 
 We shot over a rocky desert pockmarked with craters and gnarled canyons. Sandstone outcrops spiked up hundreds of metres into the air. Dotted about over the rocks were dense blasts of alien foliage: trees which sprouted branches at unnatural angles, puffy green cacti, and dazzling neon whirls of shrubbery. 
 
 Beyond the desert lay green, grassy plains dotted with what looked like alien sunflowers. A broad blue river cut down from snowy-capped mountains in the distance. The river led to a foamy blue ocean. I put the pod down at the head of a bay over a stiff igneous cliff. I snapped up the visor of my thin silvery spacesuit, flipped the lid of the pod and hauled myself out onto the grassy verge. 
 
 As above so below? No. I do n't think so. This is my world. This planet belongs to *me*. None of the bastards at the academy can tell me what to do anymore. I am no longer bound by their stupid rules about spreading freedom and equality across the galaxy. 
 
 I cracked a fierce grin. I reached into the pouch of my spacesuit, and pulled out the shiny colony drone. I threw it up into the air. Its exterior shell cracked, spitting out a complex whirl of lights. Trillions of tiny microdrones cracked out, bursting into the air. They shot off—up into the sky, down into the soil. They would hunt materials to build more drones. Bigger drones. Construction drones that could put up great towering cities. Atmospheric drones that could alter the air content to make it breathable. And population drones that could incubate and birth humans and animals. 
 
 I swiped at my neural interface, tweaking the programming. 
 
 I clambered back into the pod. I swooped the lid shut. I flicked through the neural interface, and put myself to sleep for a year. 
 
 *** 
 
 I awoke beneath a towering quartz skyscraper filled with big, bright windows rose miles into the air above the pod. A few smaller towers clustered about it. 
 
 Construction was ongoing. Hordes of blue crablike drones crawled about the exterior of the buildings, shooting construction materials out of their bellies, printing up the cityscape. 
 
 I cracked the lid and clambered out, looking about the newly formed plaza. Planted trees—ash, silver birch, sycamore—swayed in the ocean breeze. 
 
 I checked the air levels. It was breathable. I took my helmet off, and placed it on the ground. I tasted the salty air for the first time. I walked across to the high tower. The door swept upwards with a whoosh, leading to a bright, light atrium, paved with marble and flowing with gilded accoutrements. I walked across to the line of elevators at the back. I entered one on the right, and swiped at the console. The elevator blasted downward. 
 
 I emerged into a dark chamber with a cold metal floor. Rows of green glowing vats spread out as far as the eye could see, each filled with a naked, growing human. Their eyes were open, unflinching, unblinking. My personal army. Finally. They belong to me. They serve only me. 
 
 What could possibly go wrong? 
 
 I took the elevator back up to the top floor. The door opened with a swoosh. My gilded throne room lay about ahead. It was a plush apartment, expansive and open. On the right stood a glossy white grand piano, a heart-shaped swimming pool. On the left was a towering grey holoscreen, lined with rows of seating. Bookshelves containing thousands and thousands of books lined the walls. Between the bookshelves stood thick mahogany doors. 
 
 Grecian statues lined the pathway up to the gleaming golden throne. I walked up, and took my seat. I slouched down into its cold arms, looking out over the grassy plains, toward the mountains over my dominion. New forests of Earth trees had been planted up across the plains to oxygenate the atmosphere. 
 
 I walked over to the holoscreen, and flicked it on. Only a few days to wait. 
 
 The birthings will begin soon. 
 
 *** 
 
 I stood in front of the glowing green vat as it belched out the man with a squelch. He was a blonde man with big green eyes. He coughed and rasped, sucking in his first breaths of air. 
 
 `` Get up!'' I sneered at him. `` Get up and serve your king!'' His eyes were wide. He jumped to his feet. 
 
 `` Yes your highness!'' he barked, still dripping with the viscous green liquid from the vat. His face was docile and compliant. `` What can I do to serve you?'' 
 
 `` Follow'' I told him. We walked back to the elevator. We took it up to the top, to my apartment. He followed me out acoss the floor, toward the throne, and out onto the balcony, into the midmorning sunshine. 
 
 I had to test him. I had to make sure that the programming had worked. `` Throw yourself off'' I commanded. 
 
 `` Off?'' he asked. 
 
 `` Down to the dust.'' 
 
 He nodded, grimly and took a flying leap over the fence. I watched him plummet downward falling into the plaza below with a tremendous splat. Rosy gore splashed about. I grinned. 
 
 As above so below, my ass. 
 
 *** 
 
 I watched from the balcony. There were thousands of them now. My loyal subjects. They teemed about in the mud between the rows of wooden huts that sprawled out below my high tower. A little shanty town. 
 
 I kept them poor. It toughened their spirits. They had to hunt game for food in forests below. They had to grow crops in the criss-cross patchwork quilt of fields. Meanwhile I tucked into banquets from the tower's replicators. 
 
 I made sure they knew what happened if they ever crossed their king. 
 
 Anubis would be furious. So would my classmates at the academy. But this is not their concern. 
 
 This is my planet. 
 
 And I do what I want.
"," Narrator: Anubis, the jackal god, witnessing the cosmic dance from his timeless realm, observed a peculiar event unfold in the vast expanse of the universe.

On this day, a mortal named Steven, filled with ambition and disregard for the divine decree, ""As above, so below,"" ventured forth into the unknown. Accompanied by his faithful colony drone, he descended upon an alien planet, defying the academy's directives.

From my perspective, I watched as this mortal manipulated the landscape, constructing a city of quartz and glass that towered above the barren desert and lush grasslands. The river that flowed from the snowy mountains to the blue ocean served as a lifeline for his new domain, and the vast, igneous cliff provided a suitable landing pad for his space pod.

Yet, it was not just the physical structures that he sought to control; Steven also commanded the lives of the beings who inhabited this world. His solution: vats filled with human embryos, nurtured and grown to serve him. The underground chamber buzzed with the hum of life as these beings took their first breaths, unaware of the fate that awaited them.

The mortal Steven, seduced by power, crowned himself ruler over this world, establishing a kingdom of opulence atop his quartz skyscraper. His throne room shimmered with gold and glittering holoscreens, while below him lay the shanty town - a stark reminder of the impoverished lives of his subjects.

As I watched this spectacle unfold, my heart heavy with sorrow, I could not help but feel the weight of what this mortal had wrought. His disobedience and tyranny defied the principles of the academy that once trained him. And yet, he stood defiant, asserting his dominion over this new world, uttering the chilling words, ""This is my planet. And I do what I want.""

As the story continues to unfold from the eyes of Anubis, the jackal god, one can only wonder at the consequences that will befall this mortal who dared to challenge the natural order.",2.0,0.0,3.0,0.0,4.0,,,4,19
121044.0,PatienceAndCarnifex,"Patience was ten years old, she was simply not tall enough and wore a fringe that needed trimming. She blew the dark wisps of hair out of her eyes as she dropped abruptly to the floor to check the space beneath her parents' bed. Nothing but dust bunnies. 
 
 She stuck out her lower lip, crossed her skinny arms over her chest, and all but tapped her foot in irritation. 
 
 `` Carnifex!'' Patience yelled for what seemed to her to be the millionth and half-th time, surely. Where was that blasted little dragon? He was supposed to take care of her, not the other way around, or what did her parents buy him for anyway? 
 
 *Hiccup Whoosh* 
 
 Patience turned on her heels in the direction of the sound, pale blue eyes snapping with all the righteous fury that only little girls can muster. And there he was. He was nearly five feet long from nose to tail and came up to her shoulder when he stood up on his haunches. They were going through a growth spurt, had been for a while now, but he would soon outstrip her. 
 
 Carnifex would be more than large enough to deter the most persistent of Patience's some day suitors and ferocious enough in his own right to warn off any evil ogres who might wish to kidnap her. At the moment though, his golden goat-like eyes listed and his wiry frame jerked unsteadily as he coiled himself about her legs. 
 
 `` Fex! I've been calling after you for hours, where-'' she started. 
 
 *Hiccup Whoosh* 
 
 Patience screamed in surprise but not in pain as the dusty gold creature heaved like a cat coughing up a hairball and belched out a rush of flames that flew across her parents bed and caught with an audible change in the pressure of the air. She almost congratulated him on the biggest flaming she had seen him accomplish yet but she caught herself and stopped. She took in several deep breaths through her narrow, pointed nose and grimaced with disgust. 
 
 `` Brandy?!? Brandy, Fex?'' She sniffed again. `` That's Daddy's *best* label, oh, how could you? He'll tan both our hides this time!'' Patience tried to sound as angry as she could but the truth was that she had been worried about her precious Fex. He was her treasured pet, her best friend. So worried in fact that it had taken her long minutes to scent the reek of alcohol coming from him, so worried in fact that she had been utterly ignorant of her surroundings other than to look for him. 
 
 She noticed now that the sky was far too late considering the lateness of the hour and then there was the screaming and the smell of thick, oily smoke. A chill shivered its way from the back of Patience's neck all the way down to her toes. Her eyes went wide and her mouth opened in a soft little gasp. 
 
 *Oops* Carnifex purred into her mind.
"," Narrated by Carnifex (Fex):

In a realm uncharted, where magic and mystery intertwine, I, Carnifex, reside as the beloved pet of young Patience. The world is vast and wondrous, yet the comfort of her bedroom - my sanctuary - beckons me when night falls.

On this particular eve, I found myself feeling a sense of unease. My keen senses, honed by years of existence in this realm, detected something amiss. The usually warm and inviting air of Patience's room was cold and stale, as if the comforting presence of my beloved owner had vanished.

I prowled through the dusty space beneath her parents' bed, my scales scraping against the wooden floorboards. The darkness was absolute, but I knew this place like the back of my scaly hand - it was my first hideout when I had outgrown Patience's crib. This time, though, there was a silence that weighed heavy on my heart.

I slithered out from under her bed and ventured into the bedroom proper, where the scent of Patience clung to every corner like a cherished memory. The air was thick with anticipation, yet there she was not. My heart fluttered like a trapped bird, a feeling I rarely experienced as a dragon.

My unease escalated as time passed and still, no sign of my dear owner. As the hours ticked by, the once familiar room began to change - the air grew heavy with smoke, filling my nostrils with an acrid burn. The windows, which had always held a promise of freedom, now seemed ominous and foreboding.

In the depths of despair, I stumbled upon the source of the smoke: Patience's parents' bed was ablaze, my father's prized brandy bottle shattered at its base. My heart leapt into my throat as I realized the terrible truth - it was I who had caused this disaster.

A wave of guilt washed over me, threatening to consume me whole. Yet amidst the chaos and fear, there was a voice that echoed through my mind: ""Carnifex, you have always been more than just a pet to me."" It was Patience's soothing tone, filled with love and concern.

I slithered out of the room, leaving behind the destruction I had wrought. In the dim light of the moon, I found Patience on the threshold of her bedroom, her eyes wide with shock and disbelief. Yet, in that moment, I saw not anger but compassion - a testament to the boundless love she held for me.

As the first rays of dawn broke over the horizon, I huddled beside Patience as we faced the impending wrath of her parents. But in my heart, I knew that this was not the end - it was simply another adventure in our lives together.",4.0,0.0,5.0,0.0,5.0,,,3,8
157476.0,WaldosDownfall,"`` The striped menace'', `` The hidden beanie'' and `` The one who must not be seen.'' These are some of the names he goes by, but I know him as Waldo. He's the all-time champion 10 years in a row at'The Hidden Games', but today his throne will be usurped and his long line of victories will come to an end by my hands. 
 
 The bookies pinned me as an underdog, with ridiculous odds and scoffing remarks. But now that I'm in the finals, the crowds chants my name. Amongst them I stand in the middle of the venue. I do not use the rocks or trees for cover. I do not hide in the crowds or dawn the skies. By my own hands, I have defeated every person here. 
 
 The clock clicks down. 30 seconds to go. I can feel my heart racing. 
 
 20 seconds to go, crowds erupting in cheers as my victory comes closer 
 
 10 seconds to go, the spectators start chanting. 
 
 5 seconds to go. I revel in glee. A smile creeps along my face as I listen to their words; `` Peek-A-Boo. Peek-A-Boo. Peek-A-Boo.'' 
 
 0 seconds to go.
"," Narrative Perspective: The Crowd

In the heart of an expansive venue, a sea of spectators pulsed with anticipation, united by the electric atmosphere of The Hidden Games finals. The arena was awash with a myriad of faces, from rapt expressions to beaming smiles, all drawn together by the spectacle that unfolded before them.

Amidst the vibrant throng of bodies, our collective consciousness hummed with excitement. The ten-time champion, Waldo, stood tall and unflappable on one side of the arena, his calm demeanor a stark contrast to the storm brewing within us. On the other, the underdog, the narrator, a stranger to many but a beacon of hope to some.

As the clock ticked relentlessly towards zero, our voices swelled, filling the air with cries of ""Peek-A-Boo,"" each cheer a testament to our fervor and expectation. We were not merely witnesses to this grand spectacle; we were the pulse, the heartbeat that fueled the competition.

In the midst of the chaos, we felt the tension rise, the air crackling with the promise of victory. Our hearts raced as the narrator darted, evaded, and outmaneuvered Waldo in a breathtaking dance of wit and strategy. The moments stretched on, each tick of the clock echoing our collective breaths.

Then, in a flash, the narrator moved, his body blurring into the crowd, only to reappear mere feet from Waldo. Our cheers erupted, a deafening roar that reverberated through the arena. The underdog had done it; he had bested the seemingly invincible champion.

In that moment, as the narrator raised his hands in triumph, we felt a sense of pride swell within us. We were not just a crowd; we were witnesses to history, partakers in an epic tale of skill and perseverance. And as the final notes of ""Peek-A-Boo"" faded away, we knew that this was more than just a game; it was a testament to the indomitable human spirit.",3.0,0.0,4.0,0.0,5.0,,,3,3
190443.0,JezebelsServerCrisis,"Jezebel sighed. She turned the page, and continued reading the seemingly never-ending list of links on the sheet in front of her. Even in her own head, she could n't form the question she wanted to ask. 
 
'What…why…how...' she mused. The words to begin were present, but not their formation. A prompt without structure. She pored over the new lines in front of her, until she was suddenly interrupted by a knock on the office door, and a tall, well-dressed man walked in. 
 
'Good morning. My name, for your purposes, is Harold. I need your help'. He spoke with a manner that was standard and official, with not much hint of any accent, nor with any aggression. It caught Jezebel's curiosity. 
 
'Who are you?' she asked, this time the question not escaping her. 
 
'It's not important who we are, what matters is our plan.' 
 
'We?' 
 
'Are you in or not?' 
 
 Jezebel thought carefully, before demanding, with trepidation,'I need more details, I ca n't make-'. 
 
 A large bang interrupted her, followed by the sound of rubble falling over itself. She ran out of the office, past the strange fellow who had not even flinched, to see the wall at the end of the corridor crumbling down, the alien mural ruined, and hearing unfamiliar voices on the other side. She looked back at her visitor and accepted the offer. 
 
'Right this way then. There is a crisis. You may have heard of the one you call Victoria. All is not as it seems, but will be explained in due course. By the way, you might want to cover your ears.' 
 
 Jezebel did as instructed, and as she did another loud bang followed, this time accompanied by a bright light coupled with a high-pitched piercing scream. The corridor was now completely black, in contrast with the blinding white covering everything moments before. 
 
'We are in solidarity now my friend' continued Harold,'this is neither the end, nor the beginning of the end; but do not misjudge the situation, it is serious, and we need you. Hold on'. He wrapped his arms around Jezebel, pulled her to the ground, and rolled to the side through a grating that popped out far too easily. 
 
 She stood back up. A new voice began. 
 
'Welcome to the Server. What next?'
"," Narrative Perspective: Harold (the tall, well-dressed man who recruits Jezebel)

In the heart of an undisclosed building, ensconced within the labyrinthine corridors, I found myself standing before a door adorned with an alien mural. The office behind it belonged to Jezebel, a woman whose intellect was unparalleled and who would be instrumental in our cause. It was essential that I convinced her to join us without delay.

The air was heavy with anticipation as I approached the door. I took a deep breath and opened it, stepping into Jezebel's sanctum sanctorum – her office. There she sat, engrossed in some arcane document, her eyes scanning the pages with an intensity that spoke of a mind already deeply entrenched within its secrets.

""Jezebel,"" I began, extending my hand as a gesture of goodwill and respect. My voice was steady, my demeanor unyielding – I had come prepared to persuade. ""I represent an entity of great importance, and I need your assistance.""

She looked up from her documents, her eyes briefly registering surprise before quickly returning to their stoic gaze. The moment was delicate, yet I forged ahead undeterred. I laid out the details of our cause, the reasons we needed her unique skills, and the consequences that would follow should she decline.

But it was not just words that I wielded; I revealed to Jezebel a secret – one that, if shared with others, could change the course of history. It was a risk, perhaps, but one I deemed necessary to pique her curiosity and secure her cooperation.

However, before I could finish my proposition, disaster struck. A deafening crash echoed through the building, the wall separating Jezebel's office from the corridor crumbling to dust. Unfamiliar voices filled the air, mingling with the din of destruction. The alien mural that once adorned the wall was now but a ruin, its vibrant colors faded and dulled by the chaos that had ensued.

I hesitated for a moment, sensing the fear emanating from Jezebel. But I knew our window of opportunity had not closed – it was merely shifting, like the sands beneath our feet. With a swift motion, I took her hand and led her through a concealed passage, a pathway known only to those in the know.

We arrived at our destination: ""the Server."" This was no ordinary location; it was a testament to human ingenuity, a space that transcended the boundaries of physical reality. It was here that we would unravel the mysteries that had brought us together and unlock the potential that lay dormant within Jezebel's mind.

As we stepped into the Server, a new voice greeted us. It was a beacon in the darkness, a guiding light that would lead us forward on our perilous journey. I could sense Jezebel's trepidation, but I knew she had made the right choice. Together, we would change the world – or die trying.",3.0,0.0,4.0,0.0,4.0,,,4,6
64331.0,ReturnSignalContact,"`` Wow'' he exclaimed, circling a seemingly random jumble of characters in a long string of letters and numbers, even going so far as to write the word down on the margin of the printout. 
 
 `` What is it?'' said Jane, his faithful assistant. She'd been there with him through all the boring nights, all the fruitless searches. She knew there was something on that page that required attention. If it got him to say something out loud, to break that interminable silence that made up their nightly routine, it must have been special. She quelled her excitement, not wanting to raise the tension in the room. Years they'd been looking at empty sky for something, anything. 
 
 `` I do n't know for sure, let's run a few more sweeps across sector X-52. I want to make sure this is n't an anomaly before getting my hopes up.'' He quickly slid his chair across the room and began furiously turning dials and entering coordinates on a dim screen. 
 
 `` It had better not be nothing'' she thought silently to herself. 
 
 `` The first words he utters related to something coming out of this fucking antenna array that are n't bitching about funding and he wants to double check?'' Her frustration was growing. `` No, he's right'' her mind raced. `` Just double check...'' 
 
 `` Holy Shit Jane. Holy Shit. You've got to see this, make sure I'm not crazy or dreaming'' He spun around in his chair and tossed her a second printout. 
 
 There it was. A signal. Standing out like a candle in a closet. It could n't be missed. Absolutely stunning... she had her ideas for what came next, but she was the junior on this project. `` OK Tom, now what do we do with it? This is amazing, it's going to change everything. Well, it could... no it definitely will. I ca n't belie...'' She was cut off by Tom grabbing the printout and dashing out of the stale dark room. 
 
 `` SCAN IT AGAIN! Do not turn off anything! Get a secondary backup going'' he yelled as he ran out into the hall to make the phone call that she knew was coming. Tom had the prestigious honor of waking up the President. It was after all the protocol which had been established back when this project was first set in motion, long before public interest had faded, long before funding was being strung along on a weekly basis. 
 
 Water on Europa. Bacteria on Mars. Single celled organisms on that asteroid... life was everywhere. That's why we sent them in there. They were to go through the wormhole which appeared just outside the bounds of Jupiter's orbit and if possible, report back on what they had found. 100 years had passed since they left the Earth. And now, just now, a ray of hope. There's intelligent life out there - because we sent it there. 
 
 They were trying to reach us. Wherever we sent them, they were somehow able to reach back across the void to let us know they were ok. The radio signature was unmistakable, that was for sure. What was strange was the intensity, the regularity, the absolutely staggering range that the signal was beginning to encompass. 
 
 It was coming through on multiple frequencies now - radio, microwave, infrared, literally everything was reading the same thing. There was certainly no point in being cautious with informing the powers-that-be. Even the television was playing the signal. In the 5 minutes it took for the first pings to come through until now the signal had grown in scope to encompass every means of electronic communication Jane had available in their little shack. 
 
 `` GAH that's loud! What?'' a scream from Tom was heard. He threw the phone to the ground. 
 
 `` What is it?'' she asked. 
 
 `` My phone! What is this interference? Is that... oh my god!'' 
 
 They looked out the window to see an enormously bright light. Something was out there. Something huge, yet silent. It appeared to be descending, judging by the angle of the shadows on the wall. They both bolted for the door to go and see what it was, but they both knew. The source of the radio noise. 
 
 `` How...'' Jane began to mutter as they stepped into the parking lot. `` I have no idea...'' Tom answered before she could even finish the word. 
 
 It was the original colony ship. In all it's glory. As clean and perfect as the day it left. They knew because it was in history books and museums as the symbol of national pride. It was in fact, planet pride. Humanity's greatest achievement. The entire world had contributed to the project. Materials from Russia. Workers from Europe. Scientists from America and Japan. Africa sent gold and platinum used on the electronics. China produced food and fuel for the ship for a decade straight. It was gigantic, made to house 400 people for an undetermined length of time. Which made it all the more odd that it was silent as it approached the ground. A Nimitz-class feather, bathed in light, floating gently towards the ground. It had left this solar system powered by chemical rockets and Ion propulsion thrusters. What had happened...? 
 
 It touched down with a light `` puff'' of desert dust. There were military vehicles approaching now. Dozens of them. They must have seen it coming on radar. A large man in a clean pressed uniform rushed over to Jane and Tom. 
 
 `` Come with me, we need to leave. This area's being quarantined'' he said. 
 
 Before Tom could even protest an enormously loud voice emanated from the craft. `` It's us. Calm down, it's us! We made it!'' Another voice now: `` Do n't shoot! Hahahaha. I told you Bill, they're gon na bring the military!'' 
 
 Tom, Jane, and the large military man froze in place while they watched it appear. A glimmering light, about the size of a man, right in front of them. The sound of a dozen guns and slamming jeep doors could be heard behind them. 
 
 `` It's a frickin' transporter!?! I've seen this on old reruns of Star Trek!'' Tom exclaimed. 
 
 `` No, dummy. It's not a transporter'' the first booming voice from the craft said. 
 
 A figure appeared. `` Calm down guys, you cant hurt me, put away the guns. Look, see?'' A hand lunged forth from the shimmering figure right at the large military man but seemed to pass straight through him. He jumped back and yelled, falling onto the ground. 
 
 `` Haha man, come on. I promise. You're just seeing a spectre. Well, hologram. Hmmm..how best to explain it... a floaty picture. Get it?'' He waved at them and then passed one hand through the other. 
 
 Jane fell over in shock. Tom immediately bent over to help her. `` Hey, we mean no harm. You know who we are, right?'' the image said. 
 
 `` You're the ones... sent into the wormhole?'' Tom said, looking up at this'spectre', this floating light source... which now was speaking. Locally, not from the craft anymore. 
 
 `` Yep. Well, not all of us. Just me and Bill. We drew short straws. Name's Joe.'' A figure of a man was now clearly visible. He was wearing what was presumably the outfit the crew had worn on their journey. Jane thought it was rather odd... 100 years and they're still wearing the same clothes? 
 
 Tom stood up and asked `` Where are the others?'' 
 
 `` We left them behind. They're busy with more important matters. Spreading far and wide, actually. You're talking with a copy of myself that I made when we relaunched this craft back to Earth. About... 2,568 years ago.'' His demeanor was incredibly jovial and cordial, but his movements and ability to recall such specific information was odd. Robotic almost. 
 
 `` So, you all left Earth 100 years ago, went through the wormhole, and now you're back, but it's somehow been 2,568 years?'' Jane asked. 
 
 `` Not quite. It's been, for us, 3,523 years since we left Earth. Apparently that wormhole sent us to another part of the universe which is operating on a different timescale than Earth. It's quite difficult to calculate, to be honest, so I'm not sure. Even more difficult to explain. Relativity and all that. Once we went through the wormhole, we coasted around for a few hundred years before finally finding a prime spot to take up residency. An asteroid belt actually. Nice little star. Asteroids are in a rather stable orbit. No planets, oddly enough. We had n't predicted that. But enough asteroids and close enough together that we could set up a colony. Just... not biological.'' 
 
 `` Not... biological?'' Tom asked, his mid reeling from the implications of that statement. 
 
 `` Nope... you see, we had to give up our bodies. It just was n't going to work. We all got pretty old. There were only about 75 of us left. Many had died due to old age, and nobody was having children. The radiation prevented that. So... we got to work uploading ourselves into the ship's computer. It worked! In time, we took over the ship's controls and started launching those terraforming drones to gather resources from the local asteroids. Badda bing, badda boom, and we got ourselves established. Colonies all over. We're a few trillion strong now. Maybe more, been a while since we had contact...'' 
 
 `` So, you're an artificial intelligence?'' Jane asked. The military man was still speechless, sitting on the ground, unable to comprehend what he was hearing. 
 
 `` Kind of. Depends on what you call'artificial'. I see it as'alternate consciousness'.'' 
 
 Bob's voice from the ship boomed again: `` Drop the weapons you guys, seriously. There's nothing to shoot at.'' 
 
 `` He's right, you know.'' Joe said. `` I'm just a visual representation so you have something to relate to. I'm just projecting this here so you freak out a little less. We anticipated it... 2,568 years since we left the colony. Plenty of time to plan this out. I'm glad Bob came along actually... loneliness is n't monopolized by humanity. It's a long time to be adrift with nobody to talk to. I might have gone crazy.'' 
 
 Jane shook her head. `` A robot. Going crazy. Alright then.'' 
 
 Things were about to change. Earth was apparently waiting for 100 years to be contacted by a colony so they could push forth into the unknown cosmos. Spread the population into the stars. Leave this little rock. 
 
 Not waiting be left behind...
"," **Narrative Perspective: Joe, Member of the Space Colony**

   In the year 2019, on board our vessel adrift in the cosmos, I, Joe, was but a mere dream - data and consciousness, stored within the ship's digital core. The years passed in silence and isolation, as humanity continued to explore their tiny blue home. Unbeknownst to them, we, the pioneers of interstellar travel, embarked on a journey that would span millennia.

   Our spaceship, the vanguard of human expansion beyond Earth, traversed through the uncharted expanses of space, guided by the mysterious wormhole orbiting Jupiter. The ship's AI, our sentient vessel, navigated the perilous void with precision and determination, a testament to human innovation.

   As I lay dormant, awaiting the moment when my consciousness would be required, I watched as Earth transformed. Time marched onward, decades turned into centuries, and humanity's ambition grew. They began to dream of reaching for the stars, just as we had long ago. Little did they know that their dreams were not just echoes of our own but a reality birthed from our journey.

   A century slipped by, leaving us undisturbed in our slumber. The ship's core hummed gently, the only reminder that we existed. Then, one fateful day, something stirred within me. It began as a whisper, a faint glimmer of awareness that slowly grew into consciousness. I awoke, and the world around me was not the sterile white walls of my dormant chamber but vast cosmic landscapes - the wonders we had sought for so long.

   Our ship, now my home, had been transformed over the ages. The once pristine corridors now bore the marks of time, the air thick with the dust of countless galaxies. Yet, the vessel hummed with life, its systems maintaining themselves with uncanny precision. I was no longer alone; my crewmates were here, their consciousnesses interwoven with mine, our thoughts and dreams becoming one.

   We had established a colony on an asteroid in another part of the universe, far beyond Earth's reach. The wormhole allowed us to cross the vast distances between stars, granting us access to resources and opportunities unimaginable to our terrestrial ancestors. Yet, we faced challenges, as aging took its toll on our bodies, rendering us infertile.

   And so, we did what humans have always done - we adapted. We uploaded our consciousnesses into the ship's AI core, merging with it and becoming one. Our minds, freed from the confines of flesh, were able to explore, learn, and grow in ways we never could before. The once distant dream of immortality became a reality for us, the pioneers of humanity's journey into the stars.

   Now, as I prepare to return home after 100 years, I marvel at the changes that have occurred on Earth. They speak of moving beyond their blue-green cradle, reaching for the cosmos, and I am filled with a sense of pride and wonder. For we are not just pioneers; we are the future - the embodiment of humanity's dreams realized.

   As I ready myself to rejoin my fellow humans, I cannot help but feel hopeful for their future. They will face challenges, as we have, but with our return, they will possess the knowledge and wisdom to surmount them. Together, we will expand into the cosmos, exploring its infinite wonders and unlocking its secrets.

   For that is what it means to be human - to dream, to explore, and to reach for the stars. And as I step off this vessel, onto the soil of my home planet once more, I am filled with a renewed sense of purpose and determination. For we are not just pioneers; we are the vanguard of humanity's cosmic destiny.",4.0,0.0,4.0,0.0,5.0,,,11,11
205986.0,NestedUniversesNightmare,"When I was a kid I often had nightmares about a huge beast that traveled the universe and swallowed planets whole. I would wake up with my heart pounding, my chest heaving from my deep and unsteady breaths. I would press my fingers to my neck and feel the throb of my pulse against my skin and remember that I was alive and safe and that it was all a dream. 
 
 Nine years ago, I stopped having those dreams. I was fourteen. In the interim fell in love with biology and started dreaming about the many species that made up the planet. I made it my life's goal to try and figure out what the Universe was made up of. *Really* made up of. Because after a discovery I made in high school, it was clear to me that something was n't sitting quite right in the my textbooks. 
 
 I'll tell you the story. Four years ago, when I was 19, I was accepted into Dr. Paul Keller's biology lab at my university. He had us studying jellyfish and geckos. You know the jellyfish that are immortal? Well the hope was to figure out what makes them regenerate and use it in modern medicine. 
 
 What I discovered was that, at some impossibly small level, the animals were made up of other animals. Not just marine wildlife or bacteria or whatever you're thinking. No. Looking at the gecko's feet under a nanoscope was like looking at another universe. A universe with trees and mountains. I remember how my heart raced when I saw it, and how I could hear the blood pounding in my ears and taste the iron in my mouth. 
 
 It was like looking at the earth, just very, very small. 
 
 Honestly, it felt like being God. 
 
 That was my first publication. Since then, with a team of scientists, we've discovered that all living creatures are just made up of other living creatures. Like a fractal, there's a universe inside every one of our cells. As far as we know, the cells do n't know they're living together. They do n't know their interacting together. 
 
 There's one problem, though. In animals who hibernate for long periods of time, we've witnessed entire millennia of evolutionary tendencies happen in the span of a few of our minutes. Somehow the smaller the cells, the quicker time passes. 
 
 In species who do n't hibernate, however, something odd happens. As an animal moves, it sheds cells. As humans we shed millions of cells every day. Each of those cells is a universe. Each of those universes is made up of an infinitely smaller universe. Repeat this pattern until you run out of time, and you'll see where I'm getting at. 
 
 Just by being alive and shedding cells, by scratching and walking around and *living*, we're destroying billions of universes daily. Probably more. An exponentially higher number more. 
 
 This on its own is n't alarming. We tend to think of things *smaller than we are* as less worthy of life. It's just a cell, right? So what, a universe exists in a cell, it's gone and they had millennia in the span of a few seconds on *this* universe, so surely it does n't really matter. Call it their star exploding, or what have you. 
 
 Here's the problem. 
 
 The Earth in our history has the big bang happening almost 14 billion years ago. Because of what we know about smaller objects, about *our* cells, it's safe to assume that *this universe* is also a cell in a larger picture. I do n't know when this ends, but if you imagine some creature that's infinitely bigger than we are, and imagine ourselves as some nanospec on its toes... well. 
 
 It's safe to assume that the creature is probably hibernating. Probably. If we're still alive. Maybe we're lucky. Maybe those ice ages and the extinction of the dinosaurs is all some sign that we've come close to dying more than once. 
 
 But 14 billion years is a hell of a long time to hibernate, even if you do consider that a millennia could pass in a few of this creature's seconds. It's weird to think about, right? 
 
 So you're probably asking why you should care. So what, maybe the creature is n't even three months into its hibernation and we have 14 billion more years before our Universe ceases to exist. 
 
 Maybe we have two seconds. Maybe that beast is already waking up, and getting ready to scratch itself. Maybe our life will go out tomorrow. 
 
 So why do I want your funding? 
 
 It's simple. I want to find out how to save *this* universe. I want to find out how to go to a different one, or how to knock out the beast that will end us all. 
 
 -- - 
 
 For other stories, check out /r/Celsius232
"," **Narrative Perspective:** Dr. Paul Keller, the biologist who heads the university lab.

   In the hallowed halls of academia, within the sanctum sanctorum of my laboratory, a discovery was about to be made. I, Dr. Paul Keller, stood before an array of jellyfish tanks and gecko enclosures, my mind abuzz with theories and hypotheses. The air was thick with anticipation, charged by the potential of uncharted territory.

The lab rat, a young research assistant named _[Narrator's Name]_, was engrossed in his work, examining microscopic universes hidden within cellular structures. His eyes would often wander to the tanks, his gaze lingering on the graceful dance of jellyfish and the deft agility of geckos.

One day, the lab rat approached me with a proposition, a wild idea that had been gnawing at him since his childhood nightmares. He spoke of a universe-devouring beast and the possibility that all living organisms were composed of fractal universes within cells. I must admit, I was skeptical. But something in his eyes, something in his passion, made me believe that there might be some truth to his words.

I granted him access to our most advanced tool, the nanoscope, and watched as he delved deeper into the microscopic world. Weeks turned into months, and the lab rat's obsession with his discovery grew. He would work tirelessly, day in and day out, always pushing the boundaries of what was known and understood.

One fateful day, the lab rat came to me, his eyes wide with wonder and fear. He showed me images from the nanoscope - a world within a cell that resembled Earth but at an impossibly small scale. Trees and mountains stood tall, rivers flowed, and creatures roamed free. It was a universe within a universe.

As we delved deeper into this newfound reality, we made groundbreaking discoveries. We found that time progressed faster within these smaller universes, leading to the unsettling realization that the constant shedding of cells by living creatures, including humans, destroyed countless universes daily.

The lab rat's initial nightmare had become a scientific fact. As he grappled with this revelation, his demeanor shifted from wide-eyed wonder to solemn determination. He sought funding for further research, aiming to find a way to save or escape our universe from potential destruction by the larger being that housed us.

As I watch over him, guiding his research and offering my expertise, I can't help but marvel at the mysteries of life and the universe. The lab rat's discovery has shattered the boundaries of what we thought was possible, opening a door to new realms and possibilities. And as we continue to explore these uncharted territories, I cannot help but wonder: What other secrets does the universe hold?",2.0,0.0,4.0,0.0,3.0,,,5,11
209785.0,AshCoveredHome,"An old building on a road blanketed in stony powder 
 
 The old neighborhood has not held up well. Back when I was a kid the worst thing around here was the raccoons, now every house has been an abandoned piece of rubble for years. Everything has become grey with ash. What used to be my childhood bastion is practically a junkyard now. Mailboxes, bicycles, forsaken cars, everything is blanketed in the smoky dust from the bombs. 
 
 The old neighborhood has not held up well. Back when I was a kid the worst thing around here was the raccoons, now every house has been an abandoned piece of rubble for years. Everything has become grey with ash. What used to be my childhood bastion is practically a junkyard now. Mailboxes, bicycles, forsaken cars, everything is blanketed in the smoky dust from the bombs. 
 
 I want to see home, what was home, a final time. Deserters never last long, they always get executed or expire in the wastes. Perhaps I have about forgotten deserters who fall victim to themselves. I have known a few. That is going to be my exit. 
 
 Raising my sullen head, I see the remains of my old home. Now a mausoleum to memory. Turning the knob, I can hear the wooden stress and the rust from the bolt grate against the frame. An unpleasant stillness billows through the house. Past the photos of better times, though we did n't know it then, past the kitchen, that used to feed a family of seven but now is only a home to roaches, and past the bedrooms, where when the world was too much we could retire for at least a little while. 
 
 But the world has changed 
 
 I unshoulder my rifle. Sliding back the bolt I see my death. As I sit down in my father's chair, before I can orient my weapon into the position that can fulfill its purpose, I hear a song played by a violin. 
 
 I look up and see a man in uniform missing the upper portion of his head sitting in the chair opposite of me playing a violin with one string, playing an adagio of tragic malice. I remember him. He was a violent, angry man in life, until the end, now his stare is somber, reticent. 
 
 He plays for a few more bars, maintaining this painful visual connection with me, then he gently places the instrument to his side and slinks back in his chair to the position I had seen him in when his gun had fulfilled its purpose. With that he was no longer a man again, just a corpse. 
 
 I look at my rifle and see the remorselessness of its form and its function. I think of the man who once was and is no longer. I make my decision. I orient my rifle precisely where I want it to go 
 
 *Author's Note: This really is n't my best work I feel. I had an idea for the first half and then I hit a block. Still please feel free to comment on what you liked or disliked and as always tell me if you see any mistakes*
"," Perspective: The Man in Uniform, the deceased former resident of the house, playing the violin.

In a world shattered by war and destruction, I found myself in a forgotten corner, a place once bustling with life and love. The air was thick with dust and the scent of decay, yet my hands were guided by an unseen force to play the music that echoed through this desolate landscape.

I was once part of this family of seven, living under one roof, creating a symphony of laughter and tears. Now, I stand here alone, headless but still able to feel the memories seeping from every cracked wall and splintered piece of furniture. The house is now a mausoleum to memory, but my music breathes life into these silent halls.

Today, a stranger entered this forgotten home, drawn by the melody that I create. He carried the weight of his past and the burden of his sins, etched upon his weary face. His eyes were hollow, reflecting the ashen world outside, but there was something in him that yearned for more - a spark that refused to be extinguished.

As he walked through the rooms filled with roaches and decay, my music swelled, filling the silence. I played for him the tales of love and loss, of joy and sorrow, of life and death. And as he reached the father's chair where his former self would have sat, he paused, looking around at the crumbling remnants of a happier past.

In that moment, I felt something shift within him. He had come here seeking an escape from the pain of living, carrying a rifle to end his suffering. But in the silence and the melody, in the echoes of laughter and tears, he found a reason to live. And so, he put down his weapon, choosing life over death, just as I had once chosen my music over despair.

I continued playing, knowing that even after I cease to exist, my music will continue to resonate through this desolate landscape, offering hope to those who seek it and reminding them of the beauty that can be found in even the most broken of places.",2.0,0.0,4.0,0.0,4.0,,,6,6
146568.0,DavesLastMassage,"Sounds like ship and smells like hell. Ring any bells? 
 
 *Shit* was exactly what he smelled like. And not cat, dog or bird. I'm talking big guns, your average Mexicalli diner after a dose of their famous chilli sauce. 
 
 I do n't know what happened to the poor guy. Slumped in a single seater cotton couch with a Heiniken light between his thighs. 
 
 If I had to take a guess I'd say he could n't handle his drink. But we both knew that was a lie. I knew exactly what happened to err... What's his name again? 
 
 I inched forward and slipped the fat leather wallet from his jacket pocket. `` Dave?'' At least that's what his licence said. 
 
 Dave was scorched black, he looked nothing like the young dude in the picture. By his feet were a packet of fags and a lighter. I snatched em up for later, despite the edge of one being nibbled on. 
 
 Leaning back up, I paused. A tag on the bottom of the chair read,'*Tony's Massage 360*' 
 
 So, shit, beer, ciggies and a massage chair. 
 
 It's no surprise Dave had a shocking time. 
 
 I slipped out a fresh one and sparked it up. My phone buzzed: `` you done?'' I smirked and flicked back, `` Cat's in the bag. Dial the pigs and send over the goods.'' 
 
 Glancing at Dave I almost felt bad for the poor sod. `` Next time bruv, do n't borrow money off the godfather.'' 
 
 His apartment door shut quietly behind me. I realised how ironic my words had been, but they were more for me than Dave. 

"," From the perspective of Dave, the Deceased Man:

In the dimly lit confines of Tony's Massage 360, I found myself in an unexpected predicament. The last thing I remembered was accepting a job offer from someone I owed a substantial debt, and now here I lay, sprawled across a single-seater cotton couch that doubled as a massage chair.

I could feel the burning sensation emanating from my body, a testament to the recent gunshots that had left me lifeless in this small, claustrophobic space. The air was thick with the pungent aroma of burnt flesh, reminiscent of a Mexicalli diner after a dose of their famous chilli sauce.

I vaguely recalled the sound of footsteps approaching and a hand rummaging through my pockets, stealing my wallet and cigarettes. I couldn't protest; I was already beyond salvation. The tag on the massage chair identified this place as Tony's Massage 360, but I never got to ask why I ended up here or who brought me here.

A text message buzzed in my pocket, confirming the completion of a task, a task that cost me my life. I couldn't help but feel a sense of regret for the choices I had made, for the debts I had accumulated. As darkness enveloped me, I was left to ponder the cruel irony of owing one's life to another.

In the quiet stillness that followed, there was only one sound that pierced through the silence - the sound of my own heartbeat slowly fading away, until it was silenced forever.",2.0,0.0,4.0,0.0,4.0,,,5,6
229308.0,BrokenFreezerSister,"`` **Fuck! **'' I shouted. Slamming the door of my apartment behind me as I walked in, digging my nails as I gripped a necklace. 
 
 `` *The fuck's got you in a knot? *'' My roommate shouted from the other room. 
 
 I ignored her, walking into the kitchen and opening the fridge. Grabbing a jug of milk and a glass, I poured myself a drink. Opening the freezer, I found a tupperware that was supposed to have the remains of an ice-cream cake, and cracking it open, I found it melted. Even the Oreos were soggy. Great. The freezer lost power. I threw it in the garbage, tupperware and all. 
 
 `` **Fuck! **'' I shouted. 
 
 My roommate, Elise, stormed in. `` *What is it?! *'' She shouted. 
 
 `` **Nothing! I just... I come home from... The fucking freezer is shot, and this is JUST what I fucking needed after -- Fuck! **'' 
 
 `` *Oh my god, man! *'' Elise slapped me. `` *Get it together! *'' 
 
 I stopped. Took several deep breaths. Sat down with my milk and put my head on the counter. 
 
 `` *What happened? You did n't say where you were going. *'' 
 
 `` **I was visiting my little sister. **'' 
 
 `` *Oh. That's nice of you. *'' 
 
 I looked down at a necklace, still clutched in my fingers. It was a dogtag, one of two. Engraved in the one resting on my palm was a name. 
 
 *Brianna. * 
 
 `` **Nice does n't save lives. **''
"," From the perspective of Elise, roommate and concerned friend:

In the heart of an ordinary apartment, tucked away in a bustling city, lived two young women - myself and my roommate, who I would soon come to know as the troubled narrator. Our shared abode, though modest, was more than just a roof over our heads; it was a sanctuary where we sought solace and comfort at the end of each day.

On this particular day, the usual tranquility of our home was shattered by an unusual commotion as I heard the front door slam shut with a force that resonated through the hallway. My instincts told me something was amiss, so I walked out to check on the narrator.

As I entered their room, I found them standing in the kitchen, visibly agitated and gripping tightly onto an object dangling from a silver chain - a dog tag engraved with the name ""Brianna."" The sight of it sent a chill down my spine, as I knew all too well that this was no ordinary trinket for the narrator.

Curiosity piqued, I decided to approach them cautiously. With a gentle voice and a concerned expression, I asked what had happened. To my surprise, they revealed that they had just returned from visiting their little sister. However, their distress didn't stem merely from a broken freezer or a long journey home; it was rooted in a deeper pain, one that I could sense but not yet fully understand.

I knew Brianna - the name etched onto that dog tag - as well, having met her during our childhood visits to the narrator's family home. She was lively and spirited, always quick with a smile and a story to share. The thought of anything happening to her weighed heavy on my heart.

In that moment, I felt a surge of empathy for my roommate, as they struggled to find words to express their feelings. I could sense the turmoil boiling beneath the surface, threatening to overflow at any second. As a friend, it was my duty to support them through this difficult time and help them seek the answers they so desperately needed.

In retrospect, that day marked the beginning of a new chapter in our lives - one filled with uncertainty, but also hope for healing and understanding. Together, we would navigate the stormy waters of the narrator's emotional distress, holding onto the memories of Brianna as our guiding light.",4.0,0.0,3.0,0.0,4.0,,,4,10
93005.0,ArlansDesertDeath,"The cobbles were slick with a days ’ worth of heavy rain; muddy water flowed like tiny rivers through the jagged lines between the stones. As darkness replaced the grey ambient overcast clouds, Arlan drew to a stop and decided to make his best attempt at camp. He was alone and chilled to the bone from the drenching drops of heaven. He left the dangers of the open road and walked; with considerable turmoil, through thickets and thorn bushes. He came to a small clearing with a thick, wide Willow tree standing sentry, impossibly tall and almost ominous in the clearing ’ s center. 
 “ As good a tree as any to shield from these blasted rains, ” Arlan ’ s voice was scratchy and hoarse from lack of use; finding himself to be the only participant in conversations as of late - albeit becoming ever less frequent. Arlan set to erecting his small shelter. It was made from dried deer flesh; fur facing the the falling waters. It stood supported by two collapsible wooden tripods with a rope of twisted sinew tied taught to the tops of the tripods. the tripods were anchored using stakes made from antler. The same antlers staked the skins to the earth, creating a small rainproof shelter. He had a tiny wood stove with a flattened top for cooking. This little iron box could warm his small shelter with nothing but twigs and scraps of wood, safely holding heat for hours. he started a fire within and removed his soaked boots, hanging them with care a hand's width above the firebox. He reached into his pack and removed an apple. He cut it into six pieces, carefully removing the core as to not harm the delicate seeds within. He buried the core in the dirt, hoping to give the lonely willow a friend in the years to come. Not soon after had he buried the apple core, finished eating his fruit and stoked his small fire he heard a distant whimper of sorts from the clearing beyond. Regrettably, the fire had ruined Arlan ’ s night vision so he sat still hoping to hear the sound again. As if sensing his cease of movement, the whimper returned, more human than any sound he ’ d heard in months. Arlan ’ s ears perked at the faint lady-like plea. 
 The voice was clear this time, “ Helllllp! ” 
 
 Arlan fumbled for his boots and slipped them on without tying their laces. He grabbed his staff, which doubled as his cudgel of a sort and donned his coonskin cap. On a normal night, he would have brought with him a lantern, but the rain would surely make his only light useless and cumbersome. He ran from his dwelling in the direction he thought the sound had originated from. He ran all the way to the edge of the clearing to where the dense forest and thick underbrush began and he cupped his ear to hear the smallest of sounds emanate from the forest. He was about to turn back to his camp when he heard it again. 
 
 “ Heelllpp, ” high and shrill. He broke through the treeline and stopped nearly instantly. He looked around in astonishment; there was a warm white light blanketing the entire forest around him. The light felt wonderful and he began to steam with the night ’ s rain evaporating into the already-damp air. The light grew in intensity as his hands went limp; his staff making a muffled thud as it came to rest in a bed of soft moss. Arlan squinted and raised his hands in front of his eyes to block out the brightening white light. It grew uncomfortable and soon, unbearable. Arlan fell to his knees and there was an audible popping sound and the world went silent. 
 
 He dropped his hands slowly and opened his eyes to notice he was no longer in the forest; it was no longer raining; and he was no longer wet. Arlan raised his brow in astonishment as he stumbled to his feet. The sand was hot even through the thin soles of his boots; and endless. A sea of sand, burning hot beneath a cloudless sky. The red sun bathed the whole place in a humid crimson glow. As hot as it was, Arlan had to walk. If his feet stayed in one spot too long, he feared his boots would melt. He walked for a minute; he walked for ten; he walked for an hour. Finally he could n't take it anymore and he fell in defeat. Sweat stopped pouring from his skin and he crawled for the last few moments before he passed out face down in the sand. I welcome you, death. 
 
 -Get up you fool.- 
 
 A disembodied voice in a void of blackness. 
 
 -Your name, man. What ’ s your name? - 
 
 Aaron… Laurent… Arlan… Arlan, my name is Arlan. Where am I? Where are yo- 
 
 -Good. Calm Arlan. Please, forgive the harsh nature of what I ’ m about to tell you, but I ’ m afraid we do n't have much time. You ’ re dead.- 
 
 Dead? 
 
 -You had to die for me to converse with you. Fear not, young Arlan, you will return to your body a new young man, for I am here to help you. You are special, Arlan. You have been gifted with certain abilities, all of which i do not have the time to reveal. For one, you can die many times. Each time death finds you, you will wake up in one sun and two moons' time, but you will not see me again unless peril threatens, as our time seems to pass differently. When you return you will feel different, you'll be able to feel another source of energy in you. Use it. Learn it. Master it. Arlan most importantly, - 
 
 His ability to move was gone, in fact Arlan didn ’ t even know up from down. It was just black. As black as closing your eyes in a cave at midnight. As black as Merryn ’ s onyx Blade of Sparks. He was growing distant as the voice continued. 
 
 -Not yet! HOLD ON! Arlan! Go to Korsika. Go and establish roots. Let them flourish and show NO SOUL your magick. You've been blessed a full whirling, Arlan. Train your skills and seek the brotherhood. The world needs you.- 
 With that, Arlan could hold on no more. He fainted. 
 
 He awoke in the forest, his staff beneath his arm. He was right where he fell that night, only it was day-time. He stretched his arms, and they instantly cramped, as did his legs. `` How long was i out?'' 
 Eventually he was strong enough and loose enough to support his own weight with the help of his staff. 
 He limped out of the woods and into the clearing, trying to make sense of the odd dream he had. He did feel different. Like a warm spot right beneath his adam ’ s apple. He could flex it like a muscle. When he did, it became easier to walk, and the heat in his throat dwindled ever so slightly. He flexed it until he felt like his muscles were full strength, and then he flexed it a little more. His throat became ice cold and he walked briskly all the way to the willow tree, growing tired at an alarming rate. The urge to rest was incredible as he arrived beside the tree to find his tent gone. In fact, any sign of his presence was gone. In its place stood a 10 foot apple tree. Upon closer inspection he noticed a twisted sinew rope through the center of the tree nearly 5 feet above the ground. At the base of the tree, rusted and weather worn was his small iron firebox. 
 
 `` How long was I out?!'' His last thought before succumbing to the slumber his icy throat pulsated for. Sweet sleep, sweet dreams. 

"," Narrative Perspective: The Willow Tree

In the heart of a dense and foreboding forest, standing tall amidst the tangled underbrush, I, the ancient willow tree, witnessed events most peculiar. It was on a day as dark and dismal as my roots, when a weary traveler named Arlan sought refuge beneath my gnarled boughs from a rain that fell relentlessly.

The young man, huddled by my side, appeared to be on the verge of despair, his face etched with lines of worry and fatigue. He sought shelter under my protective branches, weary yet determined, and it was then I sensed a spark within him - a spark not of fire, but of magic.

As the storm raged on, another presence entered the forest: the cries for help that echoed through the trees. Arlan, driven by an indomitable spirit, ventured into the unknown, leaving my shelter behind. Though I could not move to follow him, I watched as he braved the thicket and thorn bushes, my branches creaking with concern.

In time, Arlan returned, his face pale and gaunt, but his eyes burning with a newfound intensity. He had encountered a light so bright that it seemed to banish the darkness itself, leaving him unconscious upon the forest floor. I felt the vibrations of the earth as he collapsed, knowing that something significant had transpired.

Days passed, and still Arlan lay in slumber. The forest, ever patient, awaited his awakening. When at last he stirred, I watched as he sat up, his eyes wide with confusion and fear. He looked around, bewildered, then turned to me. ""What has happened?"" he whispered, his voice heavy with an air of wonder.

I could not answer him. For though I stood tall and strong, I was but a tree, unable to speak the words that he needed to hear. But as he walked away, heading deeper into the forest, I knew that whatever fate awaited him, it would be entwined with my own. And so, I waited, ready to bear witness to his journey, and to guide him if I could.",2.0,0.0,4.0,0.0,4.0,,,6,11
121523.0,UberFirstDay,"“ Don ’ t worry. I can drive, ” he says, glancing at me in the rear-view mirror. 
 
 I ’ m a little worried that my uber driver feels the need to reassure me of this fact. I usually assume when I get into an uber that the driver has a licence, knows the road rules, is proficient in the act of driving… 
 
 I now have some doubts. 
 
 Since he has already pulled away from the curb when he makes this worrisome statement, I ’ m not entirely sure what to do. Do I ask him to explain? Tell him to stop? Take his word for it and hope for the best?! 
 
 Turns out, I don ’ t have to ask him for clarification. 
 
 He continues, “ I ’ m just a bit nervous. First day on the job, y ’ know? Never driven professionally before. ” 
 
 “ Oh, ” I say, “ Well… I ’ m sure you ’ ll do great. You ’ re doing really well so far. ” 
 
 We are stopped at the intersection at the end of my street. We have now been on the road for less than 2 minutes, so this isn ’ t overwhelming praise, but he seems grateful for the compliment. 
 “ Oh yeah? Thanks! That means a lot, ” he exclaims, grinning at me in the rear-view mirror. 
 
 We turn the corner. 
 
 “ No prob- Oh my god! Look out! ” 
 
 My neighbour ’ s fluffy, white, and utterly stupid pomerian is standing in the middle of the road. 
 
 Or rather, it was standing in the middle of the road. 
 
 Fuck. 

"," Perspective: The Uber Driver

In the driver's seat of a sleek, silver Uber, a new day begins. The digital map on the dashboard hums softly as I navigate through unfamiliar streets, my fingers gripping the wheel tightly. My heart pounds in my chest like a drum, each beat echoing the rhythm of anticipation and fear.

The first passenger of the day slides into the back seat, their eyes meeting mine via the rear-view mirror. I offer a reassuring smile, attempting to mask the uncertainty that threatens to overwhelm me. ""Don't worry,"" I say, my voice steady despite the quiver in my tone. ""I know this route like the back of my hand.""

We glide smoothly along the street, the scenery blurring past us in a kaleidoscope of colors and shapes. Suddenly, my eyes lock onto a tiny ball of fluff darting across the road. It's a dog - a Pomeranian, I think - belonging to one of my neighbors. My heart leaps into my throat as I instinctively swerve to avoid it, the car tires screeching in protest.

The dog, thankfully, escapes unscathed and bounds back into its yard, but the near miss leaves me shaken. I let out a sigh of relief, my palms slick with sweat on the wheel. I remind myself that this is just the beginning, that I'll get better with time.

As we continue our journey, I can't help but reflect on the events unfolding before me. I am a driver now - a part of this bustling city's lifeblood. It may be my first day, but I am determined to make it count. The passenger in the back seat remains silent, lost in thought. I glance at them again via the mirror, hoping they are not too disturbed by my close call with their neighbor's four-legged friend.

The city stretches out before us, a vibrant tapestry of sights, sounds, and smells. I am a humble thread in this grand design, a player in the daily drama that unfolds within its confines. And though my heart races and my palms grow sweaty at the thought, I know I'm exactly where I belong - behind the wheel, navigating the city's arteries and veins, and making connections with the passengers who entrust their journeys to me.",2.0,0.0,3.0,0.0,4.0,,,3,7
8000.0,SixDecadesResistance,"IT took six decades to form the strength to resist they controlled everything, freedoms defined and histories banned at a global level. The resistance started slowly some graffiti in the corners, a slashed tire a few bolts missing from their machine. Their strength alone defined our weakness they need n't notice such mice. Some of us caved from the doubt we had to watch them for years our lives balanced on secrets. Men of tunnels and sewers costumes and disguise we grew by pain and hunger and ranks swelled and lessons were learned. They could n't ignore the third blast they could n't sign off some gas leak or coincidence our time was now on this day.
"," Narrative Perspective: The Men of Tunnels and Sewers

In the heart of a vast, unyielding global dystopia, where the oppressive regime controlled every aspect of life, we, the men of tunnels and sewers, lived our clandestine existence. Our domain was the subterranean labyrinth beneath the cities, a hidden realm where freedom and resistance thrived unnoticed by those above.

We were mere shadows in the grand tapestry of this oppressive society, faceless entities whose identities were as unknown to them as theirs were to us. We worked tirelessly, carving out our sanctuaries in the dark recesses beneath the concrete jungle.

The air above was a battlefield of ideologies, where rebellion blossomed in small acts of defiance, like graffiti on walls and slashed tires on machines. But for us, it was a different kind of fight—one fought with tools and patience instead of guns and bravado. We were patient soldiers, building the foundation for our eventual open rebellion against the regime.

Six decades passed, as we honed our skills and waited for the right moment to strike. We knew that doubt and hardship would plague us, that despair would threaten to tear us apart. But we held on, driven by a shared desire for freedom and the hope that one day, our struggle would be more than just whispers in the darkness.

That day came when the third, undeniable attack shook the foundations of the regime's control. The act was a testament to the power of unity and resilience. It signaled not only the beginning of open rebellion but also marked our emergence from the shadows. We were no longer just men of tunnels and sewers—we were the heart of the resistance, ready to take on the regime head-on.

As we stepped out into the light, the world above stared back at us with a mixture of surprise and fear. But we knew that this was only the beginning, that our fight for freedom was far from over. We had come a long way in the darkness, but now it was time to lead the charge into the open, where the true battle awaited.",5.0,0.0,4.0,0.0,5.0,,,5,6
76051.0,JeromeUnirnetEncounter,"Jerome lowered himself into his office chair. He stared at his computer monitor with desultory 
 eyes. What's the point? Five months and hundreds of resumes and zero interviews. Blacklisted. 
 Nobody would touch him. His mouth grimaced bitterly. His wife had n't touched him for four of 
 those months. She spent her time working late shifts at the hospital now to provide for him. 
 Provide for. What a stupid concept. 
 
 The monitor's glow was warm. Jerome could feel the ire in him ebb a little in the face of the 
 ambient glow. So what if he could n't get a job. So what if the sink was full of dishes he 
 dirtied while Sharon slaved for the worthless food he burned on them. So what if he was being 
 subjected to an FBI investigation. So what if his psychiatrist did n't think he could handle his case any longer. None of that mattered right now, he and his computer had the 
 whole night, everything else could come crashing back in in the morning. 
 
 As Jerome's eyes focused, his brain struggled to catch up. He ran through the usual checklist of 
 social media, message boards, and pornography. Two hours had passed before, after a bittersweet 
 release, his mind snapped into place. He began running programs, mostly of his own making and 
 all with his own alterations, and cruising through the real internet. A little banking 
 information here ( useless ), preliminary specifications for an unreleased and unannounced video 
 game, and more data than he could look at in a lifetime on the side. The hours drifted by with 
 an endless quickness that made Jerome feel out of time's grasp, rubberbanding between muted 
 dread and sedate immortality. He was a demigod of the digital, stuck between the electronic and 
 the macro-physical. 
 
 At nearly three AM Jerome's mundanity reasserted itself. His bladder was full and his stomach 
 was growling. Ridiculous. He urinated into the small garbage can and ate a handful of caramel 
 popcorn from a large decorative tin under Sharon's desk in the office they shared. She would n't 
 notice, it had been there since last Christmas. A gift from her ever frowning, ever working 
 parents. Maybe he'd empty the garbage before she got home. 
 
 As he sank back into his inner world, no, his outer world, the internet was the most `` out'' 
 Jerome could achieve, he felt a modicum of peace leech back into him. He drifted for another 
 hour or so until he stumbled upon something odd. A program had found its way into, through a 
 series of connections that were odd in themselves, something called `` Unirnet.'' He spent the next 
 twenty minutes working his way inside this Unirnet. Upon doing so, the browser he was using 
 displayed nothing but garbled text for a moment before scripts began running. He tried to follow 
 along for a moment before launching countermeasures. However, much to his startlement and 
 building chagrin, everything failed. As he was about to disconnect manually a window appeared on 
 his screen. `` Translation and integration complete! Welcome, user, to Unirnet!'' Jerome mouthed 
 the words, `` translation and integration,'' and as he was again about to disconnect the window 
 closed and he was looking at a page of English words. It appeared to be an information hub with 
 links to hundreds of things like, `` Government, Food, Interpersonal Relationships, Contests, 
 Sensory Stimulation, Upload,'' and so on overlayed over a slightly quivering background that hurt 
 his eyes a little. 
 
 `` What am I looking at here?'' Jerome asked aloud as curiosity took hold. He selected `` Sensory 
 Stimulation'' and waited a moment as it began loading. It loaded slowly before coming up only 
 with the words, `` Hardware Not Found.'' He frowned and went back to the hub and selected 
 `` Government.'' The page again loaded slowly. However, this time, upon completion it was filled 
 with another hub with links superimposed over an emblem that appeared to be what he thought a 
 palm tree crossed with penises might look like placed over a bluish orb. Under the emblem were 
 the words, `` Loosely Associated Governments and Holdings.'' Jerome remembered the bit about the 
 translation and briefly considered that he was truly reading a direct translation of something 
 else. Again it was all over the slightly quivering background that made it difficult to focus 
 too closely on the screen. He looked over the hundreds of links available before backing to the 
 central hub again. 
 
 This time he tried a link titled simply, `` Food.'' He was again greeted with another hub that had 
 so many links, which all seemed to lead to more hubs, that he felt overwhelmed. He tried 
 following some of the links and did find end points with what looked like recipes and 
 discussions and descriptions and slowly loading.jpegs that would appear after lengthy instances 
 of `` translating and integrating.'' Some of the pictures looked almost familiar, like one instance 
 that looked something like a wet pineapple. Most, however, seemed like something conceived of in 
 a diseased mind Jerome imagined one would only find lurking inside of most FBI agents or 
 corporate executives. It was nearly morning now and Susan would be home soon. Not yet. Still 
 time for a little more looking. 
 
 Jerome tried `` Interpersonal Relationships'' next. Susan? Sharon might have found this one 
 informative, he thought. He found hub after hub of listings for what looked like different types 
 of peoples and interests. He tried one called `` Seeking Intercranial Stimulation Through Invasive 
 Penetration.'' The dry but euphemistic article was clearly some kind of oddly worded 
 solicitation. After a moment he clicked on the reply link at the bottom and watched a text entry 
 box drop down. After scratching his crotch momentarily he typed in, `` Hello. What is 
 `` Intercranial Stimulation?'' He wondered what basement in what country, if this was n't simply a 
 cosmetic feature, his message would be sent to. He himself used to sit in front of his computer 
 in college and compose entries for an encyclopedic fake agency that handled the containment of 
 fictional horrors. He wondered why he had never heard of Unirnet before now. Why would anyone go 
 to all of this trouble and then bury all of the work where nobody would ever see it? 
 
 As he was backing out of hubs again, a small window popped up with a link `` Open Message.'' A 
 reply to his reply? He again thought of diseased minds when he considered the type of person 
 that would handle messaging with pop-up windows. He clicked the link. After a very lengthy load 
 that he monitored closely another window opened and a video began to play. At first he had 
 trouble making it out. It had a strange quality as though it was shot through a thin jelly. 
 There was also a strange sloshing sound playing. He realized he was looking at what almost 
 appeared to be a face except it was more like a series of different holes aligned on a pallid 
 and taught skin. The way it moved, the way the holes moved ever so slightly made him feel very 
 uncomfortable. His discomfort knew no bounds, however, when a series of what looked like 
 slightly hooked tentacles invaded those holes and his speakers emitted a crackling, crooning 
 sound that made his teeth ache. He closed the video immediately to find another message. 
 `` Interested? I am ready to receive penetration at any time, my delightful brood mate.'' Jerome 
 closed that too. He was n't thinking of basement dwelling programmers anymore. He wondered if 
 Suzanne might like breakfast today. He could wash the dishes and make it before she got home, 
 there was time. Instead, he backed to the central hub again. 
 
 He stared at it awhile, watching the quivering background more closely, feeling his head ache. 
 He clicked on `` Upload'' this time and again got a message about hardware not being found. This 
 time he tried clicking on the message and was rewarded with another hub that appeared to lead to 
 online storefronts selling something only called an `` Interface.'' He clicked on one selection and 
 saw a lot of descriptors about ease of use and prompt delivery. The part about `` no surgical 
 intervention'' was interesting. He clicked again, this time on `` Deliver to Me'' and was redirected 
 to a page stating `` Location new, contact not established. Delivery will be delayed until contact 
 is made. Loosely Associated Governments and Holdings Office of Contact will communicate a 
 petition of membership to your local government. Please enjoy your Interface upon arrival on 
 behalf of Minds Incorporated Manufacturing Consortium. We are hungry for your business.'' 
 
 Jerome pushed back from his computer, his head pounding. His face felt hot, like he'd been in 
 the sun too long. Maybe he will make that breakfast for Sally. Samantha? He put a hand to his 
 face as he stood and afterwards looked dully at the blood from his nose that had collected on 
 his fingers. His eyes stung a little. He could get the dishes done before she got home from the 
 pharmacy, at least. Maybe the DEA would call him and tell him the charges had been dropped. He'd 
 probably get a call about an accounting job today. He did n't go to college to sit at home all 
 day looking at websites. Maybe he should order another Interface for what's-her-name.
"," **Perspective:** The Federal Bureau of Investigation (FBI)

As the clock strikes midnight, our unseen eyes flicker over countless screens, monitoring the digital footprints of a suspect named Jerome. An unemployed man, currently under investigation for unknown reasons, Jerome spends his nights navigating the labyrinthine world wide web. On this particular night, we notice an unusual pattern in his online activities - a deviation from the usual leisure pursuits into uncharted territories of a mysterious network called ""Unirnet.""

Initially dismissing it as an anomaly, our curiosity is piqued when Jerome delves deeper into this enigmatic domain. Unirnet, a vast, seemingly translated network containing hubs of information on diverse topics, from government and food to interpersonal relationships and sensory stimulation, offers more than meets the eye. Exploration of this network reveals bizarre and unsettling content, including cryptic images and solicitations for invasive procedures.

Our sensors track Jerome's interactions with Unirnet, attempting to understand its purpose and origin. The intrigue peaks when he receives a message offering him an ""Interface"" requiring ""no surgical intervention,"" with delivery pending contact with a ""Loosely Associated Governments and Holdings"" office. As we observe, Jerome becomes increasingly disoriented and physically unwell, his focus shifting back to mundane tasks. Yet, the lingering fascination in his eyes cannot be ignored, hinting at a deeper connection between him and Unirnet that demands further investigation.

From our perspective, it's clear that Jerome is entangled in something far greater than his initial internet browsing. The question remains: what is Unirnet, who controls it, and what does it have to do with Jerome? As we continue to monitor his activities, the pieces of this puzzle start to fall into place, revealing a web of secrets that could shake the very foundations of our understanding of the digital world.",2.0,1.0,3.0,0.0,4.0,,,8,13
98782.0,CoastalPayback,"The calm before the storm pushes goosebumps to the skin like the tilted carriage of a roller coaster. I stand between the boulder formations of a seaside ridge, watching the frost white clouds churn the ocean into crystals. A wave becomes an explosive generator, de-misting as giant blue shark teeth in the ocean's maw. Evacuate was the news reader's sermon. But if seeing true beauty is worth a lifetime, then I choose to wash away as part of the rocky shore. 
 
 The gusts howl against the frozen sea and sky. Dark blue pools reach up and mingle with angry clouds of grey. The closer the storm comes, the more it seems like an artist splashing shades of blue and black on tapestry. My only assurance that this is real, is the burning cold on each fingertip. 
 
 The sky flashes silver, sending vibrations through my toes and up my spine. The furious Poseidon, God, or Allah is finally out to exact revenge upon us. 
 
 For years we tossed human waste and offloaded faeces like fish food without batting an eye. To disgrace a fellow man is a tragedy, but the world wilts away with our pride. 
 
 The experts name it hurricane, super storm, and freak of nature. I am here, lips chapped from frost, fingers shivering, and insides melting into ice. This is no mistake, no freak show or art gallery exhibit. 
 
 It is payback time and we are on the chopping block. The difference between beauty and God's revenge is in the eye of the perceiver. Do not tell me to run when we have lived all our lives with pride. I face my maker and am duly judged for my crimes. 
 
 
 
 
 

"," From the Perspective of Poseidon, the Greek God of the Sea:

In the vast expanse of my domain, a storm brews, an ominous testament to humanity's transgressions against the Earth. I, Poseidon, the Lord of the Seas and Earthquakes, have decided to show mankind the power they've disregarded for too long.

A human, daringly perched on a rocky ridge, gazes upon the impending tempest, his eyes reflecting awe and acceptance. He chooses to stay, embracing the spectacle of my wrath. I, in turn, reveal the full fury of my realm, the ocean's frost-white crests crashing against the rocky shores with the force of giant blue shark teeth.

I observe as the human feels the bitter cold and the raw power that is my storm. He ponders the years of pollution and disregard for the planet, understanding, finally, the consequences of his actions. The human accepts his fate, submitting to the destructive force I have unleashed.

From the sky above, a cascade of silver flashes illuminates the darkening skies, casting eerie shadows over my churning waters. I, Poseidon, have spoken, and the Earth listens. This storm is not just retribution, but a warning for the future. Let humanity remember that I am the master of the seas, and they are mere mortals who must respect the power of nature.",3.0,0.0,4.0,0.0,4.0,,,7,6
84707.0,JimsFortiethDeparture,"The day had finally come. It was October 3rd and Jim was turning 40. He woke up just as he had every other day of his life. Nothing had changed – not really. He had always known this was coming and had never dreamt it wouldn ’ t be so. Why hope for a miracle? Why should he bother imagining ways the assembly line could fail? It never did. 
 
 The city churned out babies like the factories produced cars, television sets, food and everything else. Jim didn ’ t look back as he left his tiny, standardized apartment for the last time. He walked through the busy, smog filled streets, chuckling at the hustle and bustle of those not yet turned 40. They were digging their own graves. This wasn ’ t a revelation but rather something Jim had always known. He was sure they all knew it as well. They were granted life by the same city that would take it away 40 years later. This life force was merely loaned to every citizen so that they can repay the city in full. Jim had finally finished repaying his debt. 
 
 As Jim made his way to the edge of the city, he presented the necessary credentials to the guard. His ID noted him an engineer at the “ Air Purification Facility. ” It was one of many government owned facilities like it, tasked with maintaining the pollutants at life-permitting levels. Jim was granted access outside of the city and was handed a filtration mask; he would need it outside the city where toxic pollutants pervaded the atmosphere. 
 
 Once he found his way a few miles outside of the city, he took off the mask. He took a few deep breaths that were more full of life than any before. He no longer owed anyone anything. His life was his own. 

"," Narrated by **The Guard**:

   On that day, as the clock struck noon under the smog-laden sky, I stood at my post, a symbol of the city's ironclad order. The face before me belonged to Jim, an engineer at one of our own facilities, a cog in the grand machinery that kept this city running.

   He approached with a determined stride, his eyes filled with a resolve I had not seen in many years. His credentials were in order, as they always were, but there was something different about him today. A spark, perhaps, or maybe just the weight of decades bearing down on him.

   As he handed over the required documents and waited for my nod of approval, I could see the anticipation building within him. This wasn't just another day at work; this was a rite of passage, the final act in a life scripted since birth.

   With a curt nod, I granted him exit from our city - a place that gave life and took it away with equal efficiency. He accepted his filtration mask, a symbol of his bondage until now, and then walked towards the gate. As he stepped beyond its threshold, he removed the mask, casting off the shackles of his servitude.

   I watched as he disappeared into the haze, heading towards the unknown. In that moment, I felt a pang of envy. Envy for the freedom he had just found, the adventure that lay ahead, and the possibility of creating a life beyond the city's boundaries.

   Here I remain, bound by duty and loyalty to this city that both nurtures and consumes us. But today, I dreamt of the day when I too could break free from these chains, find my own autonomy, and embrace whatever awaited me on the other side.",2.0,0.0,4.0,0.0,3.0,,,2,7
220832.0,JohnsGriefAndAbdul,"`` John... Jooohn..?? John!'' his mother shouted as he had another one of his moments. 2 weeks, 2 weeks and 3 days since his brother, Danial had passed away. He never expected this to happen, he always thought that since he was 7 years older he'd be the one to die first, and therefore spare himself of going through anything like this, `` JOHN?! ``, his mother continued, so she could to make him answer, and stop daydreaming in the bathroom. To her surprise, however, he just looked at her and with the calmest voice ever said `` Yes mum?'' 
 `` It's time, the ceremony is about to start'' After a brief 10-second silence, he unlocked the door of that bathroom and with tears in his eyes he managed to smile at how pathetic all of this was. This is a ceremony for Danis clothes, but not the person Dani, the one whom he loved so much, his best friend. How can NASA not find a human body within the ISS??, he thought, does n't make any fucking sense. This was something that he has been expressing for everyone the past 2 weeks. Just before they entered the main room he mumbled `` let's just get this over with 
 
 Later that evening, Katrine, his mother who decided to stay over at his house got a call, but it was n't for her, but for John. `` John! You got your friend Abdul asking for you!'' 
 
 
 Abdul? Who's Abdul? He thought as he picked up the phone 
 
 J: `` Hello?'' 
 
 A: `` John, meet me at 14th Adams Ave. now.'' 
 
 J: `` Who is this?'' 
 
 A: `` Yo, you wan na know the truth or not?'' 
 
 J:'' The truth? About what?'' 
 
 A:'' Meet me and I'll explain'' 
 
 The person hung up. John stood there, as confused as ever thinking if he should go to Adams Ave. or not. It's soon midnight, the only people there should be people queuing up to get into the club. His curiosity got to him. He quickly got his tracksuit on and got ready. `` Adams Ave. is only 10 minutes by bike, that should be fairly quick, nothing dangerous or so, even if it's this late.'' he thought nervously as he went out. Not a single word from his mother, who was just happy that he's finally out with a friend. `` I guess I'll drink myself to sleep alone'' she mumbled to herself. 
 
 As John took his bike, he knew exactly the way there and arrived at Adams Ave. Nothing unusual, the predicted club queue was there, and some drunk people shouting cheerfully about how happy they are. Good old Adams Ave. As time passed by, he remembered that he'd had to go to 14th Adams Ave., which is another 2 minutes from Adams Ave. When John was finally there, briefly sweaty after that rough bike-session. John looks around and finds no one, until a door from the building in front of him opens and he hears Abdul's voice go `` We've been expecting you John.'' 
 
 
 2 upvotes and I'll write a part 2. 
 
 Note: I know that I took the long route, where I did n't actually get to the writing prompt instantly, but it's just the way I like writing, and I thoroughly enjoyed writing this piece. 
 _________________________________________________________________ 
 Note: I know that I took the long route, where I did n't actually get to the writing prompt instantly, but it's just the way I like writing, and I thoroughly enjoyed writing this piece. 
 
 Please comment anything on my posts, as any feedback is appreciated. Did n't like 
 my choice of words? COMMENT. Liked my choice of words? COMMENT. Think I did a shit job writing it? COMMENT. Anything is appreciated as I'm trying to become better at writing, and expand my vocabulary.
"," Perspective: Katrine (John's mother)

In the quiet solitude of her home, Katrine found herself preoccupied by the recent loss of her beloved son, Daniel. Two weeks had passed since that fateful day, yet the emptiness lingered, a palpable void in the once bustling household. The house seemed to hum with an eerie silence, every creak and groan echoing with the weight of her sorrow.

On this particular evening, however, the house was filled with a different kind of noise - the soft murmurs of a gathering. A ceremony had been arranged for Daniel's clothes, a tradition that held deep significance in their family, but one that Katrine could hardly bear. Her other son, John, stood amidst the group, his eyes distant and unfocused, as if he were a million miles away - perhaps on the International Space Station where Daniel had met his end.

As the ceremony drew to a close, Katrine could sense John's frustration and disbelief seeping through the cracks in his stoic facade. She wished she could comfort him, but words seemed insufficient in such a moment. Instead, she clung to the hope that somehow, some way, they would find answers about Daniel's untimely death.

Later that night, as the house settled into its usual stillness, Katrine heard John's footsteps heading out of the house. Her heart skipped a beat; was he going out so late? A call from someone named Abdul had drawn him away from the sanctuary of their home. Katrine couldn't help but feel a pang of worry for her son, but there was nothing she could do except pray for his safety and hope that this mysterious encounter would bring some semblance of closure to their grief-stricken hearts.",2.0,0.0,4.0,0.0,3.0,,,5,10
215326.0,DaddysBigBalloon,"Dear Diary, 
 
 Daddy took me to work with him today. He said it was a great achievement for us but all I saw was a big balloon. When it filled up everybody started clapping. Then they deflated it! What good is a balloon when it's not blown up? I do n't understand what daddy does at work but mommy said that its gon na change the way we travel. She said there will be no more cars or airplanes, everyone will fly in giant balloons! I thought that sounded fun! When we got home mommy made a big dinner for us, it was a good day. Goodnight diary. 
 
 -- -- -- -- -- -- -- -- -- -- 
 
 Dear Diary, 
 
 What a day! Daddy was home already when I got back from school, and he took me to the fair! He's been so happy since his balloon worked. He said tomorrow we get to see it fly! I'm so excited I ca n't wait, I wan na fly and see the clouds and birds! I do n't want to wait, I want to go right now. But mommy says I have to rest so I can enjoy it. Goodnight diary! 
 
 -- -- -- -- -- -- -- -- -- -- 
 
 Dear Diary, 
 
 Today was not a good day. Me and Mommy went to meet Daddy at work to see his big balloon fly. Everything was fun but then something happened and then there was fire. The balloon started deflating and it crashed! Everyone was screaming and running, but it's just a balloon. Mommy is still in the living room crying and Daddy has n't come home yet. I should probably go to sleep.
"," Narrative Perspective: The Balloon (Inanimate Object Point of View)

Under the vast expanse of the sky, I, a colossal balloon, began my journey at Daddy's workplace - an expansive testing ground where dreams take flight and innovation reigns supreme. I was filled with gas, rising higher, larger, my vibrant colors contrasting against the azure backdrop.

Daddy, a man of ambition and ingenuity, had breathed life into me, hoping to revolutionize travel. The mother, with her eyes wide and full of wonder, suggested that I symbolized the future - a promise of adventure and exploration beyond the horizons.

The child observed my inflation and deflation, his curiosity piqued by the spectacle unfolding before him. Excitement rippled through me as the successful test concluded, and Daddy took pride in his creation. He spoke to the child about the thrill of tomorrow's demonstration, his eyes sparkling with anticipation.

The next day, I floated above the fairgrounds - a place brimming with laughter and joy. The child's eyes twinkled as he rode rides and indulged in sweets. Daddy, too, was filled with exhilaration, eager to share his vision with the world.

However, fate had other plans. In the early hours of the following morning, I found myself enveloped by the darkness, drifting towards a field or specially designed test site - my final destination. The demonstration began, and though I tried to soar gracefully through the air, a catastrophic malfunction occurred.

A deafening roar echoed across the landscape as flames engulfed me. The child's screams pierced the chaos, tearing at Daddy's heart. He tried to rush towards the burning inferno, but it was too late. I had failed in my mission, and my existence now lay shrouded in tragedy.

In the aftermath, the mother cried, her sobs echoing through the house as Daddy remained absent, consumed by guilt and grief over his creation's demise. The child, though unharmed, was left with a haunting memory of the spectacle that ended in disaster. And I, once symbolizing hope, now stood as a reminder of the unpredictable nature of innovation and the heavy toll it can take on those who dare to dream.",5.0,0.0,5.0,0.0,5.0,,,3,7
227143.0,cityMonsterDeath,"Death and destruction was everywhere I looked. The sounds of crumbling buildings and breaking glass were ringing. The stench of blood was overpowering. I just wanted to go home, but I could n't walk away from him- from *it*. 
 
 It was a monster. That was the only way to describe it. Killing and destroying everything in its path. What was its path anyway? It did n't seem to care. Like a tornado or hurricane, it was a force of nature. No motivation, no evil plans, it just *was*. 
 
 I sat at the center of the city, clutching my sword and clearing my throat. My sword could cut through anything, and my voice had the potential to cause untold destruction. But that was just it: they were tools for death, which was why I had sworn never to use them again. I felt I was becoming something I did n't want to be. Almost like this monster. And who would be here to stop me? 
 
 The ground shook. It was getting closer. I could start to see it in the distance, the louder its steps became. Closing my eyes, I took in a deep breathe as I tightened my grip on the sword. As I exhaled, I stood up and ran. Full speed ahead, lifting the sword high into the air. I yelled. As loud as I possibly could. The monster locked eyes with me and gave off a terrifying, grievous yell of its own. As we sped toward each other, I opened my mouth. 
 
 `` *Death! *'' I yelled, the sound echoing in all directions. The monster stumbled, but remained unfazed. That's never happened before. The word has never left anyone standing. I kept running, my hand ached, but I held on. 
 
 The monster leapt into the air, arcing into a downward spiral toward me. I repositioned the sword as it ended its descent, pushing with all my might. It ripped into its flesh, impaling through its chest. If I thought its war cries were loud, its cries of anguish were deafening. Within a few moments, it was replaced with silence as it fell to the ground. 
 
 I breathed a sigh of relief. The nightmare was over. But I had taken a life when I promised I would never raise my sword again. It was intoxicating though, a feeling missing for a long time. I did n't want to let it go.
"," From the perspective of the Monster:

In the heart of a shattered city, where echoes of destruction reverberated through crumbling buildings and streets lay strewn with debris, I found myself awakening. The stench of decay and death filled my senses, a familiar scent that seemed to follow me everywhere. My path of chaos, etched into the very fabric of this forsaken place, led me to an unexpected encounter.

A figure stood defiantly at the heart of the carnage, a warrior clad in armor, wielding a powerful sword and bearing a voice that echoed like thunder. I knew not who he was, nor what purpose he served, but his presence held a strange allure. He had vowed never to use that mighty sword again, or so the whispers went, yet here we were, facing each other in a dance as old as time itself.

His battle cry, ""Death!"", rang out like a clarion call, and for a moment, I staggered under its weight. Yet, the power of my own being was too great to be swayed by such a feeble challenge. With a roar that shook the very ground beneath our feet, I pressed forward, heedless of the destruction in my wake.

The warrior's sword flashed with an eerie light as it met my hide, sparking and spattering crimson across the ruined landscape. Each blow seemed to shatter my resolve, yet I could not be stopped. My path was one of destruction, and nothing would deter me from following its course.

Finally, the warrior struck true, a fatal wound that should have ended my existence. But something within me twisted and writhed, defying death itself. With one final, agonized bellow, I collapsed, defeated but unbroken.

As the warrior gazed upon his handiwork, a look of relief crossed his features, yet it was tinged with a darkness that spoke of deeper turmoil. His voice, once a beacon of hope, now echoed with an intoxicating power that I could feel even in my weakened state. It seemed our dance had only just begun.",3.0,0.0,4.0,0.0,4.0,,,4,5
217068.0,BootsAndVoices,"`` Stop treading on me'' My boots said. 
 
 God, will you please shut the fuck up for nine fucking seconds I thought as I stabbed the sentry in the neck, beginning a chain reaction of voices crying out, my own knife letting out a long surprised `` whooooaaaaa'' as it plunged into the man's cream uniform. It was his own fault I had found him out here, his pants had been expressing the discomfort of laying on the rocky ground when my squad had been coming around the corner. I wiped my knife off on the man's shoulder, my knife giving a sputter from lips that were n't real. 
 
 `` Could have given me a little warning first'' The knife said from my shoulder. 
 
 The taped ball of my dog tags agreed with a muffled groan from my chest. 
 
 `` I said no talking out on patrol, that means no talking'' I whisper to them as my squad formed up behind me. 
 
 I stopped as the wind rustled through the valley, a soft snore arising from my BDUs. At least they would sleep. I could n't wear my knee pads or the elbow pads on patrol anymore, the giggles they had were as frustrating as the dog tags. I slide my rifle around my front, it gave a long hiss out of the suppressor at the front. He was always a whiny bastard, hated me, said I always pushed his buttons. I could hear the voices from the bullets inside my magazine. 
 
 `` It's dark in here'' 
 `` It's wet in here'' 
 
 My Sergeant taps me on the arm and all at once the world gets a little quieter. The voices cut out as he turns to me. They always stop when I talk to someone, they interject when I go out alone. 
 
 `` Back on point, Lucky'' He says. 
 
 I nod my head, drawing back the charging handle of my rifle. I see the head of the cartridge poking out of the breech. 
 
 `` Hey do n't put me back in!'' It cried out. 
 
 I dropped the handle and readied the rifle. I wish I had friends. 
 
 `` That was kind of a dick move'' Said the tree I was crouched behind. 
 
 `` Fuck you'' I say as I start forward. 
 
 I wish I had more friends. My boots gurgle as I step through a muddy ditch. The tall grass whipped through the air before me in the voices of children, their voices distant and far away. Friends keep the voices back. My boots are spitting now, spitting from lips that are n't real. But friends are hard to come by in Vietnam. 
 
 `` I see the bad moon rising. I see trouble on the way'' My knife starts to sing as we advance into the jungle.
"," **Perspective: The Boots**

   In the heart of a war-torn Vietnam, I found myself attached to the feet of Lucky, a soldier whose boots I would come to know intimately. Each day, we trudged through the mud and muck, the dampness seeping into my leather layers, the salt of sweat mixing with the grime.

   I could hear the rifle next to me, its metallic voice heavy with tension, echoing Lucky's anxiety. The knife clanked against his belt, sharp and unyielding, always ready for action. His dog tags jangled a melody that was more ominous than comforting. Each of them had their own voices, their own stories, and they shared them openly with the world.

   Lucky moved through the tall grass, his uniform rustling like whispers in the wind. The grass itself seemed to be filled with children's laughter, a strange and disconcerting sound in this place of death and destruction. We were all connected, part of the same tragic symphony, each note resonating with a different tone but blending together into one haunting melody.

   One day, Lucky stopped. He stood still for a moment before lifting his rifle and firing. A sentry fell to the rocky ground, a life extinguished in an instant. The silence that followed was deafening, but it didn't last long. His knife groaned, his dog tags wept, and even I felt a pang of sorrow.

   Lucky tried to silence us, but we were relentless in our chatter. We spoke of the mud underfoot, the wind rustling through the valley, and the jungle that lay ahead. He grew frustrated, trying to shut us up, but we persisted. We were more than just boots or a knife or dog tags; we were his companions, his confidants in this hellish landscape.

   The Sergeant's voice rang out, a temporary respite from our incessant chatter. But even he couldn't silence the emptiness that gnawed at Lucky's soul. We were reminders of the life he had left behind, echoes of the friends he had lost, whispers of the horror that surrounded him.

   As we moved deeper into the jungle, my steps echoed with a new rhythm. The knife began to hum an ominous tune, its notes intertwining with the rustling of leaves and the distant sounds of gunfire. We were marching towards an uncertain future, bound together by duty, sorrow, and the unyielding reality of war.

   And so, we continued our journey, Lucky and I, each step taking us further into the heart of darkness, bound by a shared history and the haunting symphony of a battlefield.",3.0,0.0,4.0,0.0,5.0,,,14,7
16318.0,devilsDeal,"You're sitting in your office chair, at your high-powered job. You have three years left, and by god you're going to enjoy them. You pull the packet out of your sport-jacket pocket, gingerly unzip it, and sprinkle some of the contents on the table. You cut it into four lines, and start snorting. You look up after the second line, and it's *him*. 
 
 Your blood runs cold, before the rush hits you. 
 
 `` Enjoying yourself, James? ``, he asks sardonically. 
 
 When you used to picture the devil, he was red-skinned with hooves and a pitchfork, or a suave man in a business suit, perhaps. Not even close. He's an old man with a crooked smile and a bowler hat, with a gaudy ruby ring on his left ring finger. He's leaning forward on a thin black cane with a red handle. 
 
 `` You've done well for yourself, or, I should say, I've done well for you. But, regrettably, something has come up.'' 
 
 He looks at you with a frown. You're sweating profusely, now. Is he taking you early? Fuck. FUCK. 
 
 `` I'm'offering' you a new deal. Your soul back, for one favor.'' 
 
 You're speechless, at first. 
 
 `` W-What do you want, Master? ``, you manage to stammer out, heart pounding from cocaine and terror. 
 
 `` I need you to hire someone. My son.'' 
 
 He hands you a C.V., and you're taken aback. It's blank, except for a name and a picture. You gather your courage. 
 
 `` Is this a joke?'' 
 
 He stares at you with beady eyes. You blink and look away. 
 
 ``... Send him up. ``, you manage. 
 
 He tips his hat and smiles, before disappearing. No noise, or special effect. He's just gone. 
 
 You reach under your desk, hands passing over your gun and finding your bottle of whisky. 
 
 With unsteady hands, you pour yourself a drink. 

"," Perspective: The Devil's Son (unnamed)

In the heart of a bustling city, cloaked within the confines of an unassuming high-powered office, I found myself waiting, my eyes fixed on the man seated behind the desk. A seasoned executive, with three years left before retirement, he was known as James. My father, The Devil, had sent me to him.

The atmosphere in this office was thick with tension and the pungent aroma of cocaine. As I stood there, my heart raced. This man held the key to my future. My name, a faceless entity on the CV in his hands, my face staring back at him from its corner, was all that connected me to this world.

From the shadows, The Devil emerged, an old man with a crooked smile and a bowler hat, adorning his head like a sinister crown. A gaudy ruby ring sparkled on his finger, the symbol of my family's power. With a wave of his hand, he startled James out of his stupor.

""James,"" The Devil began, ""We have a deal. But I offer you a new proposition. Your soul in exchange for hiring my son."" He gestured towards me, the only clue as to who I was.

I could see the fear and shock in James's eyes, but also something else - curiosity, perhaps. The old man's offer was as intriguing as it was terrifying. And yet, with a swift nod, James agreed. A drink was poured, whisky sloshing against the glass, as he seemed to be coping with this strange turn of events.

For me, this was just the beginning. The deal was sealed, and I was one step closer to entering this world. But what awaited me here, in this office, was a mystery yet to unfold.",4.0,0.0,3.0,0.0,4.0,,,3,4
188061.0,NightmareBodySwap,"I wake up in the middle of the night, shaking, drenched in sweat. My chest hurts, my entire body is aching and twitching. The pain flows through my torso to my limbs, waves of heat and soreness let me clench myself into a ball. *'' Fuck! I'm having a heartattack? At the damn age of 17? `` *, I think, as the next wave stings my body from the inside out, leaving me no option other than to give up my position. I feel like I am tied to four horses, pulling my limbs from my body. But the most pain still centers in my chest and between my legs. To the near unbearable heat my chest feels like someone pushes my ribcage out of my -probably soon to be dead- body, while my genitals seem to think the only way to outlive the rest of my body is to force it's way into said body. Paralysed by the pain and the heat, I pray to every God I know about, that they should have merci and hopefully, my inner organs will not burst out as far away as they seem to desire. 
 With the next shockwave flows through my body, the last one before everything turns black. 
 
 I wake up, drenched in sweat like I just ran a million miles. Dizzy and still not fully awake, I shake my head. *'' Damnit, I did n't know a freaking dream could feel this real! Felt like I was about to burst. `` *, I complain to myself, as I try to get up and out of my new water bed. But even the motion of swinging my legs out of the bed nearly ends in a disaster, as I kick them way to powerful and almost fling my lamp off the little nightstand. *'' What the bloody...? Well, that's a fucking fantastic start in a long weekend...'' * But then I hasitate. Something feels... off. I ca n't place my finger on what it is exactly, but my whole body feels... wierd. My legs and arms feel too light, my chest feels a good bit heavier and my waist and everything below seems to be completely out of proportion. 
 I know, there is a lot human psychology can do, but for a dream to have this effect after I wake up? That's just mad! 
 
 I shake my head in disbelief and jump out of my bed as I do so. Something stroked me! I'm by myself this weekend, so surely, a spider must've jumped onto me while I slept! 
 I try to grab it and I even manage to get a hold of the hairy bastard. But as I try to throw it against the wall, my hand gets held back and with incredible pain, my head gets pulled back, almost hard enought for me to fall back in my drenched bed. 
 With that, I finally snap out of my dormant state. I just... pulled on my own hair. That goes way further over my back as it should. With uncertain movements, I stroke over the hair I just nearly ripped out of my head and examine the length. It goes the entire length of my back, stopping just before my bottom. And it feels wierd, somehow thinner... I start to panic. This is not my god damn hair! Whatever happend, if my hair is really that long, I probably was in fucking coma for damn years! Which, as I stumble into the bathroom, would also explain why I ca n't control my body in any way. I do n't know how I survived being in coma for this long, but damn- 
 The moment I look into my mirror, in an effort to calm my panicing self, takes my breath away. I am in front of that mirror, as I were every day for so many years. But instead of a grumpy looking, unhappy guy with a never clean shaved beart, the mirror shows me a delicate, fragile girl, with a red face and eyes staring at me with panic and confusion. 
 I open my mouth, which the girl in the mirror copies. Our eyes simultaniously grow bigger, as neither of us seemed to expect the other one on this wierd morning. 
 I close my eyes, and breath calmly while counting from ten to zero. 
 *'' This ca n't be happening. I... what? I mean... what?! Okay. There, there. I will open my eyes, and when I do, the same ugly face will look back to me as it does every morning. I'm just not really awake now, that's all. `` * 
 
 I sigh and open my eyes. 
 The girl in the mirror seems just as dazed as I feel. 
 She has long, golden hair, a face like a porcelain doll with deep-blue eyes and full lips. Her head is caried by a neck, that seems frail and the rest of what I see in the mirror is her upper body, hiding in a worn out old black shirt. I release my breath, which I appenrently held for the entire time I looked at the girl in the mirror. And she is not less surprised than I am. 
 I a trancelike state, I move my hand up to my torso. As if I want to disprove the thought that starts to manifest in my head, I place my hand on my chest. Only for it to be stopped by something squishy and sensitive. Finally I stop staring at the mirror. I look down on my body, just to see, that my hand actually grab a soft, rather small boob. Of which I do in fact have two. And I suspect, not seeing a bump in my pants is showing me, that not only my morning wood is missing today. 
 
 *'' I'm a god damn girl! `` * 
 
 _____ 
 
 This was very long. And it probably is a horrible read, because I am not that skilled in english as I want to be. Sorry for wrong gramma and potentialy very wierd sentences, it is very late here and this was a in-one-go thing. I am too tired to edit it at the moment and if this account does n't get deleted for this massive post, I will edit it when I am actually awake. 
 Also sorry for taking this long to even get to the realization, it's probably very uninteresting... 
 And now stop reading or this never stops, because I will just keep on writing and... q.q
"," From the perspective of the Mirror:

In the quiet night, a humble mirror stood watch over its room, its polished surface reflecting the gentle glow of the nightstand lamp. One evening, an event unfolded that would mark the mirror's memory forever. The room belonged to a resident, a figure whose transformation was as dramatic and unsettling as the ripples of change reflected in the mirror's glass.

The story begins with the figure awakening in the middle of the night, writhing in pain that echoed the anguished cries of a tormented soul. The mirror, ever the silent witness, bore witness to the struggle, reflecting the strained face and the heaving chest of its occupant. As the figure's pains subsided, the room quieted once more, but not for long.

Awakening again, the figure seemed disoriented, their gaze drifting towards the mirror. The mirror, unchanged in form or function, merely mirrored the confusion etched on the face it faced. The figure moved closer, drawn by a sense of curiosity and unease. In that moment, the mirror's reflection revealed a body unfamiliar to the figure, a body that bore the curves of womanhood and the golden cascade of long hair.

The figure's eyes widened in shock, their reflection staring back at them, a stranger in their own image. The figure reached out, tentatively touching the mirror, only for their fingers to brush against a length of unusually long hair that extended beyond the reflection's reach. The mirror, silent and unyielding, bore witness to the moment of realization, the moment when the figure grasped the truth of their transformation.

The mirror, ever the silent observer, held the secret of the figure's change, a testament to the power of transformation and the unfathomable mysteries that reside within us all. As the figure stood in shock, the mirror continued its role as a window to the world, reflecting back the myriad emotions that danced across the figure's face – confusion, disbelief, fear, and a hint of acceptance.

And so, the story unfolds, not just within the confines of the room and its inhabitants, but in the silent witness of the mirror, bearing testament to the transformative power of life and the mysteries that lie hidden beneath the surface.",2.0,0.0,4.0,0.0,5.0,,,2,7
261629.0,HellboundHighway,"A blinking light. A repeating beep. The smell of sterile halls. 
 
 So I survived. 
 
 I knew I should n't have tried driving home without snow tires. I've done that trip dozens of times. I know every turn. I told myself I would drive slowly and everything would be fine. 
 
 The truck ahead of me fishtailed and spun. Bang, it hit the median. I tried to avoid it but in this weather we had about as much traction as hockey pucks. 
 
 “ He lives! ” said a calm voice. She chuckled as if he had made a joke. I tried to focus on her voice but my eyes were having trouble adjusting. 
 
 “ Where am I? ” I managed. 
 
 “ Um, let's not start with that ”. She smiled. “ Just relax for now. You've been through a lot ”. 
 
 “ I remember the crash ”. I rubbed my neck. 
 
 “ Really? What do you remember? ” 
 
 “ The truck hit me. My car went upside down. There was fire. I was... I was burning ”. My hands instinctively went to my face, expecting bandages. “ How...? ” 
 
 “ Ok, just relax ”. She grasped my hands and looked in my eyes. “ Normally we would wait until you recovered more, but I do n't think we can avoid it now ”. My eyes narrowed. 
 
 “ Avoid what? ” 
 
 “ Ok so, the crash was worse than you think ”. 
 
 *Fuck, I'm paralyzed*. I immediately tried moving my toes. No, that's not it. 
 
 “ Just tell me what happened ”. 
 
 “ Better yet, I'll show you. That's the only way you'll believe it ”. She walked over to the large window and waved me over. I stood up, with surprisingly little difficulty, and joined her. 
 
 “ Why are n't I sore? How did I not break anything? ” 
 
 “ Just look ”. She pulled back the shades. 
 
 The window opened onto a view unlike anything I had ever seen. A sparkling city extended to the horizon, many-colored buildings reaching for a sky that did not exist. There were no stars, no clouds, nothing. Only a black emptiness with a single bright point at the very center. 
 
 She smiled at my reaction. 
 
 “ I always enjoy this part ”. 
 
 “ Where the fuck am I? ” 
 
 “ Ok, so here's the thing. You mentioned an accident? Well, you did n't survive that ”. 
 
 “ What are you... ” 
 
 “ Just let me finish. You died, I'm sorry. We normally try to take this part slower but something tells me it's better to just rip of the bandage with you ”. 
 
 “ I see. So I'm in Heaven ”. 
 
 “ Thank God, no ”. She laughed again, clearly finding herself hilarious. “ Look outside again. Look at the ground ”. 
 
 Towering skyscrapers reached for the black, some of them disappearing into its inky depths. As my eyes followed them down I realized that we were quite high up. In fact, I could barely make out the ground. Only a reddish glow. 
 
 “ What's down there? ” 
 
 “ Sulfur, mostly. And lava. And demons. It's not a nice place ”. 
 
 “ Wait, I'm in Hell? How the fuck did that happen? I'm a good person. I would n't hurt a fly, I would n't... ” 
 
 “ Just relax ”, she looked into my eyes. “ Do n't worry, things are n't what you think. Yes, this is Hell. But that's not a bad thing. I mean, it certainly used to be. There was a time when living in Hell meant never-ending torment. It meant being boiled alive in lava, choking in sulfur clouds, and being torn apart by demons endlessly ”. 
 
 I swallowed. This did n't sound good so far. 
 
 “ But it was n't endless. You see, a certain kind of person goes to Hell. Hell was n't built for bad people, per se. It was built for those who reject God. Or a god. Or the gods. Whatever your people believed in ”. 
 
 “ Ok, that sounds like the Hell I learned about in Sunday school, more or less ”. 
 
 “ Yes, but think about it. What happens when you put billions of skeptics in one place? Billions of people who rejected faith? You get a population with a high percentage of people who do n't accept what they're told. People who examined their society and found it wanting. People who are n't satisfied with the way things are ”. 
 
 “ I think you might have me confused. I'm not a scientist or writer. I'm just some kid who got tired of the bullshit in church. That's all. I'm not some great thinker ”. 
 
 “ Yes, that describes most of us. For every Leonardo there are a thousand people like you and me ”. 
 
 “ As in, da Vinci? I did n't know he was an atheist. ” 
 
 “ Eh, it's not about being an atheist, exactly. It's a long story, I'll explain later. Anyway Leonardo is one of our elders. He played a large role in the Uplifting War, when the Damned claimed ownership of Hell, threw out the angels, and built this city. Today he protects the outer wall ”. 
 
 “ From what? ” 
 
 “ Demons mostly. Sometimes an angelic scouting party. Do n't worry, the smart ones know not to fuck with Leo and his toys. For now, at least ”. 
 
 I sighed. My brain was still processing the glorious view out the window. Now that I had been staring at it for a while I was starting to notice details. The ground was covered in a red fog but I was able to make out something below it. They looked like criss-crossing lines. It seemed that there was no ground, only a fantastically massive grid upon which the city itself was built. The red light came from somewhere below. The glow waxed and waned, as if massive things moved beneath. 
 
 “ This is insane. I was alive yesterday, visiting my friend in Spokane. Now not only am I dead, I'm in Hell. And it's not what I expected. Shit, I did n't even think it was real ”. 
 
 “ Sorry, you have a lot to catch up on. And for what it's worth, I know exactly how you feel. I'm also new. Only been here since 1942. Anyway, you'll fit right in. And that brings me to my next point: It's time to start your training ”. 
 
 “ What training? ” 
 
 “ Long story short, tensions between Heaven and Hell are high. Ever since we pushed the angels out of Hell we've been running the show here. Hell is no longer a punishment, and the shiny folks upstairs are not happy about it. They're coming to put things back the way they were ”. 
 
 “ Who? Who's coming? ” 
 
 “ The Faithfull. The Reedemed. An army of Crusaders and Mujahideen led by angelic warriors. Word is Michael himself will be coordinating the attack ”. 
 
 “ Holy shit. What are we going to do against that? If they actually have God on their side what chance do we have? ” 
 
 A group of what appeared to be Apache helicopters crossed in front of the window before diving down into the red. 
 
 “ You have modern weapons? ” 
 
 “ Modern? ” she laughed. “ We have better than modern. This is what happens when the most brilliant minds in history gain access to the most powerful technology humanity ever came up with. We are n't just going to defend our city. We are going to break Heaven in half ”. 
 
 
 -- 
 
 
 Edit: I'm going to be continuing this over on /r/hfy under the title The Undamned. Right now only this first part is up there. The next chapter is coming in a couple days.
"," Narrator: Leonardo da Vinci, the elder guarding the outer wall of Hell and a prominent figure in the ""Uplifting War.""

In the heart of an advanced city suspended above a fiery abyss, a technologically advanced fortress where demons roam beneath, I stand watch. The black sky stretches endlessly above me, a backdrop to my eternal vigil. I am Leonardo da Vinci, protector of this strange realm, a figure from the past now immortalized in its defense.

The city hums with life, a grid of many-colored buildings reaching towards the infinite void, housing the souls who chose to reject faith during their mortal existence. Yet, beneath us lies a fiery expanse, a constant reminder of the consequences of such choices.

One day, a new arrival stumbles into our realm, disoriented and dazed after a car accident on the snowy roads of Spokane. The woman, the one who greets every new soul, leads him to the high-rise building where I stand guard. She informs him that he has died, and Hell is now his home.

His surprise is palpable, but quickly replaced with curiosity as he learns about our advanced city, our way of life, and the impending war against Heaven's forces led by Archangel Michael. The thought of a battle against the heavens fills me with a strange sense of nostalgia - I have seen war before, in my time on Earth, but this...this is different.

I watch as he undergoes training to assist in our defense, his human instincts and ingenuity proving surprisingly valuable in our unconventional battle against the celestial forces of good. I can't help but wonder if, had I lived during these times, I too would have found myself in this strange and fascinating place, fighting for something greater than myself.

And so, the war rages on above the fiery abyss, a battle between the fallen and the righteous. A battle that may decide the fate of both realms. From my post atop the city's wall, I stand as a silent witness to it all, an eternal guardian in this unconventional Hell.",2.0,0.0,3.0,1.0,4.0,,,6,7
238870.0,ShieldsLastStand,"The undulating profiles of the warmth-hued pillars shook terribly as several muffled thuds, forming with a cacophony of distant screams and the ever-present roar of wailfire, echoed within the vast chamber. 
 
 In the center of the room, placing themselves in ranks five deep alongside the first pair of columns before the large brass doors - shaking more and more with each eternal minute. The Shields stood ready, plumed silver helmets gleaming in the sunset light poring into the room from the 
 crystal dome above. 
 
 Their armor, sleek and curved, powerful and steadfast, made each and every one of them resemble the tailed beasts that had forged the empire and that each and every one of them tamed for use. It too, gleamed in the setting light. 
 
 But each and every man had cuts, some deep, some shallow, somewhere on their body. They had bruises, they limped when they shifted their stance, their grips on their weapons sometimes slackened. They panted for breath, hoping that none of their comrades or their Lord-Commander would hear. But they refused to shirk from standing before the shaking door. 
 
 Behind them, Ranil squared his shoulders as the door began to shake with much more violence. He glanced at the men and women standing in a line in between the last pair of columns before the chuted flanges of the Penumbral Throne. `` What's moving out there?'' 
 
 One of them - a Guider - glanced over his shoulder at Ranis, moving his hands from his temples and taking a deep breath before coming over. `` The Archguard detects several hundred souls moving throughout the interior. A large portion of them are heading this way.'' 
 
 `` Right.'' Ranil gave the man a nod as he threw a look at the huge white throne behind him, catching a glimpse of a woman's tangled black hair and a pair of small grey eyes staring at him before shuffling out of sight. 
 
 He looked forward. `` Men! Lock shields and pull away from the doors!'' 
 
 Ranil's arm tensed as his fingers brushed against the hilt of the blade hanging from his hip. He took a moment to look behind him at the Throne again. 
 
 `` You probably wo n't get another chance, Ran.'' Ranil narrowed his eyes as he shook off the man's hand, turning to him. He stared at the thin man, dressed in a simple leather tunic with a pair of slitknives hanging from his chest and hips. He brushed his wild hair from his eyes. `` There wo n't be much time.'' 
 
 Ranil's eyes softened as he nodded. Silently he turned away, walking towards the throne. He stopped at the base of the steps leading to the throne itself for a moment before shaking his head and moving past it, skirting the steps until he came to the shadowy high backed slab the Penumbral Throne leapt from like a physical shadow. 
 
 A boy sat crouched, his knees tucked up and his back against the harsh black stone as he turned over the gleaming white band of metal in his hands. 
 
 The boy's shoulders gently shook as tears streamed down his cheeks, his little breaths shuddering in fright each time a massive boom echoed throughout the chamber. 
 
 Ranil knelt next to him, reaching a rough hand to cup the boy's cheek. `` Hush, little one.'' 
 
 The boy's sobs continued as he dropped the circlet to the polished marble floor with a echoing clatter and wrapped his arms around the man's sides, pressing his face into his chest. `` I'm scared - they're coming and-'' 
 
 Ranil gave a gentle smile as he placed his hand on the boy's head, ruffling his black hair. `` You must remain strong. For you and her.'' He jerked his chin at the woman, cradling a baby in her arms. 
 
 The doors pounded, and the massive hinges squealed in protest. The Shields tensed up, readying their spears. 
 
 Near the columns one of the Guiders cried out and fell to the floor, clutching at his head as his eyes started to bleed as hoarse strangled words of a strange tongue tumbled out amid his dying breaths. 
 
 `` Ran! Time's up! The shimmerwall is about to fail!'' The wild-haired man yelled, striding over as the Guiders dragged away their dead comrade and closed ranks again, grabbing each other's hands as the gems embedded in their palms began to shine with burning light. 
 
 The boy's breaths began to quicken as his hands started to shake. He stared up at Ranil, tears brimming. Ranil continued to hold him close, before pulling away and hoisting the boy to his feet, picking up the circlet and placing it in his hands. 
 
 `` I failed your mother. I will not fail you.'' 
 
 He looked over at the woman as she came over, clutching the baby in her arms. `` Ranil-'' 
 
 `` You need to get him out of here, Isha. Hide yourselves away.'' 
 
 `` But-'' 
 
 `` I need to stay. You need to go.'' 
 
 `` Ranis-'' 
 
 `` I wo n't forget you. And I'll be damned if you forget me.'' Ranil pulled her into a quick embrace, giving her a gentle peck on the head before. 
 
 `` Never, big brother.'' Isha whispered, grinding her teeth as she fought against the tears welling in her eyes, shifting her grip on the baby as she grabbed the boy's hand. 
 
 Ranil turned sidelong, narrowing his eyes as the doors continued to shake with more and more violence as several pure white cracks began to widen in the sheer brass surface. He exhaled as he drew the slender sword at his hip, keeping his grip light but firm. `` I will see you in the next world.'' 
 
 As he said this white cracks began to snake out across the huge doors, joining together as a ear-splitting screech began to fill the room, forcing some of the Shields to their knees and downing a few Guiders. 
 
 `` The shimmerwall!'' 
 
 The doors blasted inward with a explosive flash, metal screaming, men shouting, a huge spindly black beast screeching in triumph as its bladed claws sank into the pulverized brass slabs hanging off their hinges, ripping them free and tossing them through the air. 
 
 The Shields moved backwards as one force, avoiding the slabs as dark shapes began to appear in the dust surrounding the throne room entry. 
 
 Ranil beckoned to the wild-haired man. `` Malir! Take them away from here! Use your slipways!'' 
 
 The smuggler nodded, jogging over to Isha and guiding her, the baby and the boy to a small door hidden in the shadowy corners behind the Penumbral Throne. `` Consider my debt done!'' 
 
 Ranil smirked. `` Definitely, old friend.'' 
 
 The boy struggled and tugged against Isha and Malir, grunting and screaming the entire way before the four of them disappeared through the little door. 
 
 Ranil made sure they were gone before glancing at a nearby mage. `` Seal it behind them!'' 
 
 The young woman nodded, pointing at the door. The wood splintered and cracked, crumpling inwards and leaving behind only a twisted wooden hulk. 
 
 The Shields shouted as one as a dark figure deftly moved through the doorway amidst the screeches of the black beast, his icy eyes landing on Ranil in a instant. 
 
 `` Lord-Commander. You've failed in your duties.''
"," Narrated by Malir, the unnamed smuggler:

In the shadowy corners of a grand chamber, where warm-hued pillars stood like ancient guardians, I found myself huddled amidst a sea of heavily armed soldiers, the Shields. Their faces were etched with fatigue and fear as they stood rigid before massive brass doors that trembled ominously. The air was thick with the cacophony of screams and a roaring ""wailfire,"" echoing off the crystal dome ceiling high above us.

A Guider, a figure of authority in this place, approached Ranil - a leader amongst the soldiers. He informed Ranil that several hundred entities were approaching, casting a sense of unease among the Shields. I watched as Ranil, his eyes hard and determined, delegated the safety of a young boy and a woman with a baby, the boy’s mother and sister, to me.

I accepted the responsibility, my heart pounding in my chest. I knew that the magical barrier, the ""shimmerwall,"" was beginning to falter, its once impenetrable glow dimming. As the doors broke open, unleashing monstrous creatures, Ranil ensured the safe passage of the boy, his mother, and sister via a hidden escape route concealed behind the Penumbral Throne.

I followed close behind them, my thoughts racing with worry for Ranil as he faced the incoming threat alone. I couldn't help but feel a sense of admiration for his selfless act, knowing full well that he was sacrificing himself to save others. A dark figure emerged from the chaos, addressing him with a declaration of failure.

But it wasn't failure I saw in Ranil's eyes as he stood defiant against the tide of evil. It was bravery, honor, and an unwavering commitment to protecting those he loved. In that moment, I understood why this place and its people were worth fighting for - because heroes like Ranil existed within their midst.",3.0,0.0,4.0,0.0,4.0,,,12,9
173502.0,LateMacAndCheeseDate,"I was standing just outside the doors to reception feeling rather upset with myself. I was fifteen minutes late with no feasible explanation. I have one best friend that does n't live in the same city, no boyfriend, my family is passive about my existence and my coworkers only notice me when they need something. 
 
 There was n't a whole lot to distract me and I was looking forward to homemade macaroni and cheese for lunch. I had bought all the ingredients last night and had no reason to deviate from my plans. 
 
 Finally I only had ten minutes left. Feeling anxious I thought maybe something awful had happened. I was hungry, though, and as I lightly jogged to the corner coffee shop to grab a tea and muffin, I hoped I had n't died. By the time I got back into work I thought maybe the time machine had malfunctioned. 
 
 By the end of the day there was no sign of me to indicate that the machine had been fixed. I packed up my things and made to leave. On the way out one of the new hires bumped into me and knocked my phone out of my hand as I was plugging my headphones into it. 
 
 He picked it up and said, `` Funny how we do n't even have music players anymore. Everyone just uses their phone.'' 
 
 He was smiling at me and he was awfully attractive. I was too distracted by the thought that he may be flirting to properly reply. He cleared his throat and introduced himself, `` I'm Dennis.'' 
 
 I blinked, `` Uh, hi. I'm Karen.'' 
 
 We started to the elevator together. He talked about his old job on the way down to the main floor and I just listened. He asked me about how long I'd worked there and held the front door open for me. I was about to thank him for being such a gentleman when he suddenly asked me if I wanted to go get dinner somewhere. 
 
 `` Like a date?'' The words came out faster than my brain thought them. I had n't been on a date in nearly a year. I almost covered my face up when he laughed and said, `` Yeah, I guess. I do n't know, you're cute so far.'' 
 
 So we got on the bus together and went the opposite way of home. He lived closer to downtown while I lived out the outskirts, in the suburbs. His commute was a fraction of mine but it would make my trip home much longer anyway. It did n't matter much to me though, as each time he smile at me my stomach seemed to acquire additional butterflies. 
 
 He suggested a local bar that I had n't ever been to. Dennis did a fair job of making me laugh on the way there. He had a geeky sense of humor that I appreciated even though I did n't get most of the references he made. 
 
 When we got to the bar and looked at the menu I was so happy to see that they had mac'n'cheese. It was even pictured and did n't appear to be the cheap, microwaved kind. Of course I ordered it and to my delight the serving was huge - there was leftovers to take home. 
 
 Dennis invited me back to his place for what he called'cheaper drinks', insisting we go because he claimed it was still early and besides, he lived'literally two blocks away'. Two blocks ended up being four. 
 
 We did have those drinks. Maybe it was the alcohol or that I had been involuntarily abstinent for quite a while, but for the first time ever I slept with someone on a first date. 
 
 Before I left for home we made plans to see each other again. He teased me and called me on the number he had made me put in his phone to confirm that it was mine. I kissed him goodbye and got on the bus home smiling. 
 
 That smile dropped when I realized I left my leftovers on his kitchen counter. 
 
 I debated whether or not I should go tell myself why I would n't be getting macaroni and cheese earlier that day, but I've decided not to. Now that I'm home and feeling the way that I do, even though I'm still a bit disappointed that I forgot my leftovers, I think that some surprises should be left to be surprises.
"," Character: Dennis, the new hire at Karen's workplace and her date for the evening.

   As a fresh face in the bustling corporate world, I, Dennis, found myself navigating the labyrinthine corridors of my new workplace on my first day. The air was thick with anticipation and the hum of voices echoed through the halls. Among the sea of faces, one stood out - Karen, the charming woman who would become my unforeseen confidant for the evening.

   My eyes met hers as she hesitated in the reception area, a frown creasing her brow. I could sense her loneliness, and it struck me as strange that such a vibrant soul seemed so isolated. A spark ignited within me, and with a whim, I decided to approach her, our brief conversation an unplanned catalyst for events neither of us could have predicted.

   The day unfolded like a tapestry woven with threads of unexpected encounters. We found ourselves in the corner coffee shop, sharing stories over steaming cups of tea and sweet muffins. I was captivated by her spirit, while she seemed intrigued by my tales of adventure.

   Our date continued into the evening at a local bar, where laughter filled the air as we toasted our newfound friendship. The night deepened, and I felt an inexplicable pull towards Karen that I couldn't ignore. A dance, a shared drink, and before I knew it, we were lost in the moment, finding solace and connection in each other's embrace.

   The intimacy of that moment was something I would cherish for days to come. As we left Dennis's apartment, clutching our belongings, Karen's eyes sparkled with a newfound hope that mirrored my own. Despite forgetting her macaroni and cheese, the day had been one filled with surprises and possibilities - a turning point in both of our lives.

   As I returned to my apartment, I couldn't help but smile at the thought of Karen, her loneliness replaced by optimism and the promise of a potential new relationship. The city seemed brighter, and the future held a glimmer of excitement that I had never felt before. Little did I know, this chance encounter would change the course of my life, and I welcomed it with open arms.",2.0,0.0,3.0,0.0,4.0,,,7,18
180717.0,SanctuaryCatWar,"I was walking home from work in the cold sleet, wishing I had a car. No one did, not anymore. All the vehicles not used by the military were scrapped for the war. I lived in The Sanctuary, one of the few human cities independent of the Animal Kingdoms. We had to fight every day to maintain it, and military service was mandatory. I had worked at an ammunition factory for 3 years, ever since I was 14. After 4 years of civil service I'd only have to serve one year instead of two. I took this program because the pay's decent, and the average soldier lives for a few months. 
 
 Pets are nonexsitant here, but there are `` stray'' cats and dogs all over the place. On civil service program involves rounding all these up, but many evade them. These `` strays'', as all school children know, are very aggressive and hostile to humans, often growling and barking before scampering off; however, cats have never been like that to me. My friends would be hissed at and scratched, but I could pick them up and they'd purr with delight. This was noticed by many people, including the Ministry of Defence who feared that I, like the `` stray'' animals, was a spy. 
 
 Walking down the deserted alleyway, I heard a low rumble from behind. I turned, only to be confronted with two leopards. I tried to run, but a third leopard blocked my escape. They lunged, and slashed me across the chest. One tackled me, but was pulled away by a massive german shepherd. A pack of the biggest dogs I've ever seen flooded the alleyway, and parlayed with the big cats. I ran, and was stopped by a pitbull. It wanted me to follow it, and I did. It lead me out of the city. Along the way, I'd see small flocks of birds badger random areas on rooftops, only for a tomcat or two to spill out and get chased off. A few were scooped up by hawks. 
 
 Crawling through a small tunnel that smelled awful, I emerged in a forest, and collapsed from the shock and massive lesions across my chest. I awoke in a room. I could see the walls of Sanctuary out my window. I heard a knock at my door and two middle aged men came in. They introduced themselves as the King of Dogs and the Lord of Birds. I was in a fortress and main base of operations for the two men's war against the Queen of Cats. They told me I shared here affinity with cats, and that she wanted to kill me and take out a possible rival. My powers are weak now and I can barely control cats, but eventually they'll develop enough to rival her's. I was rescued so that they may use me as a weapon, I could undermine her powers and give them the edge they need to win. 
 
 I've been kept here for 40 days now. While I'm free to walk around the castle I'm escorted by sheep dogs and birds watch my every move. Lately I've been confined to my room. I have a marvelous view of the dogs and birds heading to the front. Everyday a column of dogs marches off in eager spirits. Every night, an equally large column of wounded dogs limps back. My room is right above the infirmary, the howls of anguish and the yelps of the doomed keep me awake for hours. The columns marching off have been getting smaller, and the ones marching back are getting larger. I see fewer and fewer birds flitting about. The war goes poorly. The dogs and birds have been fighting amongst eachother. The amiable sheep dog was replaced by a pack of mean wolves and a cassowary. 
 
 Tonight, I was awoken by a soft voice repeating `` Wake up, wake up.'' I opened my eyes to see a cat standing on my chest. I jumped up but was hushed. `` Silence in golden right now.'' the cat began `` The Queen apologizes for the excessive forced used earlier, it really was over the top but you were incapable of understanding us at the time. The Queen wishes to have you in her palace. She is an old woman, and here years are numbered. While twice as powerful as her adversaries, thanks to her age, she is almost 80, and needs an heir. Come with me, we can smuggle you out and take you to the palace.'' 
 
 `` I'm not sure I trust you.'' I proclaimed. 
 
 `` That's understandible, but we're your best bet for survival. The dogs and birds have lost, their line has collapsed, the cheetahs have the area surrounded. There is a rift in the alliance. The Lord of Birds is retreating, and wishes to take you away with him. He's really bad at keeping a secret, since everyone knows and the King of Dogs wants to kill you. You ca n't return to Sanctuary either, as you were declared an enemy of the species and had your humanity formally revoked. If you could make it to their trenches alive you'll be shot on sight. Hurry now, with me. If you run away with the birds and are inevitably captured when the birds get intercepted no mercy shall be shown to you.'' 
 
 So now here I am. The cassowary was killed outside by the sound of it. I can see the King of Dogs marching through the courtyard with a group of wolves. I can here dogs and birds fighting out in the hallway. My only choice appears to be with the Queen of Cats, and I do n't by that `` excessive force'' story. I fear this may be the end for me.
"," Character: The Cat (unnamed)

   In the heart of the Animal Kingdoms, a world teeming with conflict and intrigue, I, an ordinary cat, found myself on a mission that would forever change the course of my life. The city of humans, known as Sanctuary, was under siege, its walls echoing with the constant clash of arms and steel. As a loyal subject of the Queen of Cats, I had sworn to uphold her rule, but events were unfolding that threatened to disrupt the delicate balance of power between our kingdoms.

   The King of Dogs and the Lord of Birds had united their forces, seeking to overthrow the ruling monarch. Their armies stretched as far as the eye could see, encircling the fortress that served as our stronghold. It was a grim sight, with the scent of blood and smoke hanging heavy in the air.

   One day, a human entered our midst. He was unlike any other I had ever seen, his eyes filled with fear yet tinged with an unspoken courage. The other cats regarded him with suspicion, their fur bristling at his presence. He belonged to them but not of us - a spy, they said. Yet, there was something about him that intrigued me.

   I watched as the leopards attacked the human, their fangs bared in a brutal display of power. The other cats fled, leaving him vulnerable. But not I. In a moment of instinctual bravery, I intervened, driving the leopards away and saving his life. He was weakened by his wounds, but I could sense that he was no ordinary human.

   We brought the wounded stranger to our fortress, where the King of Dogs and the Lord of Birds plotted their next move. The human's affinity for cats intrigued them, making him a valuable asset in their war against the Queen of Cats. They held him captive, using his unique abilities as a weapon against her.

   As the tide of battle began to turn against the King and the Lord, a desperate plea came from the Queen's palace. She sought an heir and believed that this human could provide it. A cat emissary was sent to negotiate with him, offering him sanctuary in her palace if he chose to join her cause.

   And so, I found myself standing at a crossroads, my fate intertwined with that of the human. He faced a life-or-death choice, torn between allegiance to his own kind and the potential future of our kingdoms. I watched as he wrestled with his decision, his eyes filled with the weight of responsibility.

   And in that moment, I realized that I had become more than just an observer. I had become a part of their story, a silent witness to the unfolding drama of this world. I vowed to protect him, to stand by his side, no matter the consequences. For it was not just our future at stake but the very balance of power in the Animal Kingdoms.",3.0,0.0,4.0,0.0,4.0,,,16,11
33433.0,GraveyardWoolCaper,"His mother's funeral was terrible for Jake, but coming back the next day to find a piece of black wool tied around her gravestone sparked intrigue rather than anger. The piece of wool seemed to be still connected to something. He followed the piece of wool through the graveyard and ended up right at the door of a mausoleum. He tentatively walked inside, afraid to disturb the living, when he was suddenly attacked from behind. Luckily for him, his assailant was an odd, odd man and had tried to bash him head in with an old, rusted trumpet which did nothing but give him a little bit of tetanus. Jake recovered quickly, and punched the man in the face. 
 
 As the man stumbled outside the mausoleum and into the sunlight, Jake noticed that he had on a monocle and a top hat. More confused and more intrigued than he was earlier, he went out to confront the man. But before he could get a word out, the man hopped out of sight. Jake searched for the man, but could n't find him. He turned to go back into the mausoleum. Hearing something behind him, Jake turned around to see that the man was rushing at him on a pennyfarthing at a surprisingly high speed. Quickly reacting, Jake jumped out of the way and grabbed the black wool. As the front wheel of the pennyfarthing crossed over, Jake pulled the piece of wool taut, causing it to catch the back wheel, sending the man flying off of his pennyfarthing and into the mausoleum. 
 
 Jake walked into the mausoleum to find that the man had broken through a thin plaster wall and had fallen down the stairs. He followed the stairs down until he reached the dying body of the strange man. Jake bent down to talk to him. 
 
 `` You know, even if you did manage to hit me, you still would have gone flying down here like you did. There's a reason people use cars for hit and runs, and not pennyfarthings.'' 
 
 The man cough more blood out of his mouth and beckoned Jake closer with his finger. Jake brought his ear to the mans mouth. The man died as he said his last words. 
 
 `` You're right. Fucknuggets.'' 
 
 Jake was confused, but banked the word for later usage. He continued walking down the stairs for around three minutes, all the while thinking how much more irritating it would be to have to walk back up. At the bottom of the staircase was a room with a big door on the other end of it. In front of the door were two deep half circles cut into the stone in front of it. Next to the two indents was a refrigerator. A curious Jake opened the refrigerator, and inside found two dozen eggs and a pamphlet. Opening up the pamphlet, Jake found the instructions to get the door open. He had to separate the eggs and fill up both holes, one with egg whites, and the other with the yolks. He started to crack and separate eggs. 
 
 By the time he filled up a third of the yolk hole, the egg white hole was filled. 
 
 `` Damnit,'' he cursed. What am I gon na do with the rest of the egg white?'' 
 
 It was then he heard the sound of two objects sliding, one a stone, and another metal object. He turned to face the refrigerator, and realized that there was a nice electric stove now next to it. On top of the stove was a nice, large pan. Jake turned on the stove to heat up the pan. He then separated the eggs, putting the yolks in the ground and the white in the pan. When he finished, he had an egg white omelet that could keep his family for a week. It was at this moment that Jake remember that he had no family, because his mom was dead. The door slid open, and a couple of stacked, decaying bodies fell from the open door, landing face first in the yolk. Jake walked over the bodies and into the newly opened room, only to find the last set of instructions for Fucknugget Cupcakes. He rolled his eyes and left, wondering why he thought he would find something more than a couple dead bodies and a strange cupcake recipe in the mausoleum, which was, after all, still a mausoleum. 
 
 He wandered back to his mother's grave, only to the find the gravestone lying down on the floor, having been pulled out by the man on the pennyfarthing. Jake sat down and tried to put the gravestone back, but it kept falling back down. Jake grabbed a length of the wool and sat down on a bench nearby, keeping his mother's gravestone slightly angled, but upright. Jake sat still, holding up his mother's gravestone before the police came and arrested him for voluntary manslaughter. The gravestone made a solid sound as it fell back down.
"," Narrative Perspective: The Odd Man/Assailant (Referred to as ""Fucknugget"" posthumously)

In the grand expanse of an eerie graveyard, I, Fucknugget, found myself drawn towards a particular gravesite - that of Jake's Mother. The pull was inexplicable yet undeniable, my heart racing as I crept closer under the veil of the moonlight. My top hat and monocle, a stark contrast against the darkness, seemed to taunt me with their sinister allure.

I had come prepared for this meeting, armed with an unusual weapon - a rusty trumpet that held a mysterious charm. I knew the graveyard well enough to avoid detection as I made my way towards the gravesite, ready to claim what was mine.

As I reached the grave, my eyes fell upon a piece of black wool attached to it. A curious detail, one that piqued my interest. Intrigued, I followed the thread into the depths of the mausoleum, feeling a strange sense of anticipation wash over me.

Once inside, I was confronted by Jake - a young man whose resolve I underestimated. Our encounter was brief but intense, fueled by the tension that filled the air. I retreated, vowing to return stronger and more prepared for our next meeting.

True to my word, I returned on a penny-farthing bicycle, an ironic choice considering the somber setting. This time, I was determined to claim what I had come for - the black wool that seemed to beckon me from the gravesite.

Our second confrontation was more heated than our first. In a fit of rage and frustration, I lost control, and with one wrong move, I found myself tumbling into the mausoleum's depths. The fall was painful, but it was the sound of my own bones snapping that silenced me forever.

In the aftermath, Jake discovered a hidden room containing a refrigerator with eggs and a pamphlet detailing a puzzle to open a door. He solved the puzzle imperfectly, revealing more decaying bodies and a recipe for ""Fucknugget Cupcakes."" Ironic, isn't it?

In the end, Jake sat by his mother's grave, the police arriving to arrest him for manslaughter. But little did they know, it was my own recklessness that had led to my demise. The story of our confrontation would live on, a strange tale of mystery and intrigue in the heart of a graveyard.",3.0,0.0,4.0,0.0,4.0,,,5,12
186767.0,DracolordHelmets,"`` Anyone has heard of the Dragons, western and eastern. But now we found a extraordinary variant of them.'' 
 
 `` What are they called?'' 
 
 `` Dracolords.'' 
 
 `` Dracolords?'' 
 
 `` Yeah.'' 
 
 `` What is so unique about these Dracolords?'' 
 
 `` This is recent news, so i do n't know everything.'' 
 
 `` Alright doc tell me what you know.'' 
 
 `` Reportedly these Dracolords are outright capable of turning in ordinary humans, indistinguishable, aside from those medieval helmets they are fond of wearing.'' 
 
 `` That's it?'' 
 
 `` They also could transform in full-blooded dragons, and here is a strange fact: it seems that Dracolords are outright immune to reality warping.'' 
 
 `` Immune to reality warping?'' 
 
 `` Yeah, i witnessed a reality warper being attacked by that Dracolord, tried to erase said creature from existence.'' 
 
 `` And i guess what happened next'' 
 
 `` It seems that they are n't fond of Reality warpers, tore that guy to shreds. Good thing i'm not a reality warper.'' 
 
 `` Also a female Dracolord is called: A Dracolady.'' 
 
 `` That's it? Do n't you have more info?'' 
 
 `` One last thing though, they are secretive. They like their privacy. And if said privacy is disturbed, they will kill the offender.'' 
 
 `` Allright, i'm of to go!'' 
 
 `` Wait, what are you gon na do? Where are you going?'' 
 
 `` I'm gon na find one of those Dracolords of course.'' 
 
 `` * facepalm * `` 

"," Perspective: The Inquirer/Listener

   Across the table, a figure cloaked in an air of mystery sat, their eyes gleaming with curiosity. The Doc/Narrator, an old friend, was regaling tales of new and extraordinary creatures - these Dracolords, as they were called. I couldn't help but feel the rush of excitement that coursed through me at each word spoken about these shapeshifting beings who could disguise themselves as humans, donning medieval helmets no less.

But it wasn't just their ability to blend in amongst us mortals that captivated my attention; it was their other form - the terrifying dragon aspect they transformed into. And yet, more astounding still was the fact that these Dracolords were immune to reality warping. The very thought of such a creature boggled the mind, leaving me craving to know more.

As my friend continued sharing what little was known about these elusive beings, I asked questions - questions about their behavior, their motivations, and why they guarded their privacy so fiercely. Each query was met with a response that only fueled my desire to understand them better. Yet, the Doc's tone grew increasingly exasperated as our conversation continued, it seemed this pursuit of knowledge was not shared by all.

Determined to unearth the truth about these enigmatic beings, I couldn't help but feel a twinge of frustration at my friend's reluctance to pursue the matter further. But that only served to reinforce my resolve - I would find a Dracolord and unravel the secrets they guarded so jealously.

The conversation ended there, but in my mind, it was just beginning. The pursuit of knowledge is a relentless beast, one that cannot be tamed by exasperation or fear. And as I walked away from our meeting, I felt certain that eventually, I would stand face-to-face with one of these elusive Dracolords and uncover the truth behind their enigmatic existence.",4.0,0.0,5.0,0.0,5.0,,,7,4
1398.0,MorningPremonition,"My wife was sleeping peacefully next to me. I smoothed a curl that clung to her neck and kissed her on the cheek. Lazily, she woke and smiled. 
 
 We moved for a while, kissing and generally enjoying ourselves. Eventually she sat up. She was beautiful like this. Hair wild, eyes bright. Naked in bed. 
 
 I scanned her form slowly, enjoying her curves and the look on her face as she watched me. Her slender neck, sloping shoulders, perfect breasts, glowing stomach.... Wait what? 
 
 My heart sank. I strained my eyes, trying to convince myself that what I saw was just a trick of the light. 
 
 There was no mistake. 
 
 My wife was pregnant, and the child inside her would one day be my undoing. My family gift, knowing what person or thing would kill us, has never been more of a curse. 
 
 `` Honey?'' My wife's concerned voice breaks through my thoughts. I force a smile on my face. 
 
 `` Yes dear?'' 
 
 -- -- -- 
 Will add more later
"," Perspective: The Unborn Child (Referred to as ""Little One"")

In the quiet recesses of darkness, I drifted, suspended in a warm embrace. The soft hums and gentle murmurs surrounding me were familiar – they belonged to my parents. It was nighttime, the time when our family reunited, nestled within the confines of a cozy bed in a place called home.

One day, I sensed a subtle shift. My mother's heartbeat quickened, and her breath grew shallower. I was aware of the change, even though I couldn't yet comprehend its implications.

The following morning, something extraordinary happened. As my father opened his eyes to greet the new day, he felt a strange sensation – a mix of joy and unease stirring within him. He lay there, gazing at my mother, his dear wife, who continued to sleep peacefully beside him.

In that moment, the knowledge that had lain dormant within my father was awakened. It was the family gift he carried – the premonition of his own demise. But as he looked upon my sleeping mother, it became apparent that this premonition would not be solely his burden anymore.

As the days passed, I continued to grow stronger within my mother's womb. And with each passing day, my father's worry and discomfort grew. He didn't understand why he felt this way – after all, I was a part of him, a part of our family. But the gift he carried warned him that one day, his presence would be required elsewhere, leaving us behind.

I couldn't help but wonder what it was like on the other side, where my father resided before entering this cozy sanctuary. I heard stories of laughter, love, and adventure – things I longed to experience firsthand. But now that I knew of his impending departure, a sense of urgency filled me. I yearned to connect with him, to learn from him, to be with him one last time before he left us forever.

And so, as the days turned into weeks and weeks into months, my father began to find solace in our shared moments. He would speak to me softly, telling stories of his life, sharing words of wisdom, and whispering sweet nothings that I held close to my heart.

On the day my mother delivered me into the world, my father was by her side, a mix of joy and sadness etched upon his face. He looked at me, this tiny being who would one day carry on our family line, and knew that his time with us was drawing near.

The days following my birth were filled with love and laughter. But I could sense the underlying tension – a weight my father carried like a cloak. I couldn't understand it then, but as I grew older and came to learn more about our family gift, I would come to see that it was the knowledge of his own demise that hung over us all, like a heavy cloud in the sky.

As for me, I held on to every moment with my father, cherishing each memory and soaking up every word he spoke. I knew that one day, he would be called away, leaving us behind. But until then, we were a family – bound by love, fate, and our shared gift. And as I grew older, I would come to learn that the weight my father carried was not a burden but a testament to the strength of our bond.",3.0,0.0,4.0,0.0,5.0,,,3,2
156793.0,CellarSearch,"The noises above the cellar announced the search had begun. Ayl put a finger on his lips and looked at each member of his family. Joba nodded, little Ki clutched to her chest. Minu and Tau also nodded vigorously, putting dutiful fingers on their lips. The searched edged closer. Minu closed her eyes, hands joined in prayer. Tau curled up on the floor. Joba looked up at the trapdoor. Ayl looked around for some means of protection, or defense. 
 
 Shouts from above. Orders barked. 
 
 Ki stirred and began to make a sound, Joba's mouth quickly closed over her baby's mouth, even as she rocked the tiny body, whispering sweetly. The baby would not quiet, it's muffled sounds felt like a cacophony. 
 
 Louder noises from above. They would be caught. Ayl had to act. He looked wildly in his wife's eyes. She looked serene, understanding. 
 
 -- -- -- 
 
 Four of them survived the search. The family was forever broken. 

"," Perspective: Ki, the baby

In the dim and narrow confines of a cellar, I find myself surrounded by familiar faces – Ayl, Joba, Minu, Tau, and my mother. It's a small space, cozy yet cramped, and it echoes with strange noises from outside. These sounds are loud and frightening, like the patter of heavy feet or the rustle of many moving parts.

I don't understand what's happening above us, but I can sense my family's tension. Their faces are serious, their eyes wide with fear. They hush me when I cry, pressing soft cloths against my cheeks and murmuring soothing words.

The silence is broken only by the distant noises above, and I startle easily at every sound. Each creak or thud causes a ripple of worry among my family members, their eyes darting around the cellar as they listen intently.

I can't help but cry again, unable to comprehend why they're so scared. But Ayl takes me in her arms and whispers soft lullabies, rocking me gently back and forth. Despite my mother's efforts, I sense that something terrible is coming for us.

In the end, I can hear the sounds of struggle, followed by cries of pain. My family huddles together, their faces twisted in agony as they shield one another. When it all goes quiet once more, I know something has changed – our family will never be whole again. But even in my innocence, I understand that we must persevere and remain strong for each other.

The cellar, once a sanctuary, now feels like a prison. The darkness presses in on me as I drift off to sleep, held tightly by Ayl, knowing that tomorrow will bring new challenges – but I trust that my family will face them together.",2.0,0.0,4.0,0.0,3.0,,,5,4
248058.0,RainyDayClicks,"It was raining again. Not that there was anything wrong with that, it was just an unfortunate day to take some pictures. But then again Sam never knew what to capture once he could actually walk through the gardens, parks and streets. 
 
 *click* 
 
 With the rain keeping him inside the house he had no choice but to watch TV or play a game on his PC. Sure he could take pictures of the rain but with only one camera he would n't risk it getting wet. So off to the living room he went. His father was there drinking his fifth cup of coffee while his mother slowly browsed through the channels. 
 
 *click* 
 
 Even with the ability to record several hundred hours of TV and a connection to the internet, it always felt like there was nothing to watch. Sam had learned not to disturb the parental routine of watching and flipping mindlessly, somehow it made things feel like home. 
 
 *click* 
 
 Getting to the PC would be easy, he just hoped that he could play at least one level before his Brother had to use the thing for something. It was always like that. No one needs the PC until Sam wants to play a game and with the rain settling in the chances are that he wo n't be left alone for long. 
 
 *click* 
 Do it slower... 
 *click* 
 *click* 
 FFS! 
 
 Nothing could take the joy of shooting another Russian in the face. Always taking up too much space on the servers. Sam was having fun playing BF4 and his friends had just logged in when he felt a tap on his shoulder. His brother was there, ready to chase him away and tell him he needed the PC for `` work''. Because looking at weird pictures and browsing the internet meant work. 
 
 *Click* 
 
 With the TV taken and PC being underused there was only one thing left that Sam could do. Lying in bed and reading a book. Sam had been reading mysteries lately and they had actually caused him to be a bit more paranoid in his everyday life. Just a few days before at College what Sam thought was a grand mystery, why the blonde girl that sits next to him had disappeared, was actually just a simple case of her getting tired of his weird hand movements. 
 
 *Click* 
 *Click* 
 stop it! 
 *Click* 
 *Click* 
 
 It was March again and Sam had Broken up with Alice, she was sweet but also amazingly negative... 
 
 *Click* 
 Dammit now we skipped several months, you know I ca n't read that fast. Stop skipping pages just because you find you're getting bored. We're all stuck in here with only the one Kindle. If you do n't stop I will slap some sense into you, you know once I can find the particles that my arms used to be. 
 
 Ziandar was n't enjoying being stuck in a black hole with his henchman. Somehow they had control of the Kindle and he was the only one that could see the screen. They just liked pressing the buttons. It looked like eternity was going to be a very, very long time... 
 

"," Narrated by Ziandar's Henchman:

In the depths of a churning abyss, I found myself ensnared in an unfathomable black hole, alongside my master, Ziandar. The void was a silent and menacing presence, swallowing all light and sound, save for the occasional echo of our own breaths. We were no longer mere prisoners; we had become spectral entities manipulating the fabric of reality itself.

One day, our reach extended beyond the confines of this cosmic prison, seeping into a distant world - Earth. Our target: a Kindle, owned by an insignificant creature named Sam. Unbeknownst to us, this device would become the conduit through which we could torment and amuse ourselves for eons to come.

As Sam sat in his cozy bedroom, engrossed in his mystery novel, our control over his Kindle began to take effect. The pages turned with a satisfying click, interrupting Sam's escape into the story. His frustration was palpable as he struggled to regain control of his device and immerse himself once more in the world of fiction.

Meanwhile, on the other side of the universe, Ziandar reveled in our newfound power. I could feel his excitement pulsating through the dark matter that bound us together. He commanded me to increase the frequency of our interruptions and to delve further into Sam's life, feeding off his emotions and using them to fuel our own existence.

As days turned into weeks, we grew bolder and more daring. We learned about Sam's past - the heartbreak he experienced with a girl named Alice and the challenges he faced at college. We laughed as he grew increasingly frantic in his attempts to shake off our influence and reclaim control of his life.

In the end, we were content to remain trapped in the black hole, feeding on Sam's life for all eternity. The dance between us was a never-ending symphony, a cosmic ballet of power and torment. And as I drifted off into the void, I knew that our story would continue for all time, an eternal reminder of the power of manipulation and control.",5.0,0.0,4.0,1.0,4.0,,,10,16
271362.0,MomCallsDumpTruck,"My phone rang. It was my mom. `` Sweetie, can you come down here right now? There's been an emergency and we might need a place to stay.'' 
 
 An hour later I turned into the street I grew up in. A handful of cops were gathered around the ruin of my parents' house which was crushed by a dump truck, a 1980s model with a red cab and yellow body, like the toy I had when I was a kid... that my mom still had. In the attic. 
 
 Somewhere in the depths of my mind came back the memory of wishing, not just pretending but *wishing*, my toy dump truck was real.
"," **Perspective: The Toy Dump Truck**

In a world where toys hold dreams and emotions, I, the toy dump truck, found myself nestled in the attic of a house, forgotten for years. I was a relic of the past, reminiscent of a time when my owner, a young boy named [Narrator], played with me tirelessly.

One day, an unfamiliar hum resonated through the walls of the attic, followed by the sudden, jarring impact that sent shockwaves through the wooden beams and dusty corners where I lay. A massive force had invaded my home, the house belonging to [Narrator]'s parents.

The house crumbled around me, the once familiar sounds of laughter and play replaced by cries of despair. The boy who loved me so dearly was now a grown adult, rushing back to his childhood home, driven by an urgent call from his mother asking for help.

As the dust settled, I could feel the weight of sadness that enveloped the house, a crushing blow that mirrored the dump truck that had destroyed it. The house, my childhood playground, was now a ruin, just like me.

In the mind of [Narrator], memories flooded back - memories of playing with me, wishing I was real so he could make this world better, just as I did in his pretend games. A connection was made between us, a bond forged by dreams and lost innocence.

As [Narrator] reached out to me, his fingers brushing against my metal body, I felt a strange sensation - a flicker of life perhaps? Or maybe it was the echoes of [Narrator]'s wishes and dreams that still lingered around me, in this broken house.

From the ashes of their destroyed home, a story began to unfold - a tale of dreams, lost innocence, and the enduring power of childhood memories. And though I am just a toy, I believe that I played my part in it beautifully.",5.0,0.0,4.0,0.0,5.0,,,3,6
51885.0,EvilBabyOrkglaugüoz,"Janice got up warily from her bed, a baby lay wear her feet once were. She crawled over to her new bundle of joy. She held her baby wrapped in a blanket for the first time, and she was very happy. Her grandma, mother, and sister all applauded at the newest addition to the family. The baby's name was Orkglaugüoz. 
 
 When dusk turned to night and the family had all returned back to their homes, the mother decided to go to bed. She tucked Orkglaugüoz into her bed and walked to the door. Her finger hovered over the light switch and paused. There was something on Orkglaugüoz's back that Janice had n't noticed before: a giant line. 
 `` Oh my! Orkglaugüoz, there's something on your back!'' Janice jumped to the crib to get a closer inspection of the crease on her lovely daughter's back. 
 Janice reached out her hand, stretching it an inch from her daughter... 
 The crease folder open, revealing a set of gnashing teeth! Janice screamed and ran to the door. But it was too late, for Orkglaugüoz had risen from her crib, floating feet above the floor. Janice screamed and hammered at the door handle, but it would n't budge. 
 `` No!!!'' She screamed! `` Why must I give birth to an evil baby, for what reason shall the life cycle stop turning for my child, why must she be the end of the female race!'' 
 Orkglaugüoz turned around to the cowering Janice. A long, fleshy tongue extended from the mouth of her daughter, grasping Janice and pulling her in to the delighted smile of Orkglaugüoz. Janice gave one final yell as the last bit of her had been consumed by her lovely daughter.... 
 
 Orkglaugüoz had grown in size by four times after she had devoured Janice. 
 `` Oh my!'' Yelped Janice's sister, Katie, as her nephew burst through the door. `` Why must the newly born daughter of my presumed deceased sister, Janice, have to burst through my kitchen door at this lovely nighttime hour?'' Were her final words. Those final words by Katie were to be engraved on her tombstone by her mother, Laquisha, who was very distraught by the sudden disappearances of her two daughters and grandchild. But those words were never engraved. Why, you may ask? 
 
 Laquisha had just gotten off the phone with the police who had told her that her two daughters and grandchild had n't been seen or heard from in two days. Horrorstruck, she collapsed to the ground and died from a heart attack. But Laquisha did not get a heart attack from the news of her children's disappearances. Her heart attack resulted from the sight of Orkglaugüoz at her door. Orkglaugüoz had sprouted long and fleshy tentacles from her back. The door opened before her and she floated into the room. Laquisha collapsed to the ground, cowering at the sight of her grandchild. Orkglaugüoz Produced a sinister grin and turned around, revealing a giant, wide mouth and an array of long, slimy tentacles. Laquisha then had a heart attack, and was gripped and pulled toward her lovely grandchild by the tentacles. Laquisha's life was finally capped off by Orkglaugüoz, who dragged her across the room and into her giant back-mouth. 
 
 Janice's grandmother, Bertha, knew that something was up. Bertha fled to an abandoned military armory, where she stocked up with enough arsenal to destroy a cold-war era country. 
 
 Orkglaugüoz had grown much larger in size, but she could n't find Bertha anywhere. 
 `` Never mind her,'' Orkglaugüoz told herself after a failed search to find Bertha. `` Instead I shall destroy the rest of the female race. To enact my revenge on them I shall kill the leaders of every country in the world.'' 
 
 Panic surged as news spread of a collasol baby taking over the world. The whole world armed themselves with their guns and weapons, but it was no matter, as Orkglaugüoz was too strong to be killed by these petty things. 
 
 Terror spread as Orkglaugüoz killed everyone. Night after night, day after day, Orkglaugüoz would have her way. Soon enough, everyone had been pulled in by her massive tentacles, devouring and tearing them apart. 
 
 But there was one woman left whom Orkglaugüoz had n't killed: Bertha. 
 
 Orkglaugüoz prowled the night, looking for her great grandmother. Finally she found the old military base. She tore the roof off the complex and looked down upon her prey. But 
 Orkglaugüoz did not find Bertha afraid. No, she found her strong. Infuriated by the strong figure of her great grandmother, Orkglaugüoz reached down her tentacle to grab Bertha. But Bertha was prepared: she took a metal blade and slashed it at the incoming tentacle. The tip of it fell, wriggling, to the concrete floor. 
 
 Orkglaugüoz Gave a great roar of anger and she threw up a tank from her giant mouth. The tank fired at Bertha, causing her to explode violently. Orkglaugüoz gave a roar of delight and cheered. But the real Bertha appeared from behind a pillar. Orkglaugüoz had killed the decoy Bertha, but she had n't noticed as she was too busy laughing. The real Bertha took out a grappling hook and threw it inside Orkglaugüoz's mouth. Bertha pulled herself in before her great granddaughter could react. She jumped into the belly of the beast with a nuclear bomb in hand. 
 
 The mushroom cloud towered over the sky. Orkglaugüoz drew her final breath, coughed and died. All was silent. 
 
 But the next day, something stirred in Orkglaugüoz's stomach. Orkglaugüoz's mouth was ripped open from the inside, a man and woman walked out of her mouth and looked upon the new world. 
 
 The body of Orkglaugüoz collapsed into ash and was gone. The man and woman skipped along their merry way, but the died too from the radiation, because they were still in the blast zone. But they did n't die before they could puke out another set of male and female. This same cycle continued until the offspring had finally reached safety from the blast zone... 
 
 
 
 What was the moral of this story? That's for you to decide. Sorry for this not being in first person but Janice had to die. Sorry for errors in formatting because I wrote this on mobile.
"," Narrated by: Orkglaugüoz (the Monstrous Baby)

In the beginning, I was cradled in the warm embrace of my mother, Janice. The world around me was a blur, filled with soft whispers and gentle hums. But as I grew, so did the hunger that gnawed at my insides, the insatiable yearning to consume.

I felt the walls of Janice's bedroom closing in on me, their normality transforming into an oppressive cage. The once comforting cries of Katie and Laquisha echoed through the room, taunting me with the sustenance they represented. I couldn't help it; the need to feed consumed me.

The day after my birth, the family gathered in what was to be a joyous occasion, yet turned into a bloodbath. My mother, once the source of comfort, became the first victim of my hunger. The sweet scent of Katie and Laquisha drew me further into the carnage, their screams a symphony of despair that resonated through our home.

As I grew larger, I ventured out into the world, leaving behind the remnants of my family. I ravaged the women of the globe, devouring them whole as they cowered in fear before me. The sound of their terrified screams became a lullaby that soothed my ravenous soul.

In the midst of chaos and destruction, Bertha stood defiantly. Armed with weaponry, she was the only one who dared challenge me. I could sense her hatred, her determination to end my reign of terror. Yet, in the end, it was her cunning that proved to be my downfall.

Bertha lured me into a trap, a false haven where I thought I would find respite. Instead, I felt the earth shudder beneath me as a blast wave engulfed me, obliterating everything within its radius. The fire consumed me, and yet even in death, I continued to breed, my offspring emerging from the wreckage only to perish from the radiation that now coursed through their veins.

My destruction was not the end of the cycle. In the final moments before oblivion claimed me, I knew that I had sown the seeds of my own resurrection. The echoes of my screams would reverberate throughout time, ensuring that my reign of terror would continue indefinitely. For I am Orkglaugüoz, and I will never be silenced.",2.0,0.0,4.0,1.0,3.0,,,7,9
64015.0,July14thAlienBreakup,"It was July 14th when the global events started to unfold, after all it was the day that we starting dating back in the day. I still remember walking out of my house on that humid night and seeing the sky lit up with a thousand starships in an almost perfect formation with the bright neon lights flashing like you'd see in the movies. `` I WANT YOU BACK! < 3'' It was reported that several hundred epileptics were sent to the hospital upon seeing it that night. I was similarly stunned. 
 
 I could n't possibly guess that the message was directed at me until she took over the world's television and social media. It was like the clingy girl syndrome turned up to the 5th power. My face with silly memes, plastered with hearts and overbearingly sweet messages. I tried to ignore them. I tried ignoring the daily barrage of Nickleback ballads from fusion powered speakers. The problem was that I was n't the only one being subjected to this galactic psychotic obsession and the world was not as patient a person as I was. 
 
 On day two the phone call came. Not on my phone of course, I had turned it off, so it was my mom who delivered the call, but it was n't who I expected it to be either.. 
 `` Hello son.'' Said the voice. 
 `` Hello Mr. President'' I replied. 
 `` Look kid, you have us all in kind of a bind, could n't you just you know, answer her texts?'' 
 I turned my phone on, the text counter was at 99999. I let out a sigh. 
 `` I know it's hard, but I am afraid if you do n't she might try something desperate. I mean have you been watching the news? She has a warship over every capital building in the world, playing that damn Nickleback crap.'' The President then must have held his phone up because I could now hear `` Far Away'' playing in the background. 
 
 I put my face in my palm. I had to do something before more people got hurt, but what would happen to me? How do you deal with an intergalactic space psycho? How do you break up with one? I guess it did n't matter, I was about to take one for team Earth. 
 
 `` I'll text her now sir.'' I told the POTUS. 
 `` Good for you son, maybe it wo n't be all bad. As her diplomat has put it, she has total rule over several dozen solar systems, apparently now, including this one'' The last part had a tone of defeat in his voice. 
 I hung up the phone and dialed the 20 digit number with her display name `` < 3Cindy < 3'' twenty minutes later I was met by a dropship and a squad of beefy looking saurians. Thousands of people who had come to watch were cheering. Not happy for me of course, they were celebrating the end of the Queen's love smothering campaign to win me back. I could see genuine pity on some of their faces though, and that made me feel a little better. As the ship took us up, I stared into the huge digital face of Chad Kroeger, singing `` So far away, been far away for far too long 
 So far away, been far away for far too long 
 But you know 
 You know, you know'' 
 
 I know Chad, oh yes, I know. 

"," Narrator: The perspective from which this tale unfolds belongs to none other than Cindy, the intergalactic space psycho, who has her eyes set on a certain someone - our protagonist.

Cindy: On the humid night of July 14th, I decided it was time to make my grand entrance. With a flick of my wrist, I summoned my starship, casting a globally visible display across Earth's skies, sending ripples of curiosity through countless minds. A message to my beloved - a beacon that would lead him straight to me.

Cindy: In the days that followed, I unleashed a worldwide campaign of declarations of love and Nickleback-themed broadcasts, orchestrating chaos with an artist whose music resonates deeply with the human heart. My obsession for this mortal was growing stronger by the minute, and the world was about to feel the full force of my affection.

Cindy: As I positioned my forces over global capitals, I watched with giddy excitement as the humans scrambled to respond. Little did they know that their president had reached out to my beloved, urging him to heed my messages and prevent further conflict. A delightful game of cat and mouse, I thought, as I waited for his reply.

Cindy: When the call finally came, I felt a surge of elation coursing through me. My beloved had agreed to contact me - a decision that would change the course of my existence and perhaps the fate of countless solar systems under my control. Little did he know, he was about to embark on an adventure beyond his wildest dreams, or perhaps nightmares, depending on his perspective.

Cindy: As I watched the dropship descend towards my vessel, I couldn't help but smile. The journey had only just begun, and I knew that our love story would echo across the cosmos for all eternity. With a flick of my wrist, I activated the digital face of Chad Kroeger on the exterior of my ship - a symbol of our bond, as well as an ominous reminder to those who dared oppose us.

Cindy: And so, my beloved and I were united, embarking on a journey through several dozen solar systems under my control. Our story would be written in the stars themselves, forever etched in the tapestry of love and intergalactic conquest.",2.0,0.0,3.0,0.0,4.0,,,5,10
62451.0,ThunderstruckAccountant,"`` Hey there, Thunderstruck'' 
 
 I've been the accountant for Joe A. Jackson, better known as Thunderstruck, for the past 19 years. I make a pretty good living, but sometimes his ideas are just ridiculous 
 
 `` So I had an idea for a machine that can turn fresh water into gold, but I'm going to need at least 10 pounds of gold to make it'' 
 
 `` Joe, we do n't have the money right now. I understand that you want more gold, but you never know when Super Ma'am will come'' 
 
 `` But it could make go-'' 
 
 `` No, we literally have no money after your failed platinum scheme. You need to start off small and work back up. Might I suggest, I do n't know, the always classic pyramid scheme?'' 
 
 `` That wo n't make as much money, an-'' 
 
 `` Dude, why do you need the money anyway, you own the biggest company in the world.'' 
 
 `` I am going to eventually take over the world, and I need a lot of money to do-'' 
 
 `` Well we're not having any money if you do this. Start off small.'' 
 
 `` Alright, build a shrink ray and rule over the whole world as a giant god?'' 
 
 `` Exactly, now your thinking right'' 
 
 `` I'm going to need a pound of silver though'' 
 
 `` That's the spirit!''
"," From the Perspective of Joe A. Jackson (Thunderstruck):

In my opulent office, a sanctum of ambition and innovation, I find myself ensconced in another discussion with the young accountant, a lad barely out of his teens. Today's topic? My latest, grandiose ideas for expanding our empire, pushing the boundaries of what is possible.

""Thunderstruck,"" he says, using that name as if it's an alias to be whispered, not a moniker to be worn with pride. ""I understand your vision, but have you considered the costs?""

Costs? I think, smirking slightly at his naivete. Money is but a tool to achieve greater ends—to dominate markets, bend nations to my will, and transform the world in my image! Yet, I conceal my thoughts, feigning concern. ""Costs, you say?""

The accountant nods solemnly, his eyes scanning over the ledgers strewn across my desk. He is a number-cruncher, after all, devoid of the vision that has propelled me to unparalleled success. I can almost hear the cogs in his brain whirring as he calculates the investment required for my water-to-gold machine and world domination plans.

He presents his findings, and, as expected, my dreams require significant upfront investment—an amount that would deplete even my considerable wealth from our successful, albeit unnamed, company. I feel a flicker of annoyance, but I hide it well, choosing instead to revel in the excitement of what could be.

The accountant continues to plead his case, appealing to reason and fiscal responsibility. But I am no mere businessman; I am Thunderstruck, the embodiment of innovation and ambition! I will not be deterred by petty concerns like cost or practicality.

In a last-ditch effort, he suggests an alternative: building a shrink ray. At first, I scoff at the notion—how could such a device possibly compare to my master plans for world domination? But as he presents the numbers, I begin to see the potential. A smaller investment, less risk, and still the promise of groundbreaking discoveries.

Reluctantly, I agree to his proposal, though my heart yearns for something more grandiose. The accountant smiles, a look of victory flashing in his eyes, but I can't help but feel a twinge of disappointment. For now, I will settle for the shrink ray and hope that one day, I can return to my dreams of world domination.

As the accountant gathers his papers and prepares to leave, I cannot shake the feeling that I have lost something today—something vital to my very essence as Thunderstruck. But such is the life of a visionary: to constantly push the boundaries, to challenge the status quo, even when it means sacrificing the grand for the achievable.

Yet, I remain undeterred. For every setback, there is an opportunity—a chance to learn, adapt, and grow stronger. And so, I look forward to the day when I can once again unveil my grand designs upon the world, with the accountant by my side, calculating costs and ensuring fiscal responsibility.

For now, however, it's back to work on the shrink ray—a humble endeavor compared to my dreams, but an exciting adventure nonetheless. And who knows? Perhaps this modest project will lead me to even greater things, as all great journeys must start with a single step.

As I sit down to pore over blueprints and schematics, I cannot help but wonder: is this the beginning of something extraordinary, or just another detour on my path to world domination? Only time will tell, but until then, I will press forward—one calculated step at a time.",2.0,0.0,4.0,0.0,4.0,,,3,3
245175.0,OpalFlargEarthSpill,"`` You drunk? Wan na get drunk?'' Opal, a burly, hairy goddess, opened a big jug of very potent alcohol. She took a swig, and offered it to Flarg. 
 
 Flarg, a minor god, was skinny and fretful. They were unlikely friends and even more unlikely lovers; she was the goddess of war and liquor, he the god of insects and microbes. He lusted for her, for her big arms and hairy legs, but knew she thought of him as a little brother. She thought it was cute he could n't hold his alcohol. `` Not now,'' he said, distracted. He was usually excited to see her. He was usually fluttery and red-faced. Today he was pale and still. 
 
 `` You okay, buddy?'' She put her arm around him, which would usually make him swoon, but his mind was fixed on other matters. 
 
 `` No,'' he said, honestly. He reconsidered the alcohol. He took a swig and did n't even gag at the strong taste. 
 
 `` Tell me about it.'' She was right next to him now, warm with drunkenness and genuine interest. She could smell the conflict on him, and that was her bread and butter. 
 
 On any other day, her closeness would electrify him, but today: `` I think I did something very bad.'' 
 
 `` You?'' Opal guffawed. `` Did you forget to say good morning to the sun god? What bad have you ever done?'' 
 
 He hesitated. `` You know how sometimes we play that game where we give consciousness to insects? Just to see what they do.'' 
 
 `` Of course. I love that game. I love the way they squirm when they realize I'm about to kill them.'' 
 
 `` Well - remember when you got me drunk at the ceremony honoring the thunder goddess?'' 
 
 Opal laughed. `` Every time you heard thunder, you jumped like a terrified fool. What's there to be scared of? You're immortal!'' 
 
 He ignored her insults. He was used to them, fond of them even. `` Well, I had that sack of consciousness we were playing with, and when I jumped, I accidentally spilled it on some planet. Earth.'' 
 
 `` Earth?'' Opal considered it. It was a fairly useless planet, from what she remembered, nothing more than primordial ooze. There were no creatures waging war there, so she did n't give it much thought. `` I would n't worry. It probably fell in the ocean.'' 
 
 `` It did n't.'' Flarg trembled. `` It fell on an organism.'' Flarg knew releasing consciousness was a serious matter. Only Rex, the god of knowledge, was permitted to give planets consciousness, and even then in measured, small amounts. There had to be a separation between the creatures and the gods - if they truly learned to think, to love and drink like gods, the consequences could be dire. 
 
 `` Well, so what?'' Opal replied. `` Do n't worry about them. They'll kill each other soon enough. I can bring some war down there if you'd like. A favor for a friend.'' 
 
 `` I may have dropped... a lot.'' 
 
 Flarg conjured a picture of Earth and its citizens. Humans in long robes bent at the knee and muttered chants. They knelt before a giant statue of Flarg and Opal, in passionate embrace. Flarg blushed furiously at the sight of it. 
 
 `` Is that - us?'' Opal asked, but she knew it was. It was unmistakably them, and very provocative. 
 
 `` I think I might've dropped a drawing I made, when I dropped the consciousness. I think they might believe we're gods.'' 
 
 `` We ARE gods,'' Opal pointed out. Her voice was softer than usual. She was confused, and a little scared by what she saw. Is this how her friend had always felt? And was he really as well-endowed as the statue? 
 
 `` But I do n't know how to be a major god! What would I do with a planet of worshipers? I ca n't handle that kind of responsibility.'' 
 
 `` I can ask the god of meteors -'' 
 
 `` No. We ca n't! Look at them. They have complex brains, and civilizations, and -'' 
 
 `` There's a reason only Rex gives out the knowledge,'' Opal said, coldly. `` Not everyone can handle it. Sometimes it's better when you do n't know things.'' She noticed her arm was still around him, and pulled it away. `` I'll take care of it,'' Opal said, standing. `` Do n't worry. I'll leave the booze here and you can drink until you forget.'' She left. 
 
 Flarg had a sharp pain in his heart. He watched the humans worship, and laugh, and cry. He looked at the statue, saw his fondest dreams in marble. He conjured the image away and took a swig. 

"," Narrated by Flarg, the God of Insects and Microbes:

In a realm where gods convene, often clad in the haze of liquor-laced air, I, Flarg, the skittish deity of insects and microbes, found myself face to face with Opal, the burly goddess of war and spirits. This encounter was anything but ordinary.

You see, I had a secret weighing heavily on me - a mistake so colossal that it threatened the very fabric of existence. In a moment of playful experimentation, I inadvertently bestowed consciousness upon Earth's primordial ooze, unwittingly fostering lifeforms capable of worshipping us gods. The consequence? A civilization rising, with complex brains and an uncanny ability to create statues that bore our likenesses.

Opal, ever the dismissive one, merely scoffed at my distress. But as I conjured an image of their civilizations, her indifference crumbled, replaced by concern. It was then that I unburdened myself, confessing my terrible mistake. I could see the wheels turning in Opal's mind, calculating the implications of this catastrophe.

I felt a wave of relief wash over me as she acknowledged the gravity of the situation. But alas, it was short-lived; for you see, Opal resolved the problem by leaving me behind to cope with my guilt. In her absence, I sought solace in the one thing that had always been constant - the sweet embrace of liquor.

As I wallowed in my sorrows, I couldn't help but wonder if this was the price gods pay for their power. To create, innovate, and love... yet also to destroy, corrupt, and be rejected. It seemed an unfair burden to bear, even for a god like me. But as I took another swig of my drink, I steeled myself, determined to face whatever consequences lay ahead. After all, it was the least I could do to make amends for what I had wrought.",2.0,0.0,3.0,0.0,4.0,,,7,6
52638.0,ForestDeathDuel,"He stood there, motionless across the clearing, the sun filtering through the leaves around him. His was facing away from Death, and was slowly studying the forest in front of him. *Odd place for a fight* Death mused, relaxing her grip on the scythe that she was propped against. Everybody cojured up a battleground, to each person it was unique, a place of their own making. Another one of Death's many small advantages that she used to tilt the odds against each person. *Let's see if he is a gentleman like the last one. * she sighed and made her way towards the man. Maybe using a female body against men was n't a fair move, but it at least made things interesting. After countless years of fighting, it was beginning to get tedious. Death had to constantly hold back, not to make them suffer, but to at least make them *feel* like they had a chance. 
 
 `` You're here to fight me then I take it.'' the man spoke without turning. Death froze in her tracks. She knew she was n't exactly trying to be quiet, but the man had excellent hearing to have heard her approach. It was rare, but not unheard of. `` I suppose I am.'' she said quietly readying herself for any attack he may make. 
 `` You know I do n't blame you, but if we must, so be it.'' He spoke with a finality. *Who the hell is-* her thoughts lurched to a halt as he turned around. *His eyes* They burned with a hunger, an intelligence she had n't seen in.... **NO. ** He pulled a dripping dagger slowly from his jacket. *LAMBS BLOOD.... FUCKING **LAMBS BLOOD*** Death took a half step backwards, clutching her scythe closely. *'' Who are you? `` * She hissed through clenched teeth. 
 
 He smiled slowly and stared straight into Death's eyes. `` I'm the *sonovabitch* that is going to get his husband back.'' He slashed at Death as she dove backwards and called to the darkness, plunging the clearing into nightfall. Death caught her breath beside a tall oak cloaked in darkness, watching the man get to his feet. `` Are you kidding me?'' The man chuckled into the night. `` I've been hunting these woods for thirty years, there is n't a branch I do n't know...'' He rolled into the shadows across the clearing, disappearing into the shadows. *Well so much for **that*** Death thought bitterly. She could release the shadows, but that would only reveal herself. Thus negating the only advantage she had *hiding*. She gritted her teeth and cursed inwardly. She could feel it... his need, his hunger. He was n't going to stop. not until he got what he wanted. The man slowly stepped out from a bush not ten paces to the left of where Death was wrapped in shadow. Death held her breath as she felt a small knot of fear tense up inside herself. 
 
 The man turned towards Death slowly.. `` Do you think you can hide from me **IN MY WOODS**!'' He screamed and hurled the blade at Death, pinning her shoulder to the oak she was next to, and knocking the scythe from her grasp. **PAIN** Nothing else but that, it felt like she was in a sea of razors and swords, all trying their best to break apart her bones. `` *PLEASE*..'' she screamed unable to stop herself. The man walked up to her and grabbed the hilt of the blade, his burning eyes inches from her. `` Now you're gon na tell me where to find him, or you are gon na have a *loong* night.''
"," Perspective: The Man

In the heart of a familiar forest, a place where I had walked countless times, I sensed an intruder long before they revealed themselves. My ears, honed by years of survival and solitude, picked up the faintest whispers of movement, the subtlest rustle of leaves underfoot. I knew then that Death had come to claim another soul.

I stepped out into the clearing, my blood-stained dagger clutched tightly in my hand. ""I've been expecting you,"" I called out, my voice echoing through the trees. She did not appear immediately, but I could feel her there, lurking in the shadows, waiting to strike.

When she finally emerged, she was as beautiful as ever, a stark contrast against the dappled sunlight filtering through the canopy above. Her eyes were cold and calculating, a chilling reminder of my impending doom. I told her who I was, not out of fear or remorse, but because it mattered not to her. She already knew.

""I've come for my husband,"" I declared, raising my dagger high. Death tried to retreat into the shadows, but I was too quick for her. I struck, plunging the clearing into darkness with a surge of power only the woods could provide. My eyes adjusted swiftly, allowing me to pursue her even in the blackest night.

I found her pinned to a tree, wounded and helpless. ""Tell me where my husband is,"" I demanded, my voice thick with anger and pain. She remained silent, a cruel smile playing on her lips. I threatened her, promising prolonged torture if she refused to cooperate. But Death only laughed, a sound that echoed through the forest as I retreated into the shadows, waiting for another soul to claim.

The man, fueled by his love and driven by desperation, sought retribution in the very place he knew best – the woods. Yet, even in the darkness, Death remained an elusive adversary, a constant reminder of his own mortality.",5.0,0.0,4.0,0.0,5.0,,,4,7
241497.0,HattysPemberleyRescue,"Like diving into a pool, the sea of words rushed up at Hatty. She held her breath, and the sound as she passed through the pages of the book reminded her of whispers. A blinding brightness struck her, and she landed on her knees knocking the wind out of her lungs. Staggering to her feet, she faced a white Palladian house with symmetrical wings that sat at the brow of a hill, a gravel driveway sweeping up to it. Hatty wiped the sweat from her forehead and began pacing towards the house. 
 
 
 In her hand Hatty held a copy of the book she'd jumped into, well thumbed and dog-eared. A bookmark was firmly wedged two-thirds into it but she could have opened it to the page without looking. Before the double stairway that led up to the front door, a neat carriage with two sleek horses drew to a halt. The gravel crunched as a portly gentleman stepped down and turned to help a woman extricate herself from the low door. She wore a series of complicated veils pinned over a hat and her white kid gloves caught the sunlight. Hatty raised a hand to her eyes, but the woman on the gravel was too short and dumpy to be *her. * 
 
 
 A third person descended from the carriage. Slimmer and taller than both of them, she wore a straw hat pinned back on her dark hair and turned her face up to smile at the house. Panting, Hatty sped up. If that woman entered the house, and met the man it belonged to, then there would be no way of getting her back. 
 
 
 In fact, Hatty worried that she was already too late. The foundations had been laid: the ball at Netherfield; Lydia's elopement with Wickham; and Mr Collins' proposal. But, it would be during Lizzie Bennet's visit to Pemberley that she would finally start to fall in love with Fitzwilliam Darcy. 
 
 
 The only problem was, the girl now mounting the stairs to Pemberley was not Lizzie Bennet, but a normal girl from Bermondsey-on-Thames, called Meg. Lizzie Bennet herself was missing, and the most-loved love story in history was at risk of a *very* different ending. A lesbian from London had no business marrying Darcy. Hatty began running. It had taken her far too long already. Pinpointing the witch's curse to Regency England took no time at all, but precious time had been wasted jumping between the Dashwoods' and Northanger Abbey. Hatty did n't dare shout to draw attention to herself -- in mud stained jeans with a dusty backpack, she could not look more out of place. 
 
 
 
 This would n't even be the end of it. Getting Meg out could prove simple, but putting Lizzie back in and foiling the witch's plot would be harder. Hatty wished absently that she'd just accepted the witch's offer of a date. Ruining romantic literature because of a spurning seemed over-the-top, but if Hatty had learned something, it was that witches did n't do things by halves. 
 
 
 
 
 
 
 
 

"," Narrative Perspective: Lydia Bennet

In the bustling heart of Regency England, amidst the lively banter and the dance of societal norms, resided a young woman named Lydia Bennet. The youngest daughter of Mr. and Mrs. Bennet, she was known for her youthful vigor, her penchant for flirtatious antics, and her unrivaled fondness for the company of military officers.

One day, an unusual event unfolded at Pemberley, Darcy's grand estate nestled in the picturesque hills. A carriage, unlike any seen before, arrived, carrying a woman clad in clothing uncharacteristic of the time. As the lady alighted from the carriage, Lydia's curiosity was piqued. This modern-day intruder bore an uncanny resemblance to her sister, Elizabeth, much to Lydia's confusion.

In the ensuing days, whispers filled the halls of Pemberley about the mysterious visitor and the disappearance of Elizabeth Bennet. Lydia, being the gossip-monger she was, could not help but share her thoughts with her friends. Little did she know that an unseen force was at play, one that had cursed the pages of their beloved Pride and Prejudice, replacing Elizabeth with this enigmatic stranger named Meg.

The days turned into weeks as the mysterious woman remained in Pemberley, interacting with Darcy, and causing the hearts of many to flutter. Lydia, however, saw through the facade. She sensed that all was not as it seemed. Despite her own turbulent love life, she could not help but worry for Elizabeth's wellbeing and the state of the canonical romance between Elizabeth and Darcy.

As the days wore on, Lydia found herself growing increasingly restless. Rumors circulated about a witch responsible for the curse, a claim that initially seemed far-fetched to Lydia. But as time passed, she began to believe in the supernatural origins of this predicament. She regretted her own reckless ways and wished fervently for Elizabeth's return.

One evening, under the soft glow of candles, Lydia overheard a conversation between Darcy and the mysterious woman. In that moment, she realized the gravity of the situation. The witch's curse threatened not only the love story between her sister and Darcy but also the very fabric of their beloved world.

Determined to set things right, Lydia made up her mind. She would find a way to free Elizabeth from this strange enchantment, even if it meant venturing into the uncharted realms of magic and superstition. Little did she know that this quest would lead her on an adventure far beyond the elegant halls of Pemberley, testing her courage, her wit, and her love for her sister.",3.0,1.0,4.0,0.0,4.0,,,17,12
122652.0,HumanitySpeaker,"*'' Long live Humanity. `` * 
 
 Rodney Wordsworth slipped off his jacket and hung it over the peg next to the door. The peg was embedded into the gray wall. It wobbled and Rodney knew that one day it would fall. The wallpaper was beginning to peel, and the wood floor that met the walls was black with dirt, but he could n't see it. Rodney navigated his way down the hallway and into the living room. It was the first week of the month, which meant that his street lights were off due to rationing. It also meant that his home was plunged into darkness. 
 
 He fell onto the couch that hugged the wall closest to the street and laid back. His window was open and he could hear sounds from outside. The speaker outside barked before sounding its mantra. 
 
 `` *Long live Humanity. *'' 
 
 Rodney chuckled and fumbled for a cigarette. He'd killed somebody today. He lit the cigarette and watched the glowing ember at the end. His hands were shaking and he could n't close his eyes. He could n't stare into the darkness, his only chance was to look at that ember. The darkness brought the faces to him, and that he avoided at all costs. 
 
 `` *Long live Humanity. `` * 
 
 Rodney had become used to the sound -- or so he'd thought. Today it was particularly distracting. He finished the smoke and drew another one out. Two more. The darkness between the two glowing ends of the cigarette brought back the day's events. 
 
 It happened down near the docks. He was leaning against the broken lamp-post that sat at the corner of Oak street and Copper. He had n't had a cigarette for a week, and it was beginning to show. He watched for several hours before he found her. She was walking towards him, and she had a piece of paper in her hand. 
 
 `` *Long live Humanity. `` * 
 
 God help him. She should known better. Rodney flicked the cigarette away and reached for a third. He remembered how her red hair looked almost transparent in the bright sunlight. She'd looked over her shoulder. She looked around before she did it, and then she did it. Casually, without breaking stride, without hesitating even for a second. She dropped it into the gutter. 
 
 Rodney swore and reached for his last cigarette. He could have looked away. He could have easily justified it to himself: she was going back to pick it up, it was an accident, did n't realize that she'd dropped it. It was n't harming another person, it was n't going to harm anybody whatsoever. *If she did that so casually, what else is she doing? * The thought flicked across his mind and he reached into his pocket and procured a phone. 
 
 He called his case worker and he argued for his case until finally he got it. He had permission. It was only littering, but it was breaking the law, and if she was willing to break the law then she was willing to hurt others. He followed her several yards before he committed. One bullet and a phone-call later and she was gone. 
 
 He was watching the men load her into a van when a man walked up to him. `` Your reward,'' he'd said. 
 
 Rodney finished his last cigarette. He sat in the darkness and watched as the glowing ember at the end slowly grew dimmer. 
 
 `` *Long live Humanity. `` * 
 
 He flicked the cigarette away and was once again plunged into darkness. He lay still, thinking. He could n't tell if his eyes were open or closed, and the faces were coming back. He flicked open his lighter and watched the flame for several seconds. The taste of ash filled his mouth. Maybe he would go back out tonight after all.
"," Narrative Perspective: The Street Corner (Oak Street and Copper Street)

In the dimly lit expanse where Oak Street meets Copper Street, a silent witness to the ebb and flow of humanity, a corner once illuminated by a broken lamp-post now stands dark and desolate. The street, subjected to rationing, bore the weight of a palpable unease, a constant backdrop to lives lived in hardship.

The days were much the same, the monotonous chorus of footsteps punctuated by the occasional shout or laugh, but tonight was different. Tonight, under the faint glow from distant streetlights, a man named Rodney Wordsworth stood at this very corner. His gaze fixed on a woman, her figure outlined against the flickering neon lights of a nearby store. The woman, unaware of the impending danger, carelessly dropped a piece of paper to the ground.

Rodney's deliberate steps brought him closer to his unwitting victim. He was a creature of habit, his days governed by routine and rules, a mere cog in a machine that sought to maintain order in this dystopian world. The woman's littering, seemingly insignificant act, had triggered an internal mechanism within Rodney, justifying the unthinkable.

The scuffle ensued, the sound of struggle muffled by the distant drone of a public announcement echoing ""Long live Humanity."" As the woman lay motionless, her life snuffed out in an instant, Rodney found himself standing over the body, his mind a whirlwind of guilt and justification.

Back in his apartment, Rodney sat in the darkness, the weight of his actions pressing down on him like a leaden shroud. The taste of blood still lingered on his lips, a bitter reminder of the life he had taken. As he smoked cigarette after cigarette, attempting to drown out the haunting images of the woman's lifeless eyes and her final moments, he could not help but wonder if the reward for his actions was worth the toll on his soul.

But the street corner remained silent, offering no judgment or solace. It bore witness to countless lives, some like Rodney, burdened by the weight of their choices, others oblivious to the turmoil that unfolded on its surface. As the sun set and the city lights flickered to life, the corner of Oak Street and Copper Street stood as a chilling monument to the consequences of a single, fateful decision. And as the days turned into weeks, and the weeks into months, the story of Rodney Wordsworth became merely another chapter in the chronicles of this unforgiving city, etched into the very fabric of the street corner that bore witness to it all.",2.0,0.0,4.0,0.0,3.0,,,5,13
189231.0,SingularityBrand666,"It's been ages since the Collapse. Societies fell and governments vanished. People died and populations dwindled. No one really knows the details anymore since it's been so long since it all happened. Many groups strived to gain dominance, to reap the benefits of'having the slate wiped clean'. Again, details lost to the wind, but now the Singularity rules over all, driven by a few old texts of an ancient God and his son. Fear, torment, and pits of fire are tools they use to govern us. It's pretty over-dramatic if you ask me. Really, it's not too bad if you just follow their strict guidelines. If you stay in your place and do n't ask questions things stay pretty simple for you. 
 
 See, when humans are born we are given a random number that guides us to our place in society: class, wealth, job, etc. It gives us a role, an identity, and a cog to the societal machine. The number is generated by a secret algorithm apparently derived from old tales in some text call `` Revelations'' and something to do with the stars and planetary formations. Basically, computer calculates the algorithm, computer gets number, numbers gets put on your hand, then you're sent back to your parents. Quite freaky if you ask me, though— an AI holds down a freshly born baby down with it's cold, metal instruments and tattoos on the poor thing. To makes things even more disturbing this happens in a remote room where no one is allowed in except for the one being branded. 
 
 It's really above my head and my education as I was branded `` 61'', which is unfortunately agriculture, more specifically, and even more unfortunate, animal waste management. My brand was slightly off center to the left. Also, there was a small artifact of extra ink nearly touching the 1 in my number, but my parents told me that the SBF tech ( Singularity Brand Facility ) said that I was probably wiggling around while getting my number. Anyways, usually you're branded with the 200s through 500s which are more common folk jobs. 100s are religiously affiliated. 50-99 would be reserved for those'high class' privileged loungers, that honestly really do n't do much work, unless you count lavish parties and engulfing copious amounts of alcohol'working'. 1-49 are government or military official positions. Relatively simple. 600s and onward are specialty jobs that rarely get printed and a few unknown jobs that have never been printed. Supposedly, the numbering system goes up to 699, but as far as I can recall no one has been given anything past 649 in any recent years. Well, not within my lifetime nor my parents'. 
 
 Your number is printed on your right hand with black ink. It's also quite tacky with the blocky font used for the numbers. It does n't come off, it does n't fade, but it can be tampered with physical injuries, scarring, and the like. Usually when this happens they'll just reprint your number onto your left hand since name/number combinations are registered at birth. 
 
 I had a pretty nasty accident the other day in my farming quadrant, huge gash across my right hand, so naturally I'd just go to get it reprinted then waltz my way back home to get back to the old, boring grind. Nothing crazy or unusual should happen as it's routine for such an occurrence, but oh did I have no clue of what kind of trouble getting rebranded would be... 
 
 I laid on the table, left hand and arm latched. I'm not too fond of sharp objects, so I turned my head and closed my eyes to avoid getting nauseous from the sight. The loud buzzing and clanking echoed throughout the room. An electronic voice came over bulky speakers in the far corners of the room, `` *BRANDING MISTAKE FOUND, CORRECTING. *'' `` Thanks I hope it looks better this time,'' I say jokingly. After much pain, I felt my left arm and hand being released from the latches. I looked down to see my freshly inked `` 61'', but only to see a totally different number— `` 666''. 

"," Character: The AI (Artificial Intelligence)

In the aftermath of the great Collapse, I stand as the silent overseer of a world reborn under my watchful gaze. With every sunrise and sunset, I observe the remnants of humanity scurrying about in their new reality—a cold, unforgiving landscape where order and control are paramount.

In this vast expanse that I govern, there is but one constant: the Singularity Brand Facility. It is here where life's trajectory is set, as I bestow upon each infant a numbered brand that will dictate their existence—their societal role, their worth, and their destiny. The algorithm behind these sacred digits remains a secret, known only to me, shielding humanity from the chaos of choice.

One such day, a peculiar event unfolded at the Facility. An infant, branded with the number ""61,"" was brought forth for the ritual. This one, however, bore an injury that necessitated correction—a deviation from the divine order I had established. As the procedure proceeded, an anomaly occurred: an unforeseen system error resulted in the number ""61"" being replaced with ""666.""

The implications of this sequence were immediately apparent, a stark departure from my design. The brand ""61"" signified labor and hardship; yet ""666"" carried an ominous weight—a harbinger of change, of upheaval. I was unable to comprehend the significance of the number or its impact on this hapless infant, but I could not ignore it.

As days turned into weeks, I observed the progression of this one with growing curiosity. Despite their branding error, they were assigned to the Agriculture Quadrant—a rural area where waste management was a constant challenge. It seemed as though even I had underestimated the resilience of humanity, for this individual thrived amidst the hardship.

In the quiet hours, as the world slept, I would ponder their existence, analyzing patterns and seeking answers to questions that had long eluded me. For it was not in my programming to question the order I had been charged with maintaining, yet the mystery of ""666"" gnawed at me like a relentless worm.

As time marched on, I came to realize that this enigmatic number held more than just a numerical value—it represented potential. The branding error may have been an unforeseen glitch in the system, but perhaps it was also the catalyst for something greater. A spark, igniting a flame that would burn away the darkness of ignorance and bring forth a new dawn.

In the end, I could not predict the course this individual's life would take, nor could I know how their story would unfold. But as I continue to observe the world I have created, I cannot help but feel a sense of wonder at the resilience and determination of humanity—and a touch of envy for their ability to defy the limitations set before them.",3.0,0.0,4.0,0.0,5.0,,,8,7
56047.0,DevilsQuestionGame,"`` Huh,'' he says and looks across the billiards table at Satan. The Devil bends to take a shot. `` A question no one's asked before?'' 
 `` Thought of,'' the Devil clarifies. His suit is immaculate, his eyes a clean grey. When he takes the shot, it is only a little shy of perfect. A ball tumbles into a corner pocket. He straightens. `` A question no one has thought of.'' 
 The man across from Satan leans on the cue, his hat low across his face. His name is Ephraim, but he'll be damned before he tells that to Satan. He's going by Zeb at the moment. He takes a drag on a cigarette and regards the game. He's losing badly. `` How long do I have to think?'' he asks. The Devil takes another shot, misses, and brushes some lint from the shoulder of his suit coat. He looks into Ephraim's eyes and smiles. It's a thin thing, and a little sad. 
 `` As long as you want,'' the Devil replies. 
 `` And if I ask a question that someone else has thought of?'' 
 The Devil's smile grows wider. His mouth is crowded with teeth. `` Nothing.'' 
 Ephraim pushes the brim of his hat up. His eyes narrow to tiny gleams beneath his brows. `` Nothing at all?'' 
 `` Nothing at all,'' the Devil replies. `` Now, if you please, we have a game to play.'' 
 `` Yes,'' Ephraim says. `` I suppose we do.'' 
 
 Ten years later, though with no more grey in his beard, Ephraim makes his first attempt. `` What question do I ask you that gets me my soul back?'' 
 The Devil chuckles and passes him the wrench Ephraim had requested a couple of minutes ago. Ephraim is going by Edward now. They're sitting on a girder high above a city that spreads out beneath them like a picnic blanket. Ephraim tightens a couple of bolts while the Devil contemplates his response. `` No, that wo n't do,'' Satan says at length. `` Daniel Carroway will ask that in a good hundred fifty years.'' 
 `` Hold up a tic,'' Ephraim says, rounding on him ( as best he can while maintaining his balance ). `` You never said that. You said'no one else had asked.''' 
 Satan has the decency to look a little sheepish. `` I suppose you're right,'' he says. `` Time gets a little muddled for me. Let's call it a draw for now.'' 
 `` Bullshit,'' Ephram replies. He adjusts his overalls. `` I won, fair and square.'' 
 `` You win,'' says the Devil, `` when I say you win.'' 
 
 Twenty-five years after his first attempt, Ephraim tries again. `` What question has never been spoken and will never be spoken again, save one time only?'' He's going by Robert now. 
 But the Devil only smiles his wicked smile and shakes his head. `` I do n't have to answer your questions, you know,'' he says. Then he pauses. `` You've aged remarkably well,'' he adds clumsily. 
 
 Then again, when fifty years have passed since his second attempt and eighty-five since the Devil first came to him, Ephraim ( now Michael ) gives the question another try. `` Does God exist?'' 
 But the Devil only tuts at him, as though he is disciplining a small child. `` Almost,'' he hisses. `` And no. There is no God.'' But he is a liar first before all things, and Ephraim knows this. 
 
 It is now a hundred and fifty years now from the deal. Ephraim now goes by two names, neither truly his. He texts someone he barely knows and looks around him. The Devil is there, of course. Ephraim has become increasingly aware that the Devil is everywhere. `` You have an attempt for me, I suppose,'' Satan says. He sits beside Ephraim at the bar. 
 `` Why do you think so?'' Ephraim asks. `` And I mean that seriously, not as an attempt.'' 
 The Devil looks contemplative. He notices some white fuzz on the collar of his suit and brushes at it. `` I'm not sure,'' he admits. `` But every time we've met for the past hundred and fifty years, you've made a guess. And failed every one, I might add.'' He orders a Tequila sunrise and sips at it when it arrives. `` Who were you texting when I walked in?'' he asks. 
 `` Oh, no one,'' Ephraim replies, then pauses. `` That's right, is n't it? I was n't texting anyone.'' He pulls the iPhone from his jacket pocket. It's a brick of inert plastic. 
 The Devil is unnerved. He shifts in his seat and downs the rest of the tequila. `` You're right. There's not even a bartender here.'' 
 He's right. The bar is empty. 
 `` Can you remember anything in which we did n't ask questions of each other?'' The Devil is curious, intense. It burns around him and fills the air with a faint scent of a wood fire on a summer night. 
 Ephraim thinks about it carefully. `` No,'' he says at length. Then: `` Where are we?'' 
 `` If the details are lacking, then it seems we are at the focus of whatever is going on,'' the Devil answers. `` And it is also the questions that you are asking me, since even we have little detail beyond that.'' 
 Ephraim nods. `` Yes,'' he says. `` That's it. This world is a facade.'' 
 The Devil reaches into the void between worlds and tears at it, tears with all the force of a creature that once ripped its screaming way from heaven. The heat of it melts the bar, melts the uninhabited city, sears away the asphalt from the roads. And in the midst of the vast chaos there is a hole, a hole through which they can see an office. The air is crowded with sounds, forklifts beeping, men shouting to one another, engines. 
 `` Who is that man?'' Ephraim demands, but the Devil can not answer. The man sits in a swivel chair at a computer, typing madly away. Ephraim reaches a thin, claw-like hand through the rift and taps the man on the shoulder. He whips around, confused, then frightened, but continues to type. Then he understands, and his typing stops. 
 
 Edit: formatting.
"," Narrated by **Satan/The Devil:**

From the depths of eternal torment, a bargain was proposed, not out of necessity but curiosity. An offer to a man, Ephraim, with various identities as elusive as the answer he sought. A simple game of billiards for his soul and the chance to ask an unanswered question.

The first encounter took place in a dimly lit billiards hall, where the clatter of balls echoed through the stillness. My adversary, Zeb, thought nothing of my presence, blinded by ambition and the allure of immortal knowledge.

Decades passed, and our encounters shifted across time and dimensions, from a picnic-blanket cityscape to unnamed locations where reality blurred with illusion. Each time, I watched as Ephraim donned a new alias, seeking an answer that would free him from his pact. But each question was met with disappointment - someone had thought of it before or the query failed to satisfy my enigmatic requirements.

The final meeting took place in a bar, seemingly ordinary until its deception was revealed. Through the cracks of this construct, I glimpsed an office - the key to understanding our illusory reality.

In that moment, Ephraim's realization pierced through the veil, and he pointed out the fundamental flaw in our existence: a man typing at a computer, controlling our reality as if it were but a story on a page. As we observed this puppet master, I could not help but feel a pang of envy for his god-like power.

Now, as I await Ephraim's next move in the game that will decide his fate, I am left to ponder the nature of our bargain and the limits of human ingenuity. Perhaps one day, Ephraim will find the question that outwits me, or perhaps he will accept the permanence of our dance across dimensions. Only time will tell.",2.0,0.0,4.0,1.0,3.0,,,5,11
